user;tanggal;score;content;;
obral Tas;18/04/2026;1;aplikasi error, tulisannya handshake failed, di android 9;;
Rochman Wijayanti;14/04/2026;5;okey;;
Mr 13;14/04/2026;1;sering error aplikasinya;;
zero enternity;13/04/2026;2;app membantu dan mempermudah customer .mau dikasih *7 ga ada, saya kisih ** dulu, app Honde e care loadingnya ngesot;;
Lukman Hakim;28/03/2026;5;good;;
Kartidie. E;25/03/2026;4;bagus dan bagus;;
IBenk Suyudi;18/03/2026;3;aplikasi nya eror yakk;;
Ki Suwandi;18/03/2026;5;sangat membantu;;
Farrij Odie;10/03/2026;1;"aplikasi tidak berfungsi dengan kendala ""tidak ada jaringan"" padahal koneksi internet baik wifi maupun seluler tidak ada kendala";;
Fadli Rahman;09/03/2026;5;aplikasihnya bgus;;
Yandri Gen;07/03/2026;5;Pelayanan dan informasi sangat baik;;
Didin Suhayadi;05/03/2026;5;puas bgt lah;;
joko sulistomo;05/03/2026;2;tgl 3-3-26 selasa kmrn servis tapi history belum nambah yg baru lemot amad nih aplikasi;;
Feri Sudirman;28/02/2026;5;pelayanan bagus terutama pak Budi selles nya cara marketingnya keren;;
Galih putra;30/01/2026;1;aplikasi tidak berguna, login berulang kali tidak bisa.;;
Ahmed Setiawan;19/01/2026;5;ok;;
Yoesuf;17/01/2026;5;ok;;
Galih Afrianto;07/01/2026;5;sangat sangat memuaskan;;
Muhammad Choiri;05/01/2026;5;Sangat baik pelayanannya;;
Atep syahreja official;02/01/2026;5;pelayanan nya luar biasa bagus banget;;
Rudi Salam;31/12/2025;4;aplikasinya sangat membantu konsumen seperti saya;;
Robet Sianturi;31/12/2025;5;Pelayanan sangat baik dan informasi yang di berikan sangat memuaskan;;
Armi Hindratno;30/12/2025;4;pelayanan bagus;;
Muhamad Indra;30/12/2025;5;aplikasi ini bagus cepat dan cara menanggapi nya bagus;;
Imam Ahmad;29/12/2025;5;pelayanan bagus;;
Nunung Sukaeti;29/12/2025;5;pelayanan baik dan ramah;;
Kusuma Ulin;29/12/2025;5;customer service bengkel sangat membantu, ramah dan byk kasih inpit baik ttg kondisi kendaraan kita. trima kasih;;
Jeka Putra;23/12/2025;5;pelayanannya ramah,ruang tunggunya dan menu yg tersedia mantap dan pastinya gratis snacknya. pokoknya puas;;
Mamur Deden;22/12/2025;5;pelayanan mwmuaskan;;
tar toe;20/12/2025;2;satu slot jam booking bisa diisi lebih dari satu mobil...antre2 juga tidak ada bedanya dengan tanpa booking untuk honda bintaro tolong dibenahi;;
Muhammad Zaini;19/12/2025;5;terbaik;;
ofiq fauzi ridwan;16/12/2025;5;bagus nih cs honda pelayanannya;;
Tega Wiratama;15/12/2025;5;aplikasi nya sangat membantu;;
rendy juna;12/12/2025;1;gagal terus, udh scan barcode udh data d nopol bener tetep aja salah pdhl kan ini motor data y bener d STNK;;
Limeria Sangga;08/12/2025;5;oke;;
zahidi kamaluddin;06/12/2025;5;pelayanan penjelasan cukup jelas , ramah dan menunggu sambil minum kopi.terimakasih.;;
Lindu Purnomo;01/12/2025;5;memuaskan;;
Fransisca Cas;18/11/2025;5;Pelayanan nya ramah dan bagus mengerjakan nya..;;
anna Nuraena;06/11/2025;5;pelayanannya bagus, sangat memuaskan👍;;
Dufia galon Dufia;04/11/2025;5;pelayanan nya sangat bagus,sales nya jg baik;;
sulis handoko;03/11/2025;5;bagus;;
Edi Nadia;30/10/2025;5;terima kasih;;
Rifka Argandini;29/10/2025;5;Baik, pelayanan bagus;;
Reza Aprianto;23/10/2025;5;bagus;;
Muh Taqwa;09/10/2025;1;Nopol tidak sesuai dengan data sebelumnya, berubah sendiri, di update tidak bisa;;
ALBERKO;07/10/2025;5;memuaskan;;
zainal jo;07/10/2025;5;sangat baik ,...;;
Heru Widodo;07/10/2025;5;penyampaian informasi mudah di mengerti, ramah dan nyaman.;;
elfridagusti gultom;05/10/2025;5;good service;;
Ani lim;01/10/2025;5;sangat bagus pelayanannya;;
Widi Fafa;22/09/2025;5;Honda magelang, Pelayanan service berkala ok, selalu mengingatkan customer dan melayani customer dengan baik, mantap honda tunas jaya magelang;;
jang fjr;13/09/2025;5;ramah2x smuanya ruang tunggunya nyaman skali;;
Aries7an;17/08/2025;5;Aplikasi cukup membantu proses service;;
Dafan Andriansyah;15/08/2025;1;gabisa masukin data kendaraan. ngebug trus force close;;
Doni Kurniawan;15/08/2025;1;habis di uptade , tidak bisa boking servis data2 ilang semua udh dimasukin ulang tetep g bisaa;;
Arjat Waiswa;12/08/2025;5;Cukup membantu;;
Dedi Supandi;10/08/2025;5;membantu;;
Sandi Kurniawan;28/07/2025;5;good;;
nani rosianingsih;26/07/2025;4;bermanfaat, tidak perlu ribet, tinggal catat semua keluhan ,pilih jam service beres;;
Dema Wikatama;15/07/2025;5;good app, easy to our car maintenance booked.;;
Adi Nugroho;14/07/2025;5;teknisinya ramah dan komunikatif dalam melakukan tugasnya,serta ruang tunggunya nyaman jaga terus kualitas pelayanan.;;
Kunto Aji;13/07/2025;5;aplikasi jelas membantu;;
Mas Bro;12/07/2025;5;layanan baik;;
Anton Lirpa;09/07/2025;5;sangat puas,dgn pelayananya.👍👍👍;;
Tody F;08/07/2025;4;praktis;;
Fatha Rachmana;08/07/2025;5;Bagus;;
Nasrum P2tl;08/07/2025;5;Sangat membantu untuk layanan service;;
Kusmulyadi Yadi;08/07/2025;5;mantap;;
Khairuddin;08/07/2025;5;Mantap;;
Muhammad Farikhin;07/07/2025;4;lumayan ok;;
Nasril Afriandy;07/07/2025;5;keren;;
Abam Sudrajat;07/07/2025;4;area untuk penulisan, penjelasan permasalahan, sangat terbatas. tambahkan jumlah kata yang bisa ditampung! misalnya maksimal 500 atau 700 huruf!;;
Wawan Gernawan;07/07/2025;5;mantap trus ya honda makassar indah;;
Trimana Trimana;06/07/2025;5;responsif;;
EMY CORINA;04/07/2025;5;puas;;
ning seputro;03/07/2025;5;pelayanannya sangat memuaskan;;
Echa Okdinata;03/07/2025;5;bagus;;
kartika dewi;03/07/2025;5;sangat efisien;;
Eka Cerya panca karsa;02/07/2025;5;mantap;;
soe onedy;02/07/2025;5;ok;;
muhammad jamil;01/07/2025;5;biasanya di Honda Union kini beralih ke Honda Bin tang Cimone;;
Andre Ferdian;01/07/2025;2;Pelayanan di Gajah Motor Bypass Padang kurang bagus, saya booking via aplikasi jam 08.30 padahal saya sudah standby sebelum jam 08.30 tetapi jam 08.45 baru dilayani, kalau karyawan Customer Service masuk jam 08.30 kenapa terima layanan service sebelum jam 08.30 ada, kan Customer jadi menunggu cukup lama untuk dilayani..;;
liberti siahaan;01/07/2025;3;Pelayanan memuaskan;;
Arif Hidayat;29/06/2025;5;ok;;
wahid efendi;27/06/2025;5;good;;
R Han;27/06/2025;4;ok;;
zaenal arifin;27/06/2025;5;good aplikasi;;
Komandan Crowns;25/06/2025;2;habis upgrade sering lelet;;
Sekarningsih aksa;24/06/2025;5;pelayanan baik;;
Amir Samsung;24/06/2025;5;pelayanan baik;;
Tri Pratiwi;24/06/2025;1;tidak bisa mendaftarkan mobil padahal sudah di coba berulang kali;;
Harmoko Studio;23/06/2025;5;membantu;;
Azalea Umaiza;23/06/2025;4;bagus;;
iwan jtk;23/06/2025;5;mantap praktis;;
Hms Team;23/06/2025;5;aplikasi bagus;;
noor ichsan;22/06/2025;5;adanya app ini memudahkan saya booking;;
Achmad Bustomi;22/06/2025;4;praktis;;
Yoga Asprila;20/06/2025;5;good;;
heru santoso;19/06/2025;5;layanan prima dan memuaskan;;
Milfa Yetti;17/06/2025;5;sangat baik;;
Setyawan ahmad;16/06/2025;5;good;;
eko kustiyanto;16/06/2025;5;sangat membantu customer;;
Soegiyanto Soelaiman;14/06/2025;5;Booking Service lewat Honda e-care nya sangat membantu sekali.;;
Arrayan Arrahahman;12/06/2025;5;Perfect;;
Gunawan Varta Adrian;11/06/2025;5;ok;;
Nanu Rudiyana Official;11/06/2025;5;Respon cepat, pengerjaan cepat dan sesuai;;
Pepen Ependi;10/06/2025;5;service berkala di Honda paling mantap;;
Victor Immanuel;09/06/2025;5;Pelayanan yang selalu memuaskan;;
Albar El Fajry;09/06/2025;5;memudahkan dalam booking service 😁👍;;
Bob Yanto;09/06/2025;5;Bagus;;
pancer lumbantoruan;08/06/2025;5;pelayanannya mantap;;
elpina Simanjuntak;07/06/2025;5;Honda Prima Harapan Indah pokoknya keren dan bagus bisa dipercaya🙏;;
turyanto 81;07/06/2025;5;mudah dan cepat;;
Tri M;05/06/2025;5;ok;;
ini iqbal;05/06/2025;5;sangat membantu aplikasi. sukses honda. masukan perbaikannya agar ditindaklanjuti;;
Indra Iriandi;05/06/2025;5;bagus;;
Garin Hendro;04/06/2025;5;pelayanan yg ramah , & serfis yg memuaskan;;
Santo Zen;03/06/2025;5;memudahkan booking service;;
MJ PRASETIO;03/06/2025;5;oke banget;;
HIDAYATULLAH AMK;02/06/2025;2;hbis update, menu tdk bisa klik apa²;;
Putu Kresna;02/06/2025;3;layar halaman utama tidak merespon ketika dipencet;;
Agung Praka;02/06/2025;5;ok pelayanan ny;;
Kasmudji Suprijanto;01/06/2025;5;Aplikasi nya mudah dan sederhana serta applicable....;;
Soekarno Hatta;30/05/2025;5;Aplikasi Mantap;;
florentina merry;30/05/2025;5;ok;;
Dedi Ramadhana;30/05/2025;3;menu aplikasinya tdk bisa d sentuh...;;
Lia Dahlia;29/05/2025;5;aplikasi ini sngat membantu;;
Edie Yang;29/05/2025;5;tanggal 27 update tiba2 pilihan dalam aplikasi tidak bisa di klik seperti booking,iklan dan voucher... namun ketika logout iklan bisa di klik...;;
Lexi Tular;29/05/2025;5;keren;;
Ririn Rahayu lestari;28/05/2025;5;semoga selalu terdepan dan amanah deker Honda Ahmad yani;;
sulistyo s;28/05/2025;5;mantap sangat membantu praktis booking service;;
Cepi BKK SMK Tri Mitra;28/05/2025;5;good;;
sukma pt;27/05/2025;5;Tempatnya nyaman;;
roza edison;27/05/2025;5;Terimakasih;;
Sumarsono PLN;27/05/2025;5;mudah dan menarik tampilannya;;
Muhammad Rozali;26/05/2025;5;Good Services;;
afdal wirakusuma;24/05/2025;5;sangat membantu;;
alex jhon;24/05/2025;5;bagus, informasi lengkap;;
Galih Surahamdani;23/05/2025;5;bagus pelayanan nya;;
alfan dikhwan;22/05/2025;5;Pelayanannya bagus;;
rikki saing saing;21/05/2025;5;pelayanan baik;;
akmal mulia;21/05/2025;5;aplikasinya sangat membantu;;
Yeyentimalla Edison;21/05/2025;5;Honda e-Care amat memudahkan booking servis. Keren!;;
Emile Parapat;21/05/2025;5;mudah navigasinya. sangat memudahkan;;
Djati asromo;21/05/2025;5;APROVE;;
Koes Rhiada;21/05/2025;5;👍👍👍👍👍;;
Terang Bersinar;19/05/2025;5;Sangat membantu sekali dengan adanya aplikasi ini.;;
Jannes Jans;19/05/2025;5;service di Honda IBRM cimahi luar biasa pelayanannya..;;
Yayan Prasetiyo;19/05/2025;5;pelayanan Bagus;;
Suddradjat Edy;19/05/2025;5;baguss dan cepat.;;
Kiki Hadi Wiratno;19/05/2025;5;oke;;
Fiko Perina;17/05/2025;5;terbaik;;
Nur Jaini;17/05/2025;5;sangat membantu;;
Husain Muchsen;15/05/2025;5;pelayanan selama ini baik;;
Kota Marabahan;14/05/2025;5;sangat baik pelayanan nya👍👍👍;;
Sukoyo;13/05/2025;5;aplikasinya mudah digunakan;;
Yadi andini;13/05/2025;5;pelayanannya sangan baik;;
heskiano goeltom;12/05/2025;5;good;;
yosep kusnandar;12/05/2025;5;good;;
Nopriati upit;12/05/2025;5;bagus sekali baru pertamakali;;
Dewa sugiarta;11/05/2025;5;baik;;
Ratna Saridewi;10/05/2025;5;dengan booking servis kita tidak perlu menunggu terlalu lama;;
Bambang Sunardi;09/05/2025;5;service excellence;;
Agung Gumelar;08/05/2025;5;good;;
Ade Sulaeman;08/05/2025;5;ok;;
Heru Prasetya;08/05/2025;5;bermanfa at;;
deni djanuar;07/05/2025;5;Mantap banget pelayanannya;;
Jaka;07/05/2025;5;pelayanan bagus;;
udine aladiners;07/05/2025;3;selama ini masih cukup puas pelayanannya;;
david aritonang;07/05/2025;5;mantap;;
Panca Adi;06/05/2025;5;bagus aplikasi nya;;
Amir Hamzah Amir;06/05/2025;5;pelayanan yg ramah dengan fasilitas yang nyaman;;
Hani Sofiyur;06/05/2025;4;the best;;
Jimmy Willis;06/05/2025;5;pelayanan service yg prima;;
Hendra Bayu (Bayu);06/05/2025;5;mudah daftarnya dan pelayanannya ramah;;
RMF Chanel;05/05/2025;5;mantap;;
Hery Rasya;05/05/2025;5;sangat sempurna;;
agus zulkipli;04/05/2025;5;Sangat Membantu;;
rijek sinambela;04/05/2025;5;bagus;;
Febrian Handayani;01/05/2025;5;simpel dan praktis;;
Abdul Hamid;30/04/2025;5;pelayanan dan service mantap;;
Muhammad Paksi Handoyo;29/04/2025;5;sangat membantu aplikasinya;;
teguh wahyudi - Kalila;28/04/2025;5;mudah digunakan dan informatif;;
M Kemal Tarikh;27/04/2025;5;aplikasi yang bagus untuk pengguna mobil Honda;;
Sah adam;27/04/2025;5;pelayanan sangat bagus, dan fasilitas nyaman;;
Fitri lestari;26/04/2025;5;pelanan baik dalam penyampaian juga detail murah senyum ok pokok nya;;
Saeful Anwar;24/04/2025;2;harusnya ada marketplcae suku cadang beserta harganya dari mulai bamper serta stir dll biar kami bisa ada rezeki tambahan Takutnya mahal kalo udah tahu harganya kan bagi kaum pas2an sudah bisa mengira-ngira kurang lbh segitu kalo datang ke ahas;;
Asep Syaripudin;22/04/2025;4;pelayanan baik tingkatkan lagi....;;
Mulkan Matondang;22/04/2025;5;service excellent;;
Adit Revan;22/04/2025;5;sangat mmbantu;;
Budi Hartana;21/04/2025;5;pelayanan selama ini sangat bagus;;
Moekayat File;20/04/2025;5;Memudahkan apabila mau booking, sementara belum ada kendala;;
Ilham Malik;20/04/2025;5;Aplikasi berfungsi baik dan sangat membantu.;;
Nono Sudiono;19/04/2025;5;ok;;
herrico pebriansah;19/04/2025;5;sangat membantu;;
Lukman Cahyadi;19/04/2025;5;good;;
Ambo Enre;18/04/2025;5;Good;;
Fran Nordiansyah;18/04/2025;5;Sangat membantu sekali, kedepan semoga lebih ditingkatkan lagi;;
Avica Cyi;18/04/2025;5;bagus;;
Aida Novianti;18/04/2025;5;pelayanan baik;;
Joko Bintang;17/04/2025;5;membantu sekali untuk booking service;;
ENJANG MUNIP;17/04/2025;5;Aplikasi user friendly;;
RikaSaswanti;16/04/2025;5;baguss;;
Eli Suhaeli;16/04/2025;5;setiap servis dari mulai penerimaan sampai pelayanan sangat memuaskan terimakasih Honda auto serang...;;
RUSDIANTOLaw advokat;15/04/2025;5;ok;;
Rita Trisno;15/04/2025;5;good job cepat aplikasi;;
Soeparna Soeparni;15/04/2025;5;pelayanan memuaskan;;
Grestya Ratu;14/04/2025;5;lokasi strategis;;
nilam sari;14/04/2025;5;baik;;
Dara Darel;14/04/2025;5;Kemudahan dalam penggunaan;;
Tico Wijaya;13/04/2025;5;bermanfaat;;
sou trisno;12/04/2025;5;sangat membantu dengan aplikasi ini;;
ahmad lanang;11/04/2025;5;sangat membantu;;
Iyan Rubiyana;10/04/2025;5;terbaik;;
Syamsul Bahri;10/04/2025;5;cukup memuaskan kami berharap ke depan lebih baik lagi;;
b fahd;09/04/2025;5;bagus;;
Resa Ahyadi; ST;09/04/2025;5;good;
kholili cnc;08/04/2025;5;booking service lebih mudah 👍👍👍;;
Fakih Fauzan;08/04/2025;5;lancar;;
agung Aminudin;08/04/2025;5;pelayanannya bagus;;
Nofvy Atmojo;08/04/2025;5;sangat membantu;;
Ramdani oke oke;08/04/2025;5;bagus;;
Husain Abdul Alim;07/04/2025;5;cara booking servisnya mudah;;
Angga Nugraha;07/04/2025;5;sangat membantu;;
Purwanta;06/04/2025;5;Pelayan bagus dan tepat waktu;;
Ernawatidrg Purwaningsih;04/04/2025;5;Service baik dan profesional;;
Abdi Negara;04/04/2025;5;sangat membantu sekali untuk perawatan maupun perbaikan mobil.. good job..;;
Win Saukani;02/04/2025;5;dengan booking service lebih enak dan ga ribet...stiap service berkala selalu mamakai aflikadi ini..👍👍;;
Ernie Taning;02/04/2025;5;Layanan Service Gratis Pertama sangat memuaskan;;
Andreas Tulus;02/04/2025;5;bagus;;
roissudin muhammad;01/04/2025;5;Tempat yang menyenangkan untuk kebutuhan Honda Anda;;
ricky po;28/03/2025;5;good app;;
Sondi Musa Sonjaya;27/03/2025;5;keren;;
Ariyonas Kristianto;27/03/2025;5;sangat membantu;;
priyo hardono;26/03/2025;5;mantabs... smooth bener aplikasi ini😃;;
mr kubond;26/03/2025;5;good;;
Zara Shaqueena Maharani;26/03/2025;5;👍🏼;;
Muhamad Nuroddin (PauL);25/03/2025;5;good;;
Artha labu91;25/03/2025;5;mantap;;
Master AssassiN;25/03/2025;5;nice;;
Senandung cantik;25/03/2025;5;mempermudah;;
Eni Hartini;25/03/2025;5;mudah untuk booking nya, 👍;;
Iman Kafadriansyah;25/03/2025;5;mudah, cepat dan tidak antri;;
Agus Widarto;25/03/2025;5;App Usher Friendly;;
Trisno Noer;24/03/2025;4;sangat bermanfaat;;
ronnurus shiddiq;22/03/2025;5;membantu sekali app ini;;
Eduard Ambarita Edo;22/03/2025;5;good;;
Naiva Zahra;21/03/2025;5;bagus;;
Ghufran Ardiansyah;21/03/2025;5;mantap;;
Taj Erwin;21/03/2025;5;mantab pelayanannya;;
agus izoer;20/03/2025;5;pelayanan yang sangat di butuhkan penggunaan kendaraan;;
Hendra Hadi;19/03/2025;4;proses booking cepat;;
Budiyanto Musafir;19/03/2025;5;very helpfull;;
Kusumastuti Lailiyah;19/03/2025;4;sangat membantu booking service;;
Wisty Wisty;18/03/2025;4;pelayanannya cepat;;
Herlim;18/03/2025;5;sangat membantu untuk booking servis berkala;;
eko hardiyanto;17/03/2025;5;mantab;;
Agoes Joko;17/03/2025;5;mantab;;
MR Bahua;16/03/2025;5;overall fasilitas honda e-care sangat membantu, thanks Honda kedepan lebih maju lagi;;
Joko Sulistiono;15/03/2025;5;bagus mantap;;
Adrien Presto;15/03/2025;5;ok;;
Agus Winarso2024;15/03/2025;5;semakin mudah booking servive;;
DEDDY OCTORA WIJAYA;14/03/2025;5;simple dan mudah;;
Soeswantoro Soeswantoro;13/03/2025;5;ok;;
Rinto Sdb;13/03/2025;5;mantap dan membantu;;
sulastri;13/03/2025;5;fast respon Terima kasih;;
Brian Mokolomban;13/03/2025;5;sangat membantu;;
Nandar Yanuar;13/03/2025;5;sangat membantu saat booking service, jadi ngak usah kebengkel pagi pagi;;
Cahyadi Harjanto;13/03/2025;4;sejauh ini lumayan;;
Dwi Agus Ardianto;12/03/2025;5;mantab dan terus dikembangkan;;
Haicel Chrisiyanto;12/03/2025;5;cool guys, no ribet;;
sugi harto;12/03/2025;5;Booking service mobil Honda yang mudah dan cepat tanpa kendala jarak dan waktu;;
Andy Jayanto;12/03/2025;5;memudahkan pecinta honda untuk service;;
agung pratama;11/03/2025;5;sangat membantu;;
Yuli Yuli;11/03/2025;5;mudah dan memuaskan;;
fajar hidayat;11/03/2025;5;melakukan service harus sesuai sop agar kebersihan. keamanan, perlengkalan kendaraan terjaga dg aman/baik.;;
Nendi Permana;10/03/2025;5;keren gak perlu antri;;
SOLEH HARTADI;10/03/2025;4;Mudah mudah cepet dan ga banyak biaya;;
Muhamad Rifani;10/03/2025;5;bagus sangat membantu;;
muhammad mahdhar;09/03/2025;3;voucher tidak bisa kami tulis;;
lukmanul hakim;08/03/2025;5;ok;;
Sayuti Ahmad;08/03/2025;5;bagus dan mempermudah untuk pelayanan service dan informasi lain nya;;
Ana Bell;07/03/2025;5;Pelayananya baik ,dengan hasil servic yg baik.;;
Aufar Quinsa;06/03/2025;5;great app,, memudahkan service mobil;;
Moch Fauzi;06/03/2025;3;Pada hp saya tab profil, kendaraan dan pesan tidak bisa di klik. Hp:poco x3 pro. Please Fixing a bugs. Thanks;;
Nadine Azkiya;05/03/2025;5;pengerjaan sangat teliti;;
Dimas Kartaraja;05/03/2025;5;SDH hampir 2 bln saya ajukan cleam waranty terkait Shok belakang brv prestige 2022 sya di Honda auto serang TDK ada kelanjutan, minimal ada pemberitahuan KPD knsmn harus gmn? Jadi saya anggap kebohongan waranty Honda nya TDK terbukti apalagi nanti ada masalah di bagian part lainya ( mesin) no saya terdaftar di Honda dan gampang menghubunginya;;
Reni Anjani;05/03/2025;5;mantab sangat membantu;;
widodo jiwanggo;04/03/2025;5;pelayanan yang sangat baik ke Customer;;
Yulian Yulian;04/03/2025;4;pelayanan cukup baik;;
Bambang Hermawanto;04/03/2025;5;cukup bagus;;
Herman Syah;03/03/2025;5;lebih praktis;;
Bradewa Garudatullah;03/03/2025;5;mantap;;
Alfi Rahmanto;03/03/2025;5;Sangat Bermantaat & Membantu, Terima Kasih;;
Sri Warmayanti;03/03/2025;5;Pelayanan Honda sangat bagus terhadap pembeli, cepat, dan informaainya mudah di mengerti, sehingga pembeli meras puas belanja di honda.;;
BOS BESAR;03/03/2025;1;krg dengan org bengkel tepatnya honda kumala karawang;;
Gayus Sumarno;03/03/2025;5;Tempat nyaman dan pelayanan cepat;;
andrie prajuniartho;03/03/2025;5;ini sangat membantu sekali;;
Nurkhanah Harmaji;02/03/2025;5;mudah bokingnya;;
Zenless Project;02/03/2025;1;Ga bisa di daftarkan kendaraan nya;;
agus kuncoro;01/03/2025;5;Sudah 4 kali service berjalan dengan baik, kecuali service terakhir disarankan spooring... 🤭;;
Fredy eka;01/03/2025;5;merasa puas...;;
Perkumpulan Sanggar Silibet;28/02/2025;5;mantap;;
Gunadi Saputra;28/02/2025;1;harus di perbaiki lagi mau masuk login kata sandi aja susah dan kenapa ada waktu di jatah 5 menit sedang kn kita mau servis mobil aja harus ribet seperti ini,gimana mau bersaing dengan yg lain;;
Dede Kusnandar;28/02/2025;5;Ok memudahkan booking servis, dll;;
Capt Moralis;28/02/2025;5;oke;;
Asep Slamet;28/02/2025;5;oke;;
kartini amainah;28/02/2025;5;cepat sigap ramah dan teliti dlm service;;
Maria Ulfa;27/02/2025;5;pelayanan bagus;;
IRWAN TEZA;27/02/2025;5;terbaiiiiiiikkkk......;;
Andri Yanto;27/02/2025;5;Alhamdulillah bermanfaat;;
far dholi;26/02/2025;5;alhmdllh pelayanan sagat baik dan tempat tunggu sangat yaman;;
Andi_Awan Chanel;26/02/2025;5;informatif dan Solutif;;
Arui Ramadhani;26/02/2025;5;pelayanan ok;;
NUR SODIK;26/02/2025;5;good;;
rahyu rahayu;26/02/2025;5;sangat mudah sekali;;
Jo Vanka;25/02/2025;3;sering error aplikasi ini ga bisa di gunakan;;
Pranata Kesuma;24/02/2025;5;Sangat membantu;;
Putu Anindita Saraswati Wiguna;24/02/2025;5;bagus;;
Nas Rullah;24/02/2025;5;sangat memuaskan;;
Cam Copyright;24/02/2025;5;mudah dan praktis;;
robi vernandes;23/02/2025;5;baik;;
Syahripul Mahya;23/02/2025;5;mantap;;
Urip p;23/02/2025;5;ok;;
MR Kurnia;22/02/2025;5;kereen;;
Pahmi Ami;21/02/2025;5;memuaskan;;
mukhammad toha;20/02/2025;5;good;;
Heri kLunting;18/02/2025;5;sipp, memudahkan pelayanan;;
Hendra Alfaridzi;18/02/2025;5;Pelayanannya memuaskan;;
Prarit Subratha;18/02/2025;5;ok, tingkat kwalitas perbaikan;;
Putu Shyera;18/02/2025;5;sangat bagus;;
Arik Purnomo;17/02/2025;5;lebih mudah;;
Valcres;17/02/2025;5;jossss;;
Sigit Wahyudi;17/02/2025;5;Sangat membantu👍;;
Jeje Mulyana;16/02/2025;5;mempermudah untuk jadwal servis dll;;
Rudi yanto;16/02/2025;5;mantap;;
miki mahardi;15/02/2025;5;ok;;
maryadi lagi;15/02/2025;5;menpermudah ambil no antrian;;
Deni Tujuh Sembilan;14/02/2025;5;mantap;;
Rizky Syahdan;13/02/2025;5;sangat membantu aplikasinya;;
Widiono pinot;12/02/2025;5;Service Honda selalu di sini. Tempatnya nyaman. Pelayanan baik.;;
rifki ade;12/02/2025;5;mantap;;
ALPATH story;12/02/2025;5;pelayanan sangat bagus skali,detail bagus;;
Arvin Wijianartha;12/02/2025;5;Honda i-Care adalah layanan purna jual yang ditawarkan oleh Honda untuk memberikan kepuasan pelanggan. Layanan ini mencakup berbagai aspek, mulai dari perawatan berkala hingga perbaikan kerusakan. Pengalaman saya dengan Honda i-Care cukup positif, meskipun ada beberapa poin yang bisa ditingkatkan. Kelebihan: - Kemudahan Akses: Menjadwalkan servis melalui aplikasi atau website Honda i-Care sangat mudah dan praktis. Sistem online ini memberikan informasi yang jelas tentang jadwal, biaya, d;;
Muslihin Muslihin;12/02/2025;5;sangat baik;;
Happy Trisna;12/02/2025;5;Ok;;
Rumah Baru;12/02/2025;5;Pelayanan profesional;;
iank Febriansyah;11/02/2025;5;Menu Inbok tidak bisa di buka.;;
DVT;11/02/2025;5;sangat baik;;
kabar viral borneo;10/02/2025;5;aplikasi ini sangat membantu untuk booking service tanpa harus repot antri lg..bisa tentuin sendiri waktu buat service nya;;
Juan Apriyana;10/02/2025;5;mempermudah;;
TEGUH PUJIATMOKO;10/02/2025;5;aplikasinya enak di pakai;;
dwi mazanova;09/02/2025;5;mudah, mantap Honda;;
Yadi Suharyadi;09/02/2025;4;Sangat membantu;;
ERIANSJAH LESMANA;08/02/2025;3;Butuh penjelasan respon Honda utk kebocoran ban bagi CRV Hybrid krn tidak punya banyak serep;;
Wahid Surahman;07/02/2025;5;ok sangat bermanfaat;;
beni oktopiansah;07/02/2025;5;Aplikasi ini sangat membantu saat mau service berkala dan layanan darurat. terus sempurnakan fiturnya;;
Rifqi Ahmad;07/02/2025;5;bgus;;
edwin gustiawan;06/02/2025;5;top;;
suyadi cakra;06/02/2025;4;idem;;
Rizal Falani;06/02/2025;5;siiip;;
Vera Wati;05/02/2025;5;mempermudah;;
Uum Pajriah;05/02/2025;5;ok;;
sugeng 1575;05/02/2025;4;aplikasi bagus, membantu dan memudahkan customer;;
Emha Hussein;04/02/2025;5;Pelayanan cukup bagus;;
Stepanus Catur Prasetyo;04/02/2025;5;mantap;;
Open World;03/02/2025;5;Pelayanan Honda yang sangat ramah;;
Angga eka ardhista;03/02/2025;5;sangat membantu untuk booking servis;;
Romli Romli (asep);03/02/2025;5;bermanfaat sekali;;
Mamun Nawawi;03/02/2025;5;pelayanan nya baik dan ramah;;
nanda Najmi;02/02/2025;5;detailnya lengkap mudah diakses trnsparan dlm pengerjaan service kendaraan👍;;
Ninis Anggraini;02/02/2025;5;bagus;;
Rahayu Sri wastuti;01/02/2025;5;semuanya jadi lebih mudah dan cepat;;
erwin susanto;01/02/2025;3;sering diminta update app;;
emir muslim;01/02/2025;5;pelayanan cepat;;
Ruwadi Budiman;01/02/2025;5;Lancarkan semua situs;;
Marcho Vicenso;31/01/2025;4;sejauh ini aplikasinya berjalan dengan baik;;
bramantya kurniawan;30/01/2025;5;mantap;;
Erna Londa;30/01/2025;5;Respon cepat;;
Mecca channel;30/01/2025;5;pelayanan prima;;
Munib Al Ikroom;30/01/2025;5;Pelayanannya sangat baik dan ramah tempatnya nyaman👍👍👍👍👍👍👍;;
dian anggraeni;30/01/2025;5;Simple;;
wahyu eko;29/01/2025;5;bagus untuk semua keseluruhannya;;
Dhani Darmawan;29/01/2025;5;sampai saat ini aplikasi ini sangat membantu 👍🏼;;
Dennis Sitompul;29/01/2025;5;nice;;
Usman Yusup;28/01/2025;2;Aplikasi tidak ada reminder booking, klo lupa ya percuma saja.. harusnya ada reminder dan menu re-schedule.;;
yahya setiawan;27/01/2025;5;good;;
nyimas dewi;27/01/2025;5;sangat membantu dengan adanga honda e-care;;
Ahmad Latif;27/01/2025;5;sangat membantu;;
erwin ardiansyah;26/01/2025;5;oke;;
Yobi Efrizal;25/01/2025;5;siip;;
Enal UMTL;25/01/2025;5;penanganan cepat;;
Rinaldi Afriyanto;24/01/2025;5;mudah digunakan.;;
Yuli Nurul;24/01/2025;5;memudahkan untuk booking service;;
Gusti Herry;24/01/2025;5;keren;;
Leo Firlianda;23/01/2025;5;ringkas dan mudah digunakan;;
Wahyu Perdana;23/01/2025;5;mantap;;
Wahyu Trihandoko;23/01/2025;5;Aplikasi sangat membantu sekali walaupun ganti atau tambah unit mobil Honda lainnya;;
Agus Suherie;23/01/2025;5;dengan adanya booking service memudahkan pelanggan untuk daftar antrean online.;;
Dandan Wicaksono;22/01/2025;5;Bagus dan ada catatan maintenance;;
Budi yanto;22/01/2025;5;good;;
Edy Hate;21/01/2025;5;mantap lancar;;
Ridwan Habri;21/01/2025;5;Terpercaya;;
Shandy Sorby;20/01/2025;5;Sangat bagus;;
Yanti;20/01/2025;5;Sangat bagus;;
Rudiyanto java;20/01/2025;5;sangat mudah;;
Sapto Nugroho;18/01/2025;5;sangat responsip dan membantu dalam booking service;;
Hanif Aufa Diony Nandana;18/01/2025;5;keren..;;
DEDY WIDODO;17/01/2025;5;lebih mempermudah;;
YOGA SETYAWAN;17/01/2025;5;good Job;;
Mahmud Yunus;16/01/2025;5;mantap;;
Hadi Prabowo;16/01/2025;4;pada pengisian : tanpa service berkala hanya satu pilihan yaitu 72 bulan/120.000 km. Sebaiknya bisa diisi sesuai km mobil;;
Ayam penyet ABP;15/01/2025;5;Mantep;;
Deddy Winoto;15/01/2025;5;adanya booking service dari honda e-care sangat membantu sekali, good job👍👍👍;;
Nasyiah 73;14/01/2025;4;masih agak bingung;;
marsen renold;14/01/2025;5;sangat puas;;
Arief Rian Abidin;14/01/2025;5;bagus aplikasi sangat membantu;;
Rohmat Hidayat;14/01/2025;5;ok;;
Floriberta Binarti;13/01/2025;4;agak ribet di awal karena harus nunggu verifikasi data;;
Imam Nurwahyudi;13/01/2025;5;mantap;;
raeli rofsasantani;13/01/2025;5;bagus;;
Didin Ruhudin;13/01/2025;5;honda e care memudahkan customer;;
Rafael Benjamin93;13/01/2025;5;mempermudah proses booking service 👍;;
Mohammad Idris;13/01/2025;5;ok sangat berguna;;
Delila Sandra;11/01/2025;5;pelayanan maksimal;;
GenoL Sudarsono;11/01/2025;5;Booking service yg mudah dan tidak ribet;;
Sony Petrus;09/01/2025;5;pelayanan cepat ...pertahankan selalu;;
supri iday;08/01/2025;5;baik;;
Rizal Fadli;08/01/2025;5;pelayanan sangat baik;;
Yundy Tamulu;08/01/2025;5;sangat membantu;;
Vicko Devino;08/01/2025;5;sangat membantu;;
MyCR-V;07/01/2025;3;Sudah bagus, hanya perlu di maksimalkan lagi keterangannya, Contoh Asal mobil dudapatkan dari mana atau tempat pembelian Mobilnya/Motornya, Mutasi dserahnya, atau riwat lengkap terkait Mobil/motor termasuk pindah tangan. Ok Terima Kasih;;
Mank Oedjank;07/01/2025;3;klu playanannya baik tambah jd bintang 5;;
Yoga Purnomo;07/01/2025;4;lebih berguna dan bermanfaat jika ada asumsi rincian biaya service yang di perlukan;;
Aroy Sandria;07/01/2025;5;mantapp;;
Yosep Arif Budiawan;06/01/2025;5;Ok;;
Franky Gerungan;06/01/2025;5;good;;
Sayogi88 Yogi;06/01/2025;5;oh yes banget;;
Gede Data;06/01/2025;5;Pelayanan sangat bagus cepat di mengerti memuaskan;;
Andreas Mulyatno;06/01/2025;3;agak ribet;;
Dizi Budianto;06/01/2025;5;tidak perlu menunggu antrian service;;
Abdullah Shahab;06/01/2025;5;praktis;;
Tri Krisdianto;06/01/2025;5;Mantabs;;
Sudirman Iman;05/01/2025;5;mntappp;;
Hamruni;04/01/2025;5;bagus dan membantu costumer dalam melakukan booking service dan lain2;;
rakha rajendra;04/01/2025;5;pelayanan bagus;;
Machnun Kediri;03/01/2025;5;ok mantap.;;
ibnu mukhlis;03/01/2025;4;ok.mantap;;
Nuir isra Arahap;03/01/2025;5;sangat membantu dan the best untuk honda;;
Tirta Sudirmam;02/01/2025;5;pelayanan ramah,,dan sangat baik;;
Yakub Usuli;02/01/2025;4;sejak sevice berkala yg pertama s.d sekarang sy sllu menggunakn aplikasi Honda e-Care ut booking service, sbb lebih mudah & sllu mendapatkn prioritas dlm pelayanan...;;
Fahrurazi Tarok;02/01/2025;5;mantap;;
Ifan;01/01/2025;5;boking lancar;;
masrul nazaruddin;01/01/2025;5;Aplikasi bagus, sangat membantu;;
Kurnia Endah Lestari;31/12/2024;5;ok punya swipp;;
Liston Sirait;30/12/2024;5;Sangat puas;;
ZAENUDDIN EFFENDI;29/12/2024;5;Dijelang akhir tahun 2024 dan memasuki awal tahun 2025, semoga Honda IKM Ciledug semakin ber JAYA dan semakin SUKSES di tahun 2025 ini. Aamiin.;;
Zainul Irfan;29/12/2024;5;Bisa booking Service Online disini;;
mashudi;29/12/2024;5;pelayanannya sangat memuaskan;;
Bendul Merisi;28/12/2024;5;menu mudah dipahami;;
jj a;28/12/2024;5;okay;;
Muhammad Roffi;28/12/2024;3;Biasa saja;;
Muhammad Ali;27/12/2024;5;sangat membantu terutama untuk pemesanan boking services kami yg berlokasi jauh dari dealer/bengkel honda;;
Prima Hikmat Septian;27/12/2024;5;Mantapp aplikasinya, memberikan kemudahan dalam pendaftaran service;;
Riyan Indriyanto;27/12/2024;5;ok;;
Loeysito Sie;27/12/2024;5;aplikasi nya oke sih;;
Riyadi Santoso;26/12/2024;1;aplikasi tidak bisa di pakai;;
M.R. Ibnu Romadhan;26/12/2024;5;Memudahkan dalam booking service dan update informasi layanan honda lainnya;;
Heru Subroto;26/12/2024;5;good;;
Taufiq Rachman;26/12/2024;5;aplikasi nya bagus dan sangat membantu untuk service dan emergency;;
Eko Agustian;25/12/2024;5;Fast dealer response, good problem handling & solving, comfortable communication;;
Estiyanto Sri Nugroho;25/12/2024;5;aplikasi cukup membantu, kekuranganya adalah tidak ada menu perhitungan estimasi biaya service;;
jane stanley;24/12/2024;1;Aplikasi tidak mendukung LOG IN SIDIK JARI;;
Cahyono Puspodiharjo;23/12/2024;5;pelayanan nya bagus, baru booking 1 hari langsung di kerjain ama beres 👍;;
Abdul Dolah;23/12/2024;5;GooD Aplikasi from Honda e care...;;
bagus sharp denpasar;23/12/2024;5;Mau tanya itu bagaimana cara membuka dan mau baca kotak pesan ya , kok gak bisa di klik sama sekali min;;
Ade Irfan;23/12/2024;4;jadi lebih cepat dan efisien;;
Melly Aryani;22/12/2024;4;Ini kenapa ya aplikasinya ngga bisa dibuka, minta di update tapi ngga muncul ngga bisa di-update. Jadinya sekarang di-update ga bisa, dibuka juga ga bisa. Gimana ni?;;
Christian Bernhard;22/12/2024;5;ok;;
Fachry Amirudha;21/12/2024;5;mantapp;;
Ardi Nugroho;20/12/2024;5;Good !!!;;
Hery Trijantan;20/12/2024;5;Pelayanannya sangat cepat dan baik,pertahankan dan tingkatkan.;;
wahyudiyono yudi;18/12/2024;4;susahnya menganti nopol lama dgn nopol baru;;
Nafthalena Lena;17/12/2024;5;sangat baik dan mudah;;
Andri Christian;17/12/2024;5;sangat membantu;;
Tri Wahyuni;17/12/2024;5;Mantap. Sangat membantu sekali;;
Frandika Septa;17/12/2024;5;mantap;;
Arif Permono adi;16/12/2024;5;Sangat membantu untuk pengecekan;;
Fajrin Hutabarat;16/12/2024;5;keren utk layanan konsumen;;
WhydblacK;16/12/2024;3;sparepart cab palu maaih kurang ready;;
Jumrah Suherman;15/12/2024;5;good;;
Budi Manfaat;15/12/2024;5;Terimakasih atas layanannya yang selalu memuaskan.;;
Ridwan Rosyadi;15/12/2024;5;bagus service appsnya;;
Agus Setiono;15/12/2024;5;bagus banget;;
Yoqi Muttaqien;14/12/2024;5;sangat mudah dan membantu;;
ZKZ;14/12/2024;5;mantul banget;;
Ardan Syarifuddin Kadir;14/12/2024;5;good;;
Maryanti Tirtowijoyo;14/12/2024;3;masih membingungkan;;
Andrian Bella;14/12/2024;2;Sering logout sendiri dan susah untuk login kembali;;
Yudi Hendra;13/12/2024;5;mantap, cepat dan gampang;;
Diandra Raditya;13/12/2024;1;Bug nya banyak banget sinyal full plus wifi gak konek² bener² ni aplikasi;;
Andik Blueagel;13/12/2024;5;booking lebih efisien;;
Mokhamad Sirojudin;12/12/2024;5;mantap;;
Sigit Aryanto;12/12/2024;5;jhoss gandhos;;
Firman Sitohang;12/12/2024;5;Coba dlu;;
Dani HD;12/12/2024;5;aplikasi yg mendukung mempermudah booking service dan informasi informasi yang lainnya;;
Alex;10/12/2024;5;Baik;;
jackson jackson;10/12/2024;5;mantap sekali;;
ROMMY SULING;10/12/2024;5;oke oke Mantap;;
Euis Selvia;09/12/2024;5;Jadi gampang buat boking servicenya;;
Gufron Alkiandra;09/12/2024;4;sepp dah..;;
M Tri Wardoyo;09/12/2024;5;ok sangat membantu;;
Mkdarhdm;09/12/2024;5;👍🌹;;
zay zay;08/12/2024;5;good;;
supriyadi;08/12/2024;5;pelayanan bagus;;
M khoirul Hamzah;08/12/2024;5;sudah memadai dan pertahankan;;
Fearman Syah;07/12/2024;5;sangat membantu. trimakasih;;
Slamet Munaji;07/12/2024;5;good;;
al hafi;07/12/2024;5;ok;;
Ami Seba;06/12/2024;5;pelayanan baik dan cepat respon petugasnya, ruang tunggu dan fasilitasnya baik;;
sarniti apt;06/12/2024;5;sangat mudah di mengerti;;
Jeane Ratunuman;06/12/2024;5;Sangat membantu;;
Lufthy Safwan;04/12/2024;5;good;;
Neils Hunt;04/12/2024;5;Keren layanannya;;
widarto darto;04/12/2024;5;mudah dalam melakukan pendaftaran;;
Danny Setyanto;04/12/2024;5;App yang memudahkan;;
ben sasongko;02/12/2024;5;fungsional banget;;
Abas Basrurowi;02/12/2024;5;Mudah digunakan, dan berguna banget. Saran : Hp Android Tema Gelap, kursor huruf tidak muncul;;
rismawati wati;02/12/2024;5;Menarik;;
Ferry Nurdiansyah;02/12/2024;5;nice APP;;
Opik Gaming;02/12/2024;5;mantul;;
Nasution Iqbalkadir;01/12/2024;5;mantap;;
Agus Suroto;01/12/2024;5;Gampang akses dan prosedur nya. Membantu memudahkan pemilik Honda merawat mobil. Banyak Promonya juga.;;
BAYANAKA Susanto;29/11/2024;5;aplikasinya bagus mempermudah customer dan maintenance kendaraan;;
Edi Wicaksono;29/11/2024;5;Baik;;
Gianluigi Gibran;29/11/2024;5;good aplikasi;;
Pangadilan Sinaga;28/11/2024;1;Gila cuman ngecek2 aja GK ad d lihat mahal x bayaran a mending ke bengkel yg d kenal aja dri pada ke dealer;;
Ferdinand Simamora MSc;28/11/2024;5;memuaskan;;
King Alekdjuma;28/11/2024;5;harus byk yg free dan promo;;
Hendricus PJ;26/11/2024;5;durasi waktu pengerjaan service rutin kalau bisa lebih cepat;;
Erik Gian JRA FAMILY OFFICIAL;26/11/2024;5;Salah satu aplikasi yang sangat bermanfaat untuk perawatan kendaraan Honda. Alur proses yang simple sehingga memudahkan customer untuk berinteraksi👍Sukses untuk Honda💪;;
Andika Gifari Dwitama;25/11/2024;5;Aplikasi yang sangat membantu untuk servis mobil. Prosesnya mudah dan cepat;;
Ahmad Syafii;25/11/2024;5;Baik;;
Rian Rizaldi;25/11/2024;3;system masih slow respond;;
HMBE68;25/11/2024;5;honda e-care is excellence services.....👍;;
Maman Sadapotto;25/11/2024;5;mudah Di Akses;;
Didi Saputra;25/11/2024;5;oke juga;;
Fasih Fasih;21/11/2024;5;ok;;
Esa Adetama;20/11/2024;5;baru coba;;
mang kadick;20/11/2024;5;mantap;;
ns 71;20/11/2024;5;Bagus aplikasi nya , mudah digunakan;;
Handi Speed;19/11/2024;5;terbaikkkkkkk;;
Arya Hakiem;19/11/2024;5;pokoke is the best;;
Miftaqul Ulum;19/11/2024;5;👍;;
BASARI BACHRI;19/11/2024;5;layanan profesional;;
ibrahim triadi wibowo;17/11/2024;5;aplikasi sangat ok;;
Istahal Ammar;16/11/2024;5;bagus;;
jhonveris alvredo;14/11/2024;5;respon cepat;;
Pia Kinaa;14/11/2024;5;Aplikasi sangat membantu;;
Muhammad Nur;14/11/2024;5;ringkas;;
Fahma Kurniasih;14/11/2024;5;pelayanan baik;;
diskop_ukm jeneponto;13/11/2024;2;kalau bisa waktu pengerjaannya lebih pendek lagi;;
Togu Manurung;13/11/2024;5;sangat membantu..;;
Arman Hermawan;13/11/2024;5;pelayanan nya ramah, bagus, keren dah LPPM;;
Sarah;12/11/2024;5;sangat bermanfaat;;
yudhi suryanata;11/11/2024;5;bagus dan terpercaya;;
Sarti Ningsih;11/11/2024;5;bagus;;
Bungaa Gwoon;10/11/2024;5;mempermudah proses dlm antrian boking service;;
euisaat sukandar;09/11/2024;5;terimakasih atas pelayanan yang luar biasa;;
• KawaiiCookieCupcake •;02/11/2024;1;berulang2/sering minta verifikasi berulang2.& ganti2 password;;
syihab mochza;02/11/2024;5;aplikasi yang membantu proses service berkala ajib bre;;
Bobby Orboy;30/10/2024;5;Bagus;;
Bhien90 Sip;30/10/2024;5;membantu dan cepat;;
Muhammad diah;22/10/2024;5;Amal didunia;;
didiet dinarta;22/10/2024;4;Memuaskan;;
Priyo Utomo;10/10/2024;5;Pelayanan baik;;
Eka Prasetya;07/10/2024;3;setelah update kemarin kok malah tidak bisa dibuka.;;
BUDI SANTOSO;07/10/2024;1;Jelek banget;;
bambang heryanto;03/10/2024;5;Memuaskan;;
Januar Chandra;18/09/2024;5;Sangat membantu;;
Pudjianto Pudjianto;07/09/2024;5;Sy selaku pelanggan Honda HI selama ini tdk ada kendala yg berarti yg saya temukan...tks;;
Muhammad Irham;03/09/2024;5;ok;;
Ferry Widjaja;31/08/2024;5;Sebenarnya bagus, hanya tidak ada feature progress servicenya;;
Lili;28/08/2024;2;Error terus saat mau booking service - pemilihan dealer;;
alec jeep;28/08/2024;5;Mantap;;
Selfidevira 16;13/08/2024;5;Sangat memuaskan ramah dan baik semua petugas nya .selalu berikan yg terbaik buat belanggan nya;;
prasetyo 8787;04/08/2024;5;aplikasi ini sangat bagus;;
Dharma Yasa;29/07/2024;5;Sangat memuaskan petugasnya sangat ramah dan cepat dalam pelayanan;;
Yusuf Hadikusumah;18/07/2024;5;Pelayanan ramah dan cepat;;
Dicky Andrianto;25/06/2024;5;Pelayanan ramah dan profesional;;
UGENG GENA A PUTRI;23/06/2024;5;Sangat memuaskan;;
Malaikat Shubuh;23/06/2024;5;Nice Nice;;
Haerul Hamka;19/06/2024;5;Pelayanan Sales sangat memuaskan;;
Har Min;18/06/2024;5;Tanks atas petunjuknya;;
Samsung J7;16/06/2024;5;Pas;;
Danny Depramez;11/06/2024;5;Mempermudah proses booking service;;
Tonni Budiardjo;30/05/2024;5;Good;;
ali hanafi;27/05/2024;3;Tidak ada estimasi biaya servis, kedepannya mungkin bisa ditambahkan;;
Muhamad Farhanreal;18/05/2024;1;Suruh daftar tapi nungguin kode verifikasinya lama amat si;;
Kenzy Vip;14/05/2024;1;Kok gk bisa tandain lokasi gps aktif semua mau boking service maah susah;;
amiruddin abbas;11/05/2024;5;Responnya Cepat dan tepat waktu;;
Lexy Lusiono;08/05/2024;4;Mhn pencerahannya utk memindah mobil dari akun orang ke satu karena saya membeli mobil yg sdh terdaftar di honda ecare. Tks;;
Wardiar Mento;06/05/2024;5;Terima kasih saya sudah bisa register, sudah satu Minggu dicoba baru bisa hari ini, setelah di call me dari Honda pusat terimakasih Honda pusat bantuan nya;;
Sunaryo;05/05/2024;5;Oke;;
Jupriansyah;05/05/2024;1;Setelah update malah tidak bisa di buka ,error path;;
Fari Suriady;05/05/2024;1;Aplikasinya jelek, ndak beres, akhirnya di hapus.;;
Nola Ponsel;25/04/2024;5;Baik;;
Boby Permana;23/04/2024;1;Tolong bantuannya, aplikasi honda saya logout sendiri dan login lagi tidak bisa, keterangannya user id dan password salah. Di reset password dengan user id yg sama berhasil diubah, tapi di login dengan password yg sudah diubah keterangannya user id dan password salah. Dicoba berulang2 kali reset password dan login kembali keterangannya masih tetap sama.;;
Ali Yusuf Tumanggor;19/04/2024;4;Apk cepat respon;;
Tn. Triardi Syamsudin;15/04/2024;5;Servis kendaraan jadi mudah;;
Way Nonong;09/04/2024;1;Sebaiknya tdk usah pakai lampiran KTP, stnk saja cukup, jadi makin susah registrasi nya, padahal dulu sy sdh download dan kendaraan sdh terdaftar...skr malah susah memasukkan daftar kendaraan, tlg dibantu;;
Toni Men;05/04/2024;2;hari ini benar2 berasa dirugikan, mau service berkala tapi tiba pas mau bayar, tagihan nya di service tambahan banyak yg kita ga tau, tiba2 ada, sperti, wax body, cleaning glass dan perbersihn ac dll, sampai 2 jutaan, total 5 jutaan, di awal ga di kasi tau, knp bisa di masukin service tambahan sperti itu, padahal mobil sy pakai stiket wrapping full body, apa nya yg mau di wax body dan cleaning glass, mahal lagi, nipu2 halus caranya bgitu, @hondatebet;;
Murahmat Jansen;02/04/2024;4;Memudahkan bagi konsumen untuk melakukan perbaikan atau penggantian spare part mobil, bisa melihat riwayat perbaikan yang telah diperbaiki;;
tode kanasaki;02/04/2024;5;izin kak, booking tidak bisa di hari H, apakah menjamin dapat antrian jika langsung datang (pagi) ? trus masukan aja kak, untuk ketersediaan sparepart, alangkah baiknya sesama honda bisa nge-link (berkordinasi via telp, wasap), jadi kita konsumen ga random datangi cabang hanya untuk menanyakan ketersedian spare part, terimakasih, maaf bila ada kata yg kurang berkenan;;
Risang Ardi Toni P;01/04/2024;2;Aplikasi berhenti di 99% ketika di update, lalu aplikasi di hp tampilan info nya menjadi kosong. Akann kembali klo sudah diperbaiki;;
Ar Wahyu Pradana;30/03/2024;3;Sering crash bg dev keluar2 sendiri, terutama waktu di home page. Ada bug notif juga, semua pesan sudah diklik tp masih ada notif pesan tertinggal. Sudah coba relogin masih sama hasilnya.;;
zakia ridwan;22/03/2024;1;Aplikasi susah dipahami;;
Kanda Cong;22/03/2024;5;Sangat baik;;
Anggi Herdianto;18/03/2024;1;Gak bisa masuk, kolom email tidak bisa di isi;;
Wiwit Priyo S;16/03/2024;1;Mau masuk pertama kali, malah baris email-nya nggak bisa di klik..jadinya nggak bisa masuk.. trus gimana ini? Niat mau servis ke beres, nggak jadi akhirnya..;;
mura muri;12/03/2024;5;Ok sip;;
Wilryansaputra Ryan;06/03/2024;1;Update app ngebug;;
RR Aksesoris Sumbawa;27/02/2024;1;Vitur terbaru (rem/berhenti otomatis) new HRv benar2 membayahakan, hampir 3x saya dibuat celaka;;
yos suryadharma;12/02/2024;1;Kolom email tidak bisa dimasukan saat hendak menambahkan kendaraan pada aplikasi , tidak bisa disimpan karena email belum terisi;;
Raisza Ayunda;12/02/2024;1;Susah banget untuk tambah kendaraan semua salah, harua dibenahi lagi aplikasinya sangat tidak bermanfaat;;
Luky Ariesta;07/02/2024;1;sdh ke tujuh kali.... tetap tidak masuk;;
Aal Abdullah;07/02/2024;5;Pelayanan di Honda Komala Karawang, puas..bagus.. ramah2 pokok nya keren!!;;
Asep Septiawan;06/02/2024;1;Nomer mesin 3 dijid apaan ini . Di STNK aja bnyak aneh ny aplikasi .;;
Anas Rafiuddin;05/02/2024;1;Hadeuh gimana sih ini? Mau Daftar Mobil Kok Ga bisa bisa hadeuh bikin ribet aja. Dah dicoba 4x tetep ae ga bisa;;
Dwinta Rusdyawati;19/01/2024;5;bagus pelayananya memuaskan;;
Elite Sniper;17/01/2024;5;Service di union Honda Tangerang, Alhamdulillah aman lancar, pelayanan prima. Mantap terimakasih;;
Ikin Sadikin;11/01/2024;5;Pelayanan yg ramah dan memberikan penjelasan yg tepat, akurat dan pergantian sparepart yg original pada waktu service kendaraan,,,;;
Mahendra Yt;28/12/2023;1;Pengalaman saya ketika membeli paket mini 80rb km, (kesempatan terakhir membeli paket mini krn 90rb km tidak dapat beli lagi) di tgl 16 Des 23 saya tdk dapat datang servis utk ambil 1x servis lagi dan itu hangus. Saya tdk bs karena diluar kota dan sdh telp cs internusa cibinong dan pusat. Tetap tidak bisa. Apakah perusahaan besar sekaku ini? Untuk mempertahankan nasabah loh ini anda tetap kaku terhadap kebijakan anda. Padahal cuma minta kelonggaran sampai 29 Des 23, saya beli loh bkn hutang;;
Arta Deco;20/12/2023;5;Selalu puas dengan honda;;
Imam Kamalik;19/12/2023;4;STNK lambat;;
Maulana Ibrahim;18/12/2023;5;mohon update'an nya jgn lama. sudah service, tapi di aplikasi belum update.;;
Slamet Hidayat;17/12/2023;5;Best;;
Eko Rachmat Priyadi;15/12/2023;5;Memuaskan;;
Sartika Napitupulu;14/12/2023;5;Pelayanannya sangat bagus;;
Budi Setriana;13/12/2023;1;atm danamon nomor rekening:500000plat nomor civic hondaD1234DA;;
Cucu Latipah;12/12/2023;1;Daftar doang ge susah bener , no rangka atau mesin salah mulu padahal udah bener , heran sama apk ini;;
Ibnu bs;07/12/2023;1;gagal registrasi di otp.. sudah email ke ecare nunggu di follo up utk update bintang lagi;;
Dani Haryadi;06/12/2023;5;Sangat membantu untuk booking service;;
Farhan M;29/11/2023;5;Sangat memuaskan. Pelayanannya ramah. Sangat baik..;;
Irwan Efendi;25/11/2023;5;Jempol 4 Buat Mas Muhkti Sales Honda Gajah Mada.;;
ccoanugerah kasihputera;23/11/2023;5;Ok;;
panca wahyudi;22/11/2023;5;"hari ini ganti oli mobil sekaligus recall front passenger's @honda kencana keranji. good experience u/ tingkat pelayanannya.mulai dari tindakan security sampai ke Service Advisor nya, Mb Talitha Ivana dibantu sekali & diberi penjelasan yg baik recomen u/ yg ada kebutuhan terkait kendaraan ""Mobil"" Honda hold on untuk services baiknya👌🏻☕️";;
Deni dwi prasetyo;20/11/2023;1;Bintang 1 karna untuk update pengerjaan mobil yg d service ngk ada.. Apk cuma bisa buat boking doang .. menuh menuhin memory hp doang. Harusnya apk ini bisa untuk pengecekan pengerjaan mobil sudah selesai atau belum di servicenya&total biaya .. Jadi sbg pengguna H-ECARE terbantu dengan adanya info tersebut.;;
Merwan Kristian;15/11/2023;5;Keren lebih mudah, untuk jadwal servis tidak menunggu antrian lagi. Saya sudah mencoba sekali, menggunakannya bagus kok tinggal klik boking, waktu dan jamnya. Tinggal ke loket tunjukin boking kita, langsung dilayani tanpa ngambil no antrian lagi. Buat rekan2 yang baru membeli mobil, emang agak lama verifikasinya karena satunya menunggu STNKnya di verifikasi dari aplikasi. Tq ini review saya kalau saya pribadi puas dengan pelayanan aplikasi ini.;;
RMabroy;09/11/2023;1;No rangka dan mesin ga sesuai padahal ngikutin yg d stnk. Aneh wkwk;;
Dadan Budiana;09/11/2023;2;masih susah registrasi dan approve verifikasinya bertele tele menyulitkan kita semuanya 🤔 segini dulu ratingnya;;
Zie Fauzi;09/11/2023;1;Sekelas HONDA punya aplikasi sampah begini ya, mau daftar susah bener, malah di notif kalau mobil sdh pernah di daftarkan, lah.... baru jg di instal ini aplikasi, baru jg pny mobil merk HONDA, plat nomer jg blm ada sebulan umurnya... ya mobil nya, ya bengkelnya, ya aftersales nya, bahkan smpe aplikasinya jg sampah.. nyesel bner ambil ni mobil.. mobil baru sebulan jg trouble nya udh bejibun...;;
Samir Abdullah;08/11/2023;5;Nilai 10 dah pelayanan terbaik salesnya juga sangat ramah;;
Sulardi D5ku;31/10/2023;4;Mantap pakai Mobil Honda.;;
Budi Santoso;29/10/2023;5;Good aplication;;
Wawan Her;26/10/2023;1;B AJA. ga ada yg berguna. Malah bikin pusing para seles minta tolong aplikasi kasi bintang 5. Gua sih ogah. Pelayanan kurang bagus;;
Yustinus Feriady;16/10/2023;5;Terima kasih sudah dibantu mendaftarkan unit.;;
Ary Andriyan;13/10/2023;1;Kalo ada bintang 0, sy kasih 0 aja. Berulang2 masukin nomor mesin dan nomor rangka bilangnya kendaraan tidak tersedia, padahal jelas sudah ditulis sesuai STNK tetap gagal, ilegal apa motor gw beli??? Gak jelas banget;;
Ketut Sedanarata;10/10/2023;5;Bagus.....;;
Joko Iswoyo;09/10/2023;5;Pelayanan bagus dan ramah , dan hasil service bagus , juga tempat menunggunya nyaman sekali;;
Dany JPC;09/10/2023;5;Mantabb;;
Sanggar laut Selatan 2;04/10/2023;5;Pakai aplikasi ini jadi memudahkan banget Sukses terus yaa hondaaaa;;
Eddy Wiyose;29/09/2023;4;👍👍👍👍;;
Zadila Collection;29/09/2023;5;Makasih pelayanan bagus;;
Elyta Nova;29/09/2023;5;Honda e-care paling oke;;
Hadadi Hadadi;26/09/2023;5;Ok;;
Zia Rachmat;25/09/2023;5;Top markotop;;
Alloy Doank;17/09/2023;3;Mau cek histori service aja susah.;;
Basri Lantehceh;12/09/2023;5;Bagus;;
Darussalam Usman;06/09/2023;4;Mohon ditambah fasilitas cancel dan reschedule booking servisnya;;
Muhammad Ikbal;05/09/2023;1;Dengan adanya aplikasi ini, saya kira memudahkan konsumen untuk melakukan booking ternyata BOBROK. Terimakasih Honda sudah membuang kuota data saya, fix uninstal;;
Ali Sabana;31/08/2023;1;Untuk booking service respon konfirmasi lama;;
robby pratama;24/08/2023;5;Good;;
Jones Aritonang;23/08/2023;5;Kemudahan layanan aplikasi;;
Zayyid M;15/08/2023;5;Aplikasi masih butuh pengembangan . Pelayanan luar biasa baik, diantar sampai mobil, dijelaskan detail pembayaran, pegawai ramah sekali, waiting room mantap . walaupun saran , di waiting room next smg ada kue2 selain snack. Tingkatkan terus dan pertahankan pelayanan ya;;
JUANDA SAPUTRA;09/08/2023;5;Sangat Membantu bagi pengguna Mobil Honda;;
Czz Ikmal;08/08/2023;5;Mempermudah;;
Sukses Bahagia (profitrader);02/08/2023;5;Sangat baik dan cepat dalam response pelanggan..;;
Rasianur Nur;25/07/2023;5;Biar lebih mudah;;
Herman A;24/07/2023;5;Aplikasi membantu;;
Wiyono Yono;19/07/2023;5;Bearing compresor honda freed;;
Taopik Robina;15/07/2023;4;Mantap;;
sumardi 01;04/07/2023;5;kemarin saya gk booking servis lgsung datang aja .alkhamdulillah pelayanan cepat dan bagus;;
Dedy Lovina;28/06/2023;1;Susah ribet..mw booking service hrs ulang2 isi data,no mesin, no rangka,isi profile Lg..udh sejam muter2 aja...d buat simple dong..kan mw booking bukan mw beli..masukin plat,jam booking aja cukup kali ya..ga PK ribet..mohon d rubah syatemnta ya..tnx;;
Joko Budi S;26/06/2023;1;Udah daftar di aplikasi tapi tapi service nya full antri terus ngapain buat aplikasi untuk service kalau kek gini;;
Gemilang Ritel Abadi;24/06/2023;5;Terbaik, sangat membantu, trust worty;;
Ainur Rofiq Habibie;10/06/2023;1;Aplikasi tidak berguna mau booking jam service ga bisa semua sudah merah dan silang semua;;
Wa ode Kurnesi;10/06/2023;5;Sangat membantu buat pemula;;
Ferdinand Fernando;07/06/2023;1;Sangat slow respon, dari membuka aplikasi sampai dengan menunggu konfirmasi. Tingkatkan kembali pelayanannya.;;
Amir Udin;27/05/2023;1;Halo kak. Saya pengguna baru di honda dan di arahin suruh pake APK ini tapi kenapa ga bisa di buka ya APK nya cuma mentok sampe LOGO doank. Trimakasih;;
Arif monggo cassablnca99;27/05/2023;5;Ok;;
A M (I'am Dayak);27/05/2023;3;Aplikasi saat ini gak bisa di buka, mohon penjelasan dari pihak honda e care;;
Gamar Pratama;27/05/2023;2;Update sebelumnya force close, sekarang stuck di loading;;
Jhonny Wijaya;27/05/2023;3;Kenapa ga bs masuk ke aplikasi y loading logo awal sudah setengah jam tetapi g masuk2 ke aplikasi? Makasih;;
TRI NUR WIDJAYA;26/05/2023;1;Setelah di update malah gak bisa masuk ini gimana hello honda saya mau booking service gak bisal,ini sudah 2hari loging SUSAH;;
Bang Zhai;18/05/2023;5;thanks, mempermudah saya sebagai konsumen honda.;;
Ilham Selamat;16/05/2023;1;Aplikasi belum matang. Register tdk bisa;;
JK Halim;12/05/2023;1;Sudah beberapa kali Booking via Honda E Care selalu di bilang nya jadwal nya penuh oleh Cust Service HJC Pangjay . Padahal di jadwal nya masih kosong di Honda Ecare, Jadi buat apa booking di aplikasi tapi setelah itu selalu di rubah jadwal nya oleh CS HJC Pangjay. Tolong dong ini dari Pihak manajement di perhatikan lagi kinerja nya. Ada kasus lagi di Honda ECare saya dapat notifikasi utk upgrade software tape Audio tapi di bengkel nya bilang enggak ada yg perlu di upgrade.;;
Pandu Agung Pambudi;12/05/2023;5;Riwayat servis sudah muncul tahun 2023;;
Arif Imam Taufik;10/05/2023;4;Kemaren tidak bisa di daftarkan, minta bantuan lewat email akhir nya di bantu, ternyata di sistem tercatat no mesin nya harus di sisipkan garis strip (-) dan pendaftaran berhasil , terimakasih CS honda e-care;;
Jaka Purnadi;10/05/2023;1;Sekelas honda ngeluarin aplikasi ko seperti hanya pelengkap saja, tidak diperhatikan kemudahan dan fiturnya. Mestinya yang menjadi keluhan pelanggan segera di sempurnakan, mendaftarkan kendaraan aja susah jangan sampai pelanggan resah seakan kendaraannya tidak terdaftar di honda nya sendiri. maaf mohon ditingkatkan...;;
Laode Maulidin;06/05/2023;5;Sangat membantu customer.;;
Kartini Dewi;03/05/2023;5;Kak.., ini aplikasi update, log out sendiri. Saya lupa kata sandi, kok tidak bisa di klik lupa sandi dan kirim email dinotif, data pengguna tidak ditemukan. Gimana yaa kak? Tks;;
Anthoni Susanto;01/05/2023;1;Ribet;;
Nazrin Auto;27/04/2023;1;Ribet;;
Velissa NK (Velissa);27/04/2023;1;Pingin service bayar aja kok tambah ribet,;;
Okana Dian;26/04/2023;5;Pelayanan baik dan ramah, Utk makin diperbanyak paket hemat servisnya biar bikin tdk kantong kering☺;;
Muh Asri;17/04/2023;1;Jadwalnya booking service tdk singkron dengan dealer,..tdk update. Auto delete;;
Logam Mulia;13/04/2023;5;Bagus;;
Saepudin 3009;11/04/2023;5;Sangat memudahkan saat booking service.;;
Benedictus Sudianto;02/04/2023;4;Ni bingung cara daftarin,mental terus dan di minta cek nmr rangka dan nmr mesin pdhal sdh bener isi nya,bagaimana cara nya agar ngga mental terus isi nya;;
Nova Mulianita;28/03/2023;1;Aplikasi payah, sangat susah dbuka.;;
Handoko Syahputra;17/03/2023;5;Sangat bagus dan membantu konsumen dalam melakukan booking service;;
Enang Solehudin;16/03/2023;1;Applikasi ini sungguh beban sekali mau daftar z salah terus no rangka..padahal sudah sesuai no di sntk..mungkin ini aplikasi WAJIB DI PERBAIKI ,KALAU ADA MINUS STAR AKU TARO TUH;;
Ahmad Hyundai Aceh;15/03/2023;5;Buat yg daftarin dn gk bisa. Dia tunggu 2 minggu dulu dri serah Terima unitnguys. Ada namanya surat jalan kalau sdh masuk sistem. Baru data surat jln sementara tersebut dpt di pakai sebagai dta sementara buat daftarkan ke aplikasi e care. Semoga bermanfaat.;;
Trisna Permatasari;10/03/2023;5;Service Jadi lebih Mudah dan Test Driver juga bisa langsung di aplikasi ini, keren banget;;
Vania Febrianti;08/03/2023;1;Mau daftarin kendaraan aja sulit. Padahal nmr udah bener tapi kagak bisa, di suruh periksa kembali terus. Aneh sama aja gabisa digunain.;;
SW Chanel;08/03/2023;1;Data service history mobil saya tdk pernah diupdate, kasih bintang 1 aja.;;
Min Sia;03/03/2023;5;Sangat Membantu👍;;
Rojalul Webb;28/02/2023;5;Mantap;;
Agoes Choirul Alim;25/02/2023;5;Mantap;;
Kantoni Iis;20/02/2023;4;Sangat membantu, utk pemilik mobil honda;;
Maria Ulfah;18/02/2023;5;Sangat membantu untuk pengguna honda,dtingkatkan terus performa aplikasinya;;
Jhon Lee;15/02/2023;5;👍;;
Heni Susanto;14/02/2023;5;sangat membatu;;
Mohamad Rahmatullah Siddiq;02/02/2023;5;Aplikasi ini sangat membantu sekali bagi pemilik mobil honda. Kemudahan dalam perawatan kendaraan baik informasi produk, bengkel jg servis bisa diakomodasi melalui Honda e-care. Semoga bisa dipertahankan kualitasnya dan menjadi lebih baik lagi;;
IRWAN SAFARI (Irwan);02/02/2023;5;Memudahkan;;
Misbahul Mustofa;01/02/2023;1;SAYA UDAH DOWNLOAD UDAH MASUKAN NO RANGKA UDH MASUKAN NO MESIN NO POL MASA GA BISA TAMBAHKAN KENDARAAN DENGAN ALASAN PERIKSA KEMBALI NO MESIN DAN NO RANGKA ANDA UDAH JELAS JELAS SAYA SESUAIKAN DENGAN YANG DI BPKB;;
Erlandsyah Fajri;01/02/2023;1;Aplikasi ngaco, udah regist dan isi data lengkap mobil segala macem sampe no KTP dan berhasil regist. Tapi, setelah sehari gak dibuka data regist mobil saya hilang lagi, mesti regist ulang. Kalo punya aplikasi belum siap launching gausah launching, awas aja kalo sampe data saya bocor di pake sama oknum. Saya somasi nih aplikasi.;;
Elvin;30/01/2023;1;Udah booking status 2 hari menunggu konfirmasi terus tidak ada pihak dealler yg menghubungi pas hari H malah dibatalkan sepihak;;
Riana Dwi Suryani;27/01/2023;5;Aplikasi yg sangat memudahkan pelanggan, terutama untuk proses booking servis;;
honda Perdana;19/01/2023;5;Sangat membantu;;
Inoue Putra;16/01/2023;5;Sangat membantu sekali untuk proses servicenya dan klaim;;
Nova Juliana;16/01/2023;5;Sangat memuaskan & membantu sekali terbantu sekali dengan aplikasi nya saat mau booking service lebih mudah. 👍👍👍👍👍👍👍;;
Zahra nazula;12/01/2023;5;Mohon bantu dong kenapa aplikasinya tidak bisa digunakan. Padahal udah pernah dipakai juga. Tp semuanya hilang. Sudah isi no rangka dll nya. Tp pas masukin email tidak bisa dibuka. Sudah coba registrasi ulang malah sudah terdaftar;;
syahruddin S.;26/12/2022;5;Bagus;;
Davit Nugroho;20/12/2022;1;Tolong ga usah kirim2 pesan sok mengingat untuk server, gara2 pesan itu saya debat sama orang rumah, jadi jangan menggangguku kenyamanan terimakasih!!!;;
Hikma Rahmania;20/12/2022;4;ada yang bisa jawab, saya daftar kendaraan baru saat pengisian nomor rangka, muncul pemberitahuan kendaraan sudah didaftarkan akun lain dan muncul dua opsi 1.saya pemilik baru 2. permintaan akses data kepemilik utama. pertanyaannya siapa pemilik utama sedangkan saya beli yang baru?;;
Chalik gerra athallarefa;08/12/2022;5;Aplikasinya lengkap;;
Heri Sanjaya;06/12/2022;5;Mempermudah custemer;;
Yanto Sugianto;02/12/2022;3;Fitur Booking Service tidak bisa digunakan, pengisian data terhenti;;
Erlin Taty;01/12/2022;5;👍👍👍👍👍👍👍👍👍;;
Korneles Wellikin;23/11/2022;5;Sangad membantu;;
Wiranto Anto;16/11/2022;5;Ok pokoknya;;
Ade Yoviansyah;10/11/2022;5;Honda ada tidak aplikasi untuk bisa mengecek spareparts dan harga per part seperti merk mobil lain?;;
SANDI ADAM;30/10/2022;5;Apk mantap;;
Rudy D;28/10/2022;3;Agak ribet yah untuk masuk Honda e-Care;;
Laksono Hendri Kuncoro;21/10/2022;5;Aplikasi yang bagus, bermanfaat sekali untuk pengguna mobil honda;;
Jo La;20/10/2022;5;trimakasih ats pelayanan nya dan servis nya sekali lagi trimakasih telah mewujudkan impian mobil kami trim honda Sukses terus yah Gbu;;
Tito Sujati;15/10/2022;3;Respon dari booking service lama banget, sepertinya dealer servis tidak semua peduli dengan aplikasi ini.;;
Sun Sun;14/10/2022;5;Mantap honda;;
Sunarto Adi;12/10/2022;5;Bagus;;
Bilal Hamizan;10/10/2022;5;Pelayanan lumayan memuaskan.;;
Azwar Azwar;07/10/2022;5;Bagus;;
Valentino Rosi;03/10/2022;1;Aplikasi ini sbenarnya bagusss Tapiiiiiiii..... Knp...knp... Kok saya baru dikasih tahu sama pihak hondaaaaa adanya apk ini lah wong saya sebagai memiliki mobil Honda pembelian th2018 Sudah habisssssss dan lewatttt free servic nya alias expired sunguh2 sangat menyesal sama pihak Honda Alisa tidak pernah saya pakai fre servisnya Sungguh keterlaluan managmen Honda Saya tidak pernah dikasih tahu sama pihak Honda kalo ada free servis sungguh keterlaluan Kalo sudah lewat baru dikasih tahu menyebalkan;;
widodo ade nugraha;29/09/2022;5;Mobil Honda Brio RS urbanit kwalitas bagus dan memuaskan;;
suharno spd;13/09/2022;5;It's ok;;
Latifah Sonia;13/09/2022;5;Bagus bgttt sgt membantu;;
Satiya Satuhu;06/09/2022;5;Good;;
Reza Mirza;03/09/2022;5;Mantap;;
R. Eko Prasetyo Adi Pranoto Spn;03/09/2022;5;Siiip;;
Ester Bkl;31/08/2022;5;Aplikasi sangat membantu;;
pasfm pati;31/08/2022;5;Sangat membantu dan mempermudah servis dan pemeliharaan mobil.. hanya saja kalau bisa beaya servisnya diturunkan....shg lebih menjamin kendaraan honda.;;
makhrus muhammad;25/08/2022;5;Sangat membantu dalam memanage mobil honda tercinta;;
Seiko Herlambang;25/08/2022;5;semakin mudah untuk pelanggan;;
Sapta Nugroho;25/08/2022;5;Sangat memudahkan informasi mengenai mobil Honda ...mantabbb;;
metharis hervi;25/08/2022;5;Nice aplikasi;;
Ahmad Mukhlisin;25/08/2022;5;Sangat bermanfaat;;
Aris Wicaksono;25/08/2022;5;Mantap;;
Andy Honda Semarang;25/08/2022;5;Mantap;;
icaroos pandu;23/08/2022;2;Lumayanlah...dari pada tidak ada, huruf kekecilan sulit membaca keterangannya. Bisa tidak untuk sparepart ada info harganya, terima kasih🙏👌;;
Hada Husaeni;16/08/2022;5;Top markotop....👍👍👍;;
Aris bastian steel;16/08/2022;5;Sangat memudahkan;;
Nito Sun;11/08/2022;1;Permintaan akses ke pemilik utama itu melalui apa, sms atau wa?;;
Ahmad Ismail;06/08/2022;5;👍;;
Vony Arissa;05/08/2022;4;Lumayan membantu untuk booking servis;;
Kamaludin Al Yafiie;05/08/2022;5;Untuk booking servis terkendala..;;
Mohammad Subhan;27/07/2022;5;Aplikasi nya sangat mempermudah pengguna Honda;;
Panji Syahputra;25/07/2022;5;Mantappp;;
coco_ time;23/07/2022;1;Gak bisa dipake :(;;
MADE HENDRA;20/07/2022;1;Ribet;;
Yulianti Agustina (C.2310227);11/07/2022;5;Muhammad Gunawan Pulungan;;
Erik S. M. Hutauruk;09/07/2022;1;Booking service seminggu sebelum jadwal dan sudah dikonfirmasi setuju oleh IDK 2 Medan, sehari sebelum jadwal dicancel tanpa ada solusi. Apa gunanya booking? After sales honda klo udah dibeli mobilnya jd begini, sbelum beli mobil kayanya bagus2 aja.;;
abah latif (canvasmas);01/07/2022;1;Sekelas Honda , HPM , buat aplikasi banyak error , Saya masukan nomer rangka All New Civic RS yang terdeteksi aplikasi Civic HB , Informasi service berkala juga ga akurat, Ga ngerti ini Honda sedunia apa cuma di indo saja , Sama halnya simpang siurnya informasi aftersales, service , product knowladge yang selalu beda antara dealer , dan call cantre HPM , PENTING : HARUSNYA ADA MANUAL BOOK tersendiri Tentang HONDA SENSING karena ini fitur semiotonomus yg bisa berbahaya kalau tidak Paham.;;
irmy satria;22/06/2022;1;Semakin Ribet. Kemarin bisa cek service record dengan mudah. tanpa isi data diri atau kirim persetujuan ke pemilik sebelum nya. Sekarang harus isi data diri / kirim persetujuan ke pemilik sebelum nya. Bagaimana kalau misal nya calon pembeli mobil bekas tau kalau itu mobil kilometer masih asli dan mobil selalu terawat di honda kalau proses nya ribet. Semoga Di Kembalikan Seperti Kemarin Aplikasi Nya. Thx U;;
Deivy Pangemanan;09/06/2022;1;Tidak bisa login. Kayaknya jadi malas melayani;;
Debby Stevany;09/06/2022;1;masa gabisa booking sih, hahahaa trus gunanya aplikasi apaaa dongggg;;
DENNY MEDIA;02/06/2022;5;Mantap;;
Andi Sinawan;24/05/2022;5;Ok;;
ADK118 TV;15/05/2022;1;Dulu sempat bisa booking servis, skrg dah ga bisa..data kendaraan hilang, input lgi suruh konfirmasi pemilik, pdhl saya pemilik pertama.. smpe skrg blm bisa ... Mohon solusinya..;;
Zilong Savage;11/05/2022;1;Rak cetho;;
Samsu Alam;03/05/2022;5;Sangat membantu;;
sutarno drs;25/04/2022;4;Cepat, tepat dan memuaskan;;
Hendri Restianto;16/04/2022;3;Saya ko ga bisa booking service yah? Bisa milih tanggal yang tersedia tapi ga ada button simpan/submit booking;;
Rizki Jan;15/04/2022;5;Mantap digitalisasi dibidang industri otomotif,...;;
farhan hijazi;15/04/2022;1;nomor rangka dan nomor mesin selalu salah, padahal udah isi dengan benar;;
Aji Monstrologist;12/04/2022;3;Voucher nya kok gk dapet sih, misal gratis apa gitu kek;;
Issirep Sumardi;10/04/2022;5;Sangat memuaskan.petugas ramah2;;
Ahmad Fikri Zulfikar;07/04/2022;5;Sudah bagus;;
calvin marcellino;25/03/2022;1;Update malah data kendaraan hilang,apk payah;;
Sam Neutron;16/03/2022;5;Sekarang saya kasih bintang 5, aplikasinya respon, ringan dan info yang ditampilkan lengkap Sangat membantu;;
David Debora;14/03/2022;1;Tidak bisa login;;
Muhammad Zahran;13/03/2022;2;Gabisa login;;
Ar Syah29;09/03/2022;5;Forr busnesss;;
mulyani ulhy;05/03/2022;2;Tidak bisa di tambahkan padahal sudah isi nomor rangka dan lain2nya Perbaikan dong min, biar lebih mudah;;
dhipo widian;01/03/2022;3;untuk fungsinya apa yah ini applikasi??... booking disini malah lebih antri dari pada datang langsung. sudah booking dan dateng sampai di perbaikin tapi malah pesannya booking di batalkan... dan juga tidak masuk histori perbaikan.. kalau di bengkelnya pelayan ok. honda permata hijau.;;
Jeremia Bimo;27/02/2022;1;"Saya sudah memasukan Noka dan Nosin dengan benar tapi muncul notifikasi ""periksa kembali Nosin dan Noka anda"". Lalu bagaimana cara saya membooking kalau kaya gini??";;
Hilfi Villar Risya;19/02/2022;1;Ini real apk Honda? Brand mobil besar itu? Sejelek ini? Mau booking service aja Gk bisa hadeh;;
Rangga Mahaputra;17/02/2022;1;Ko sayah gak bisa login yaa, padahal sudah pake email cuma disitu keteranganya masukan nomor yang benar, padahal nomor saya sudah benar tapi tetep tidak bisa masuk..;;
9D17 Imanuel Putra F.;15/02/2022;1;Kurang membantu bos;;
Achmad Triyanto;05/02/2022;5;Yang baru ini sudah lebih banyak fiturnya;;
Rahman Wahyudi;05/02/2022;5;Fungsinya sudah bagus dan informasinya komplit;;
Azis SFN;05/02/2022;5;Nice app;;
Agus Rosidi;04/02/2022;5;Semoga bermanfaat;;
Bozt Maul;02/02/2022;1;Semenjak update Honda e-Care kacau, mulai dari data kendaraan hilang sehingga tidak bisa booking service. Setelah di input kembali, yang keluar harus konfirmasi kepemilikan... Hingga kini belum ada SOLUSI;;
Rendi Fernando;26/01/2022;1;Closing mulu,,, ini real punya Honda, brand besar itukah??;;
herlandani herlandani;26/01/2022;4;Update terbaru tgl 26/01/2022 malah tidak bisa tampil;;
Moh Haerul Anwar;26/01/2022;1;𝚂𝚎𝚝𝚎𝚕𝚊𝚑 𝚍𝚒 𝚄𝙿𝙶𝚁𝙰𝙳𝙴 𝚊𝚙𝚕𝚒𝚔𝚊𝚜𝚒 𝚐𝚊𝚔 𝚋𝚒𝚜𝚊 𝚍𝚒𝚋𝚞𝚔𝚊..??;;
Suwardi;19/01/2022;5;Ok;;
Elvynza Fernanda30;13/01/2022;1;Masih banyak para teknisi yang mempermainkan konsumen. Sangat mengecewakan!!!;;
latifah tif;08/01/2022;1;Ada gak mobil honda freed ke;;
Koswara -;08/01/2022;5;Ok;;
Kode Tan Sun Ie;07/01/2022;1;Ini kenapa not responding ? di update gak bisa log in juga.;;
Faisal Faisal;30/11/2021;5;Layanan baik;;
Akbar Rizki;22/11/2021;1;Apk sampah;;
Dika Alnas;21/11/2021;1;Nggak bisa registrasi kendaraan, keterangannya kendaraan tdk ditemukan;;
fery fernando;30/10/2021;1;Jelek;;
Heri Pramono;26/10/2021;1;Dear Honda, mendingan gak ush buat aplikasi di android kalo ga fungsi dan gak siap buat di pake jutaan orang di indonesia ini, udah di instal ga bisa di apa2in.;;
Rizqa Karima;26/10/2021;1;"Sudah berhari-hari coba mendaftar kan kendaraan sesuai dengan yang di STNK selalu jawabannya ""kendaraan tidak ditemukan atau anda belum mendaftar"" padahal jelas2 sudah mendaftar..coba dengan email lain..ternyata sama saja... tolong di perbaiki";;
Donny Alexandra;25/10/2021;1;Parah.......;;
Raden Rozali;20/10/2021;5;App mantap 👍;;
Almar R Khansa;07/10/2021;5;Almar Rajendra Khansa;;
Arief Hidayat;29/09/2021;1;Aplikasi sampah !!! Registrasi aja gagal mulu. Udah ngisi surel alamat email dengan benar, trus pas waktu minta kode aktivasi tapi gak ada juga dikirim lewat email! Pecat aja tuh yg bikin aplikasinya!!!;;
asraf kiw;24/09/2021;5;K up my j ng g ng b my the! K mhee my m my ng mhee kit;;
On ranS;13/09/2021;1;Gak bisa mendaftarkan kendaraan.;;
abdullah fatin;02/09/2021;1;Responnya lambat;;
Sugi Anto;07/08/2021;5;Bagus;;
Ardiles Gosal;03/08/2021;1;Erdfaae;;
abenk byon;14/07/2021;2;Serius aplikasi ini dibuat untuk memberi kemudahan customer? Sampai kapan aplikasi ini akan bisa di akses? Mungkin ada solusi pengganti aplikasi ini, agar bisa diakses dan memberi kemudahan customer 🙏;;
Johnson Pasaribu;13/07/2021;1;Aplikasi abal2 Dalam aplikasi disuruh milih waktu yg tersedia....tapi dari call center..bilang waktu tdk tersedia dan seenaknya aja merubah waktunya. Seharusnya kalau slot waktu tdk tersedia lagi...maka customer tdk bisa lagi memilih waktu yg dicantumkan dalam aplikasi.;;
Agus Priyono;05/07/2021;5;Simple;;
TOTOK WIJATMOKO;30/06/2021;5;Ok;;
dede rusmana;17/06/2021;1;Gak bisa log-in, padahal awal masih bisa, setelah diperbaharui malah gak bisa sama sekali... Tolong di perbaiki lagi.;;
Benny eck;08/06/2021;1;Aplikasi sampah, udh coba ulang2 masukin data tetap aja kendaraan blm terdaftar.;;
A.Yuly Asriaman (Aman);06/06/2021;2;Booking hanya dibatasi sekitar sebulan, bagusnya sudah support booking 6 bulan kemudian, riwayat service kita tidak ditampilkan, bagus juga disediakan list part yang akan di periksa dan ganti di service berikutnya sera lebih bagus lagi jika disediakan dengan estimation biaya service berkala kendaraan kita, semoga bisa jadi masukan buat pengembang app Honda e-Care, dan terealisasikan.;;
Firman Abdullah hartono;04/06/2021;5;Daftar dulu masbro baru login kok payah. Voucher ada di kolom voucher;;
Indra Jaya FX;24/05/2021;1;Aplikasi tdk bsa d pake,, aplikasi Tolol!! Bagaimana kita mau daftar recall, Login arahnya kemana dan tdk bsa, app sampah!! Ttitik GPS tdk bsa, app anjingg;;
Faiez Alvino;21/05/2021;1;Parah parah. Udah instal 2x tapi ga bisa log in. Gila sih ini bikin apk buat ngabisin kuota customer ajah;;
Karisma Jaya;18/05/2021;5;Sangat membatu;;
Ade Sandra;08/05/2021;4;Sekalian bikin katalog harga spare part HONDA;;
Ruslantapin Rantau;05/05/2021;5;Terima kasih telah memberikan pelayanan dengan baik;;
Baskoro Setiyo;17/04/2021;5;Dapat melakukan booking service, tanpa antri ke dealer dan menunggu lama..;;
syahril sasak;02/04/2021;5;Dapat info dari honda;;
Yati Rohayati;19/03/2021;1;kode voucher sudah dimasukan saat booking tapi tidak bisa dipakai saat sampai di dealer karena tidak muncul kodenya di aplikasi dan malah menyalahkan hp user. padahal tinggal cek di dashboard atau lngsung saja query databasenya kalau tidak ada dashboard sistemnya!;;
muhammad hasyim;08/03/2021;5;Ok;;
Budi Santosa;27/02/2021;5;Memberi kemudahan pelayanan service;;
Acenk Hasan;20/02/2021;5;Sangat memuaskan.;;
Herman Yosef;19/02/2021;5;👍;;
Senyum Sangmentari;17/02/2021;1;Ga bisa login, Api tidak ditemukan. lokasi perkotaan, tolong diperbaiki servernya. Kalo sudah bisa login bintang ya kutambah;;
Nurkholis;16/02/2021;3;Error : Http 500 internal server error;;
Muhammad Desri Murdianto;14/02/2021;1;Ulasan apk saya dm di ig HPM aja..disini ga di tanggapi..;;
ZACRAS channel26;13/02/2021;1;aplikasi jagan di unduh egk bisa di pake percuma;;
Sembuang 88;09/02/2021;5;Oke;;
Shelvy elvaira Putri;08/02/2021;5;Top 👍👍;;
ali hanafi;16/01/2021;1;Aplikasi cacat, gak bisa login;;
Abdul Haris;15/01/2021;2;Aplikasi ini nggak baik. katanya promo diskon khusus sampai 50/25 sampai tempat servis nggak ada potongan voucher nya,;;
AngeL JS;10/01/2021;5;Suka bgt sama aplikasi ini.. Disaat mau service berkala mobil tinggal booking dr aplikasi trus 5 menit kemudian dpt telp dr Honda.. Hari H mau service mobil tdk antri lg langsung ke pelanggan prioritas.. Trus dpt info2 yg berguna misalnya mobil sdh habis masa service gratis ehh ga taunya di aplikasi tercantum pembelian mobil dr Agustus 2018 free service mobil selama 4thn. Klu kita tdk tau info ini n tidak sampaikan ke pihak bengkel Honda,kita sampai di bengkel Honda tetep kena cas service nya;;
Heru Santosa;30/12/2020;3;Mau registrasi aja susah;;
Nanda Noviandi;11/12/2020;5;Thanks promonya Honda;;
Sukrons Kron;10/12/2020;5;Okeh;;
any santy;09/12/2020;5;Mantab;;
Samuel Umbu Moto;09/12/2020;4;Tidak perna buat masalah;;
AGUST TISABILAGA;08/12/2020;5;Makasih aplikasi nya sangat menyenangkan dan membantu banget;;
Hasanuddin;05/12/2020;2;"No. Polisi, No. Rangka dan No. Mesin sudah diisi dengan benar, tapi waktu diklik SIMPAN selalu muncul pesan ""Kendaraan tidak ditemukan atau belum terdaftar"" Mohon info selanjutnya... Sementara ⭐⭐ dulu... Kalo sudah terdaftar, saya kasih ⭐⭐⭐⭐⭐";;
Tiorly Sitorus;02/12/2020;5;Sukses utk honda... tingkatkan terus pelayanannya;;
Fikri Nugraha;26/11/2020;5;Great apps;;
Mierza Junianto;18/11/2020;5;Aplikasii yg muthakirr ,luar biasa saya sangat terbantu sebagai pengguna Honda. Gokksssss!;;
Mardi Burhan;07/11/2020;3;Kasih Bintang 3 sjaa.. Aplikasi cuma membantu Untuk booking saja... Sebaiknya hasil pengecekan detail kendaraan juga bisa ditampilkan...termasuk informasi permasalahan kendaraan yg ditemukan. Masih perlu pengembangan aplikasinya...bukan cuma bisa booking saja...;;
herik Purwanto;01/11/2020;1;Saya kapan hari service diberes honda dengan pilihan paket 3. Saya kecewa karena disitu penggantian oilnya tidak sama dengan apa yang di sampaikan dikolom promosi. Dikolom promosi untuk penggantian oil tercantum kemasan 5liter, dan ternyata sampai di beres diganti pakek oil drum2man. 😑;;
Manik Raja (AfterMidNite);28/10/2020;1;Aplikaainya gak jelas arah dan tujuannya;;
Randy Kokong;23/10/2020;1;Aplikasi ngak guna, masa mau registrasi aja ngak bisa, tiap kali mau simpan data langsung force close aplikasinya... gimana mau booking service kayak gini 👎👎👎;;
Indra Shieventri;21/10/2020;1;Sudah berbulan bulan registrasi mobil nya tapi gak bisa-bisa dan gedeknya nya lagi buat booking service juga gak bisa;;
Harnanto Sukmantoro;20/10/2020;1;Aplikasi abal-abal. Tidak ada tombol booking di halaman booking, cepat perbaiki!;;
Sefi Rijal;18/10/2020;1;Mau registrasi tetapi tidak bisa;;
Tri Agus Tyo;16/10/2020;1;Ini aplikasi buat gemes ingin dibanting, ko bisa ya?? Minta tolong dong Tim Honda, aplikasinya malu-maluin Pemilik Honda, masa aplikasi tidak ada tombol save/ok/no/konfirm, sudah diinput hilang, pilih type ga tau tombol di umpetin dimana, hadeuhhh;;
Daeng nyao;15/10/2020;2;Kok lokasi palopo tidak bs booking... Padahal beres sanggar laut selatan ada;;
Purwanto Sri;11/10/2020;1;Sudah registrasi katanya voucher di SMS, di tunggu gak ada... Dan tanya ke Honda, mereka gak tahu apa2...;;
Tony Paser;10/10/2020;2;tidak bisa registrasi. saat masuk registrasi,minta kode aktivasi tidak pernah muncul. tolong disempurnakan aplikasinya;;
Priliansyah Ma'ruf Nur;22/09/2020;1;Tidak bisa mendaftar booking servis;;
Rafael Darmawan;19/09/2020;5;😊😊GOOD NILAI 800;;
Key Kurniawan;17/09/2020;5;Nice Apps;;
Toto Apriyanto;16/09/2020;1;Aplikasi ini harus bisa mengCek Histori kendaraan, seperti aplikasi Kompetitor.. Dgn menginput NIK dan no. Pol nya. Agar minimal ada remaindernya juga jika lupa schedule service berkala;;
Arief Aditya rifandy;08/09/2020;3;Permintaan pelanggan terbatas hanya sekitar 50 huruf pada kolom format booking service..;;
Edwin Rusli;07/09/2020;5;Sudah semakin baik & lebih user friendly dr versi sebelumnya;;
Niti Syachrenggo;05/09/2020;5;Ok;;
Budiman PGL;04/09/2020;1;Sudah berbulan2 coba tetap gak bisa registrasi. Tanya ke bengkel resmi juga tidak bisa membantu. Lebih baik tidak usah mengeluarkan aplikasi tapi tidak siap dan menyusahkan pemilik kendaraan. Seperti hanya ikut2an punya aplikasi, biar dianggap keren dan melek teknologi😠;;
Rizqy Octaviano;03/09/2020;1;Ngga bs registrasi....diulang2 smp berkali2...jawabannya tetep mbl blm terdaftar...trus mksdnya bikin aplikasi ini buat apa kl registrasi aj ga bisa;;
Indra Kuswandi;28/08/2020;1;Tidak bisa register, no rangka no mesin tidak terdaftar;;
Eka Sulistyo;22/08/2020;1;Saya owner Mobilio dan mhn ditingkatkan service care nya. Klo pelayanan purnajual Honda seperti ini, jgn salahkan konsumen yg pindah ke merk sebelah;;
Indra Mahendra;17/08/2020;1;Ternyata bukan gw aja yg susah registrasi di app ini. OMG ini beneran app Honda 🤕🙈;;
Recky Lala;07/08/2020;1;Tidak bisa diinstal;;
Anton Triantoro;04/08/2020;1;Gimana deh, udh milih jam sama hari, tetep aja gabisa booking, katanya proses terlalu lama..kadang2 muncul 2 errors occure;;
desfitriady sikumbang;02/08/2020;1;Susaaaaah banget registrasinya ya... Koq Honda yg sudah mempunyai teknologi terkini tapi IT nya sepertinya abal-abal... Benerin atuh biar Honda tetap keren...;;
Agus Sugiyanto;01/08/2020;1;Yth. Pengelola Honda e-Care, kenapa selalu terjadi eror ketika saya mau daftar di aplikasi ini?;;
Muhamad Dede Sa'dullah Almubarak;31/07/2020;1;Gak bisa search lokasi dealer...;;
Rian kusuma Akbar;29/07/2020;5;Aplikasi yg bagus kita bisa lihat kapasitas di dealer;;
Hidayat Rahmad;28/07/2020;1;Gimana mau booking pilih jam nya aja gak bisa, aplikasi tidak membantu sama sekali;;
Pengguna Google;28/07/2020;4;Bagus;;
Mulki Siswanto;28/07/2020;2;Aplikasi ngga bisa dipakai... ngga niat amat bikin pelayanan konsumen 👎;;
syandana channel;20/07/2020;1;Buat booking servis tidak bisa aplikasi apaan ini buat emosi aja;;
Aif Ariefin;19/07/2020;1;Pelayanan Honda payah banget masa kendaraan anda belum terdaptar.;;
Erfan Arsy;19/07/2020;1;2 exceptions occurred.. Ko gini terus . Tidak di beri tau hal apa yang di tolak biar bisa di perbaiki .. Tiba2 aplikasi tidak bisa di gunakan . Padahal blom pernah di gunakan untuk booking . Seharus nya klo ada hal yang tidak di setujui di beri tahu liat pemberitahuan. Atau email.;;
Agus Untoro1;18/07/2020;1;Jelek..udah daftar isian sdh lengkap tp gak bisa2 jg;;
Arifinara Wibowo;17/07/2020;5;Semoga lebih mudah;;
Ahmad Surgahadi;16/07/2020;1;Tidak bisa registrasi, kendaraan tidak terdaftar;;
Ibni Maulia priantono;16/07/2020;1;Tidak bisa registrasi ,kendaraan tidak terdaftar alias tidak di ketemukan;;
Supriyadi Djami;16/07/2020;1;Dicoba dulu, kalo dpt membantu baru ditambah bintangnya;;
Anton alhakim;11/07/2020;5;Ok;;
Kang Sandra Yudistira;29/06/2020;1;Kendaraan Anda Belum Ditemukan Padahal Sudah 5 Tahun Saya Pakai;;
دني جونيار;17/06/2020;1;Coba instal aplikasi ini. Kalo jelek uninstal lagi.;;
Andreas Budiono;15/06/2020;5;👍🏻 good;;
MUHAJIRIN;28/05/2020;5;Sangat membantu;;
Noris Hidayat;13/05/2020;1;Aplikasi bisa diintal tp registerasi gagal terus padahal sedah menhikuti arahan;;
achmad joni afriyanto;04/05/2020;5;Mantap tap 👍🤝;;
Pengguna Google;21/04/2020;5;top;;
Pengguna Google;16/04/2020;5;Cepat bgt..bgus;;
Pengguna Google;06/03/2020;1;Bengkel resmi honda kualitasnya SANGAT JELEK, bahkan di bengkel BINTANG CIMONE kemungkinan ada indikasi PENIPUAN. Saya dijanjikan untuk pengecatan ulang ternyata hanya dipoles. Dan saya mengalami kerugian bertambahnya kilometer mobil, pdhal diawal sy blg tidak mau mobilnya dibawa, sy minta bagian yg bermasalah dicopot. Dan tindakan dari DIREKTUR nya bernama PETER dan KA BENG nya sangat tidak terpuji dengan membentak2 saya dan dalam posisi ingin memukul saya! HONDA PAYAH JELEK MENGECEWAKAN !!!!!;;
Pengguna Google;01/03/2020;1;Cukup membantu untuk booking..tqoi mohon di tambah lagi fitur nya guna memantau perbaikan mobil untuk mengerahui progress perbaikan karena kebetulan mobil kami 10 hari repair body di sana..( dealer honda );;
Pengguna Google;03/02/2020;5;First to try;;
Pengguna Google;28/01/2020;1;APLIKASI GEJE mau mendaftar ko ga bs 👎;;
Pengguna Google;13/01/2020;1;Udah di install.. registrasi tp ga bisa, keterangan motor tidak ditemukan, padahal dah ngisi sesuai stnk.. Parah;;
Pengguna Google;06/01/2020;1;Knpa ga slalu berhasil setiap sy registrasi alasnnya nomor kendaraan blum terdaftar;;
Pengguna Google;02/01/2020;1;Ternyata hanya untuk sekedar pesan servis. Sy kira ada Info2 tentang berkendara. Aplikasi unfaedah;;
Pengguna Google;25/12/2019;1;Aplikasi apa ini, di download tidak bisa, belum di gunakan aja sudah bikin susah apalagi pas di pelayanan nya;;
Pengguna Google;22/12/2019;1;Mau registrasi saja tidak bisa katanya tidak terkoneksi internet padahal wifi lancar jaya. Mohon diperbaiki. Terimakasih.;;
Pengguna Google;17/12/2019;1;Ga bisa registrasi, payah;;
Pengguna Google;16/12/2019;1;"Ga bisa booking service, padahal tanggal dan jam yg dipilih tersedia, dealer pun juga tersedia. Tapi tetep ga bisa pesan. Lah kemarin"" disarankan buat booking lewat aplikasi. Ini malah ga bisa. Piye ya.";;
Pengguna Google;09/12/2019;1;Aplikasi Trial Error.. mobil tidak terdaftar.. input data salah terus.. Parah.. bikin malu honda saja..;;
Pengguna Google;07/12/2019;1;Tidak bisa mendaftar bilang eror terus padahal mobilku baru. Mau boking service susah. Capedeh...........;;
Pengguna Google;29/11/2019;1;Kenapa kok pada saat pilih menu....misal booking service lama banget loading nya....dan akhirnya gagal;;
Pengguna Google;23/11/2019;5;Ok;;
Pengguna Google;21/11/2019;1;Tdk bisa registrasi;;
Pengguna Google;11/11/2019;1;Tidak bisa aktivasi, tolong bantu...;;
Pengguna Google;16/10/2019;2;Kenapa registrasi pengguna baru sdh di masukan nomor rangka nomor mesin tdk bisa juga masuk ada yg bisa jelaskan;;
Pengguna Google;21/09/2019;1;Saya registrasi kok nggak bisa ya...pesanya kendaraan anda blm terdaftar;;
Pengguna Google;27/08/2019;1;Booking service untuk area Kab. Semarang (Honda semarang s/d honda salatiga) pinggir tidak ada yang bisa semua, percuma ada menu booking service;;
Pengguna Google;26/07/2019;1;ngga bisa registrasi...hueheuuhueehheee;;
Pengguna Google;26/07/2019;2;entar kalau bagus jadi bintang 5;;
Pengguna Google;24/07/2019;5;"tidak dapat melakukan aktifasi profil sehingga tidak dapat melakukan booking service, setiap dimasukkan kodenya selalu gagal, tapi ketika meminta untuk mengirim kembali kode, kode tidak terkirim malah muncul pop up dr aplikasi mengatakan ""selamat, akun anda telah aktif"" tapi masih tidak dapat melakukan booking service. kacau, harap diperbaiki";;
Pengguna Google;19/07/2019;3;poin pertama, baiknya segala historical perbaikan di beres tercatat pada app. poin ke dua, baiknya disiapkan katalog sparepart agar cstmr dapat memesan part yg di perlukan jika terjadi kerusaka. di luar beres.;;
Pengguna Google;19/07/2019;5;good;;
Pengguna Google;17/07/2019;5;mannnnnntaaaaaap;;
Pengguna Google;08/07/2019;3;bagusss;;
Pengguna Google;07/07/2019;2;mantap;;
Pengguna Google;30/06/2019;1;Gua kecewa sm sales. 1 Dari DP 19 juta lebih tiba2 keluar PO DP 27 juta tanpa ada konfirmasi sm gua.2 perjanjian stnk keluar baru cicilan jalan.malah mobil blm kasih unit ke gua sm stnk malah sdh berjalan cicilan.gua ngomong baik2 sm salesnya.sales lebih galak sm gua .keluar uang gua bukan sales.sales kayak tai.bilang stnk keluar 14 hari kerja.sabtu sm minggu tuh gua tau nggak di hitung.gua mau tau sj stnk pasti keluar 14 hari kerja apa nggak.kalo nggak gua masukin ke sosial biar orang tau;;
Pengguna Google;18/06/2019;1;udah masukin noka nosin masa kendaraan blom terdaftar .. aplikasi aneh;;
Pengguna Google;10/06/2019;5;ok;;
Pengguna Google;08/06/2019;5;Boking jadi lebih mudah via online;;
Pengguna Google;29/05/2019;2;ko tidak bisa daftar.pdahal saya sudah masukin semua dengan benar???;;
Pengguna Google;27/05/2019;2;booking service gagal terus, padahal tertulisnya tersedia. tapi suruh rescedule terus;;
Pengguna Google;15/05/2019;5;ook;;
Pengguna Google;06/05/2019;1;untuk aktivasi nya tidak pernah kode terkirim ke email saya;;
Pengguna Google;28/04/2019;1;"tidak bisa login fail terus, pesannya ""Proses terlalu lama silahkan coba lagi""";;
Pengguna Google;26/04/2019;4;ok;;
Pengguna Google;24/04/2019;5;sangat membantu waktu service;;
Pengguna Google;24/04/2019;5;mantthuull;;
Pengguna Google;13/04/2019;5;good job thanks😁😇😎;;
Pengguna Google;12/04/2019;4;utk aplikasi sebenarnya sudah membantu karena ada info lokasi dealer atau bengkel resminya, nah kedepannya harapan saya history service kendaraanya jadi fitur di dalamnya. jadi kalau mau service bisa kebaca kapan nih waktunya service (reminder) dan apa saja yg sudah di service pd waktu sebelum sebelumnya termasuk biaya atau harganya. bagus lagi didalam apps tsb ada pricelist sparepartnya. cuman saran sih :);;
Pengguna Google;11/04/2019;5;mantul nih,,, gk perlu antri lama, gk perlu repot cari bengkel buat service. honda is the best.;;
Pengguna Google;11/04/2019;5;sangat membantu pengguna mobil honda untuk mencari dealer sejabodetabek;;
Pengguna Google;09/04/2019;5;Good;;
Pengguna Google;09/04/2019;5;Dealer jadi mudah mengatur shedule service booking sehingga customer tidak antri lama, customer bisa menentukan sendiri jadwal booking service sesuai kebutuhan dan jg customer tidak antri pada saat service di dealer. Online booking menjadikan customer priority.;;
Pengguna Google;05/04/2019;5;bagus;;
Pengguna Google;05/04/2019;5;apknya sangat bagus sekali, tidak ada iklan sama sekali.;;
Pengguna Google;04/04/2019;5;ameziiinnggg;;
Pengguna Google;04/04/2019;5;aplikasi yg menguntungkan bagi customer karena sangat mudah dalam melakukan booking. top 5 bintang ...;;
Pengguna Google;03/04/2019;5;cakep n mantap jadi gampang nga perlu tanya2 gi;;
Pengguna Google;03/04/2019;5;baguss...;;
Pengguna Google;02/04/2019;5;sangat membantu;;
Pengguna Google;01/04/2019;1;Semua field sudah diisi sesuai dokumen. Tapi sistem reply kendaraan belum terdaftar. plus susah diakses.;;
Pengguna Google;01/04/2019;5;ok;;
Pengguna Google;30/03/2019;1;kendaraan tidak terdaftar. jadi tidak bisa masuk. padahal sudah masukan no yg sesuai;;
Pengguna Google;29/03/2019;5;ok;;
Pengguna Google;29/03/2019;5;bagus;;
Pengguna Google;29/03/2019;5;siip;;
Pengguna Google;29/03/2019;5;terus ditingkatkan fiturnya;;
Pengguna Google;28/03/2019;1;ga bisa register;;
Pengguna Google;28/03/2019;5;sangat bagus dan bermanfaat;;
Pengguna Google;28/03/2019;1;ok;;
Pengguna Google;16/02/2019;1;apps ngga jelas, ngga bisa daftar padahal data sudah sesuai tpi katanya kendaraan belum trdaftar. uninstall lah;;
Pengguna Google;15/02/2019;5;ok;;
Pengguna Google;10/02/2019;1;ga bisa daftar mohon d perbaiki;;
Pengguna Google;03/01/2019;5;muantap;;
Pengguna Google;19/12/2018;5;bagus;;
Pengguna Google;28/11/2018;5;Mantap honda;;
Pengguna Google;15/11/2018;1;Payah banget aktivasi berkali kali tetap ga bisa, percuma aplikasi nya belum sempurna. Membingungkan...;;
Pengguna Google;03/11/2018;1;Yang bisa akses cuma yang punya mobil yang lagi nyari mobil ga bisa lihat katalog mobil nya Harus log in pake no rangka sama plat nomor;;
Pengguna Google;22/10/2018;5;sangat membantu;;
Pengguna Google;02/10/2018;1;Aplikasi belum sempurna sudah dilaunch...regristasi aja gak dikenal...payah;;
Pengguna Google;14/09/2018;1;Mo regist keterangan kendaraan tdk terdaftar?? Pdhal udh bner nmor2 kendaraan ssuai stnk. Ga like;;
Pengguna Google;17/08/2018;5;Josht Gandos;;
Pengguna Google;28/07/2018;3;Aplikasi nya ga bisa lgs dibuka, selalu lewat play store, knp ya..;;
Pengguna Google;19/07/2018;5;Mantap;;
Pengguna Google;03/07/2018;3;Bintang 3 dulu, aplikasi nya sudah lebih baik dari yg sebelum nya, hanya saja belum bisa pilih dealer saat melakukan booking untuk wilayah Padang Sumatra barat.;;
Farrij Odie;10/03/2026;1;"aplikasi tidak berfungsi dengan kendala ""tidak ada jaringan"" padahal koneksi internet baik wifi maupun seluler tidak ada kendala";;
tar toe;20/12/2025;2;satu slot jam booking bisa diisi lebih dari satu mobil...antre2 juga tidak ada bedanya dengan tanpa booking untuk honda bintaro tolong dibenahi;;
zero enternity;13/04/2026;2;app membantu dan mempermudah customer .mau dikasih *7 ga ada, saya kisih ** dulu, app Honde e care loadingnya ngesot;;
Robet Sianturi;31/12/2025;5;Pelayanan sangat baik dan informasi yang di berikan sangat memuaskan;;
zahidi kamaluddin;06/12/2025;5;pelayanan penjelasan cukup jelas , ramah dan menunggu sambil minum kopi.terimakasih.;;
A.Yuly Asriaman (Aman);06/06/2021;2;Booking hanya dibatasi sekitar sebulan, bagusnya sudah support booking 6 bulan kemudian, riwayat service kita tidak ditampilkan, bagus juga disediakan list part yang akan di periksa dan ganti di service berikutnya sera lebih bagus lagi jika disediakan dengan estimation biaya service berkala kendaraan kita, semoga bisa jadi masukan buat pengembang app Honda e-Care, dan terealisasikan.;;
Mardi Burhan;07/11/2020;3;Kasih Bintang 3 sjaa.. Aplikasi cuma membantu Untuk booking saja... Sebaiknya hasil pengecekan detail kendaraan juga bisa ditampilkan...termasuk informasi permasalahan kendaraan yg ditemukan. Masih perlu pengembangan aplikasinya...bukan cuma bisa booking saja...;;
joko sulistomo;05/03/2026;2;tgl 3-3-26 selasa kmrn servis tapi history belum nambah yg baru lemot amad nih aplikasi;;
Ar Wahyu Pradana;30/03/2024;3;Sering crash bg dev keluar2 sendiri, terutama waktu di home page. Ada bug notif juga, semua pesan sudah diklik tp masih ada notif pesan tertinggal. Sudah coba relogin masih sama hasilnya.;;
Zayyid M;15/08/2023;5;Aplikasi masih butuh pengembangan . Pelayanan luar biasa baik, diantar sampai mobil, dijelaskan detail pembayaran, pegawai ramah sekali, waiting room mantap . walaupun saran , di waiting room next smg ada kue2 selain snack. Tingkatkan terus dan pertahankan pelayanan ya;;
Hasanuddin;05/12/2020;2;"No. Polisi, No. Rangka dan No. Mesin sudah diisi dengan benar, tapi waktu diklik SIMPAN selalu muncul pesan ""Kendaraan tidak ditemukan atau belum terdaftar"" Mohon info selanjutnya... Sementara ⭐⭐ dulu... Kalo sudah terdaftar, saya kasih ⭐⭐⭐⭐⭐";;
Deni dwi prasetyo;20/11/2023;1;Bintang 1 karna untuk update pengerjaan mobil yg d service ngk ada.. Apk cuma bisa buat boking doang .. menuh menuhin memory hp doang. Harusnya apk ini bisa untuk pengecekan pengerjaan mobil sudah selesai atau belum di servicenya&total biaya .. Jadi sbg pengguna H-ECARE terbantu dengan adanya info tersebut.;;
Pengguna Google;12/04/2019;4;utk aplikasi sebenarnya sudah membantu karena ada info lokasi dealer atau bengkel resminya, nah kedepannya harapan saya history service kendaraanya jadi fitur di dalamnya. jadi kalau mau service bisa kebaca kapan nih waktunya service (reminder) dan apa saja yg sudah di service pd waktu sebelum sebelumnya termasuk biaya atau harganya. bagus lagi didalam apps tsb ada pricelist sparepartnya. cuman saran sih :);;
Pengguna Google;24/07/2019;5;"tidak dapat melakukan aktifasi profil sehingga tidak dapat melakukan booking service, setiap dimasukkan kodenya selalu gagal, tapi ketika meminta untuk mengirim kembali kode, kode tidak terkirim malah muncul pop up dr aplikasi mengatakan ""selamat, akun anda telah aktif"" tapi masih tidak dapat melakukan booking service. kacau, harap diperbaiki";;
Rizqa Karima;26/10/2021;1;"Sudah berhari-hari coba mendaftar kan kendaraan sesuai dengan yang di STNK selalu jawabannya ""kendaraan tidak ditemukan atau anda belum mendaftar"" padahal jelas2 sudah mendaftar..coba dengan email lain..ternyata sama saja... tolong di perbaiki";;
Zahra nazula;12/01/2023;5;Mohon bantu dong kenapa aplikasinya tidak bisa digunakan. Padahal udah pernah dipakai juga. Tp semuanya hilang. Sudah isi no rangka dll nya. Tp pas masukin email tidak bisa dibuka. Sudah coba registrasi ulang malah sudah terdaftar;;
Johnson Pasaribu;13/07/2021;1;Aplikasi abal2 Dalam aplikasi disuruh milih waktu yg tersedia....tapi dari call center..bilang waktu tdk tersedia dan seenaknya aja merubah waktunya. Seharusnya kalau slot waktu tdk tersedia lagi...maka customer tdk bisa lagi memilih waktu yg dicantumkan dalam aplikasi.;;
Toni Men;05/04/2024;2;hari ini benar2 berasa dirugikan, mau service berkala tapi tiba pas mau bayar, tagihan nya di service tambahan banyak yg kita ga tau, tiba2 ada, sperti, wax body, cleaning glass dan perbersihn ac dll, sampai 2 jutaan, total 5 jutaan, di awal ga di kasi tau, knp bisa di masukin service tambahan sperti itu, padahal mobil sy pakai stiket wrapping full body, apa nya yg mau di wax body dan cleaning glass, mahal lagi, nipu2 halus caranya bgitu, @hondatebet;;
Erfan Arsy;19/07/2020;1;2 exceptions occurred.. Ko gini terus . Tidak di beri tau hal apa yang di tolak biar bisa di perbaiki .. Tiba2 aplikasi tidak bisa di gunakan . Padahal blom pernah di gunakan untuk booking . Seharus nya klo ada hal yang tidak di setujui di beri tahu liat pemberitahuan. Atau email.;;
Tri Agus Tyo;16/10/2020;1;Ini aplikasi buat gemes ingin dibanting, ko bisa ya?? Minta tolong dong Tim Honda, aplikasinya malu-maluin Pemilik Honda, masa aplikasi tidak ada tombol save/ok/no/konfirm, sudah diinput hilang, pilih type ga tau tombol di umpetin dimana, hadeuhhh;;
Risang Ardi Toni P;01/04/2024;2;Aplikasi berhenti di 99% ketika di update, lalu aplikasi di hp tampilan info nya menjadi kosong. Akann kembali klo sudah diperbaiki;;
Hikma Rahmania;20/12/2022;4;ada yang bisa jawab, saya daftar kendaraan baru saat pengisian nomor rangka, muncul pemberitahuan kendaraan sudah didaftarkan akun lain dan muncul dua opsi 1.saya pemilik baru 2. permintaan akses data kepemilik utama. pertanyaannya siapa pemilik utama sedangkan saya beli yang baru?;;
Way Nonong;09/04/2024;1;Sebaiknya tdk usah pakai lampiran KTP, stnk saja cukup, jadi makin susah registrasi nya, padahal dulu sy sdh download dan kendaraan sdh terdaftar...skr malah susah memasukkan daftar kendaraan, tlg dibantu;;
Erlandsyah Fajri;01/02/2023;1;Aplikasi ngaco, udah regist dan isi data lengkap mobil segala macem sampe no KTP dan berhasil regist. Tapi, setelah sehari gak dibuka data regist mobil saya hilang lagi, mesti regist ulang. Kalo punya aplikasi belum siap launching gausah launching, awas aja kalo sampe data saya bocor di pake sama oknum. Saya somasi nih aplikasi.;;
Bozt Maul;02/02/2022;1;Semenjak update Honda e-Care kacau, mulai dari data kendaraan hilang sehingga tidak bisa booking service. Setelah di input kembali, yang keluar harus konfirmasi kepemilikan... Hingga kini belum ada SOLUSI;;
irmy satria;22/06/2022;1;Semakin Ribet. Kemarin bisa cek service record dengan mudah. tanpa isi data diri atau kirim persetujuan ke pemilik sebelum nya. Sekarang harus isi data diri / kirim persetujuan ke pemilik sebelum nya. Bagaimana kalau misal nya calon pembeli mobil bekas tau kalau itu mobil kilometer masih asli dan mobil selalu terawat di honda kalau proses nya ribet. Semoga Di Kembalikan Seperti Kemarin Aplikasi Nya. Thx U;;
Budiman PGL;04/09/2020;1;Sudah berbulan2 coba tetap gak bisa registrasi. Tanya ke bengkel resmi juga tidak bisa membantu. Lebih baik tidak usah mengeluarkan aplikasi tapi tidak siap dan menyusahkan pemilik kendaraan. Seperti hanya ikut2an punya aplikasi, biar dianggap keren dan melek teknologi😠;;
Dedy Lovina;28/06/2023;1;Susah ribet..mw booking service hrs ulang2 isi data,no mesin, no rangka,isi profile Lg..udh sejam muter2 aja...d buat simple dong..kan mw booking bukan mw beli..masukin plat,jam booking aja cukup kali ya..ga PK ribet..mohon d rubah syatemnta ya..tnx;;
Usman Yusup;28/01/2025;2;Aplikasi tidak ada reminder booking, klo lupa ya percuma saja.. harusnya ada reminder dan menu re-schedule.;;
Mahendra Yt;28/12/2023;1;Pengalaman saya ketika membeli paket mini 80rb km, (kesempatan terakhir membeli paket mini krn 90rb km tidak dapat beli lagi) di tgl 16 Des 23 saya tdk dapat datang servis utk ambil 1x servis lagi dan itu hangus. Saya tdk bs karena diluar kota dan sdh telp cs internusa cibinong dan pusat. Tetap tidak bisa. Apakah perusahaan besar sekaku ini? Untuk mempertahankan nasabah loh ini anda tetap kaku terhadap kebijakan anda. Padahal cuma minta kelonggaran sampai 29 Des 23, saya beli loh bkn hutang;;
Yati Rohayati;19/03/2021;1;kode voucher sudah dimasukan saat booking tapi tidak bisa dipakai saat sampai di dealer karena tidak muncul kodenya di aplikasi dan malah menyalahkan hp user. padahal tinggal cek di dashboard atau lngsung saja query databasenya kalau tidak ada dashboard sistemnya!;;
Toto Apriyanto;16/09/2020;1;Aplikasi ini harus bisa mengCek Histori kendaraan, seperti aplikasi Kompetitor.. Dgn menginput NIK dan no. Pol nya. Agar minimal ada remaindernya juga jika lupa schedule service berkala;;
Zie Fauzi;09/11/2023;1;Sekelas HONDA punya aplikasi sampah begini ya, mau daftar susah bener, malah di notif kalau mobil sdh pernah di daftarkan, lah.... baru jg di instal ini aplikasi, baru jg pny mobil merk HONDA, plat nomer jg blm ada sebulan umurnya... ya mobil nya, ya bengkelnya, ya aftersales nya, bahkan smpe aplikasinya jg sampah.. nyesel bner ambil ni mobil.. mobil baru sebulan jg trouble nya udh bejibun...;;
MyCR-V;07/01/2025;3;Sudah bagus, hanya perlu di maksimalkan lagi keterangannya, Contoh Asal mobil dudapatkan dari mana atau tempat pembelian Mobilnya/Motornya, Mutasi dserahnya, atau riwat lengkap terkait Mobil/motor termasuk pindah tangan. Ok Terima Kasih;;
Andre Ferdian;01/07/2025;2;Pelayanan di Gajah Motor Bypass Padang kurang bagus, saya booking via aplikasi jam 08.30 padahal saya sudah standby sebelum jam 08.30 tetapi jam 08.45 baru dilayani, kalau karyawan Customer Service masuk jam 08.30 kenapa terima layanan service sebelum jam 08.30 ada, kan Customer jadi menunggu cukup lama untuk dilayani..;;
Pengguna Google;06/03/2020;1;Bengkel resmi honda kualitasnya SANGAT JELEK, bahkan di bengkel BINTANG CIMONE kemungkinan ada indikasi PENIPUAN. Saya dijanjikan untuk pengecatan ulang ternyata hanya dipoles. Dan saya mengalami kerugian bertambahnya kilometer mobil, pdhal diawal sy blg tidak mau mobilnya dibawa, sy minta bagian yg bermasalah dicopot. Dan tindakan dari DIREKTUR nya bernama PETER dan KA BENG nya sangat tidak terpuji dengan membentak2 saya dan dalam posisi ingin memukul saya! HONDA PAYAH JELEK MENGECEWAKAN !!!!!;;
Merwan Kristian;15/11/2023;5;Keren lebih mudah, untuk jadwal servis tidak menunggu antrian lagi. Saya sudah mencoba sekali, menggunakannya bagus kok tinggal klik boking, waktu dan jamnya. Tinggal ke loket tunjukin boking kita, langsung dilayani tanpa ngambil no antrian lagi. Buat rekan2 yang baru membeli mobil, emang agak lama verifikasinya karena satunya menunggu STNKnya di verifikasi dari aplikasi. Tq ini review saya kalau saya pribadi puas dengan pelayanan aplikasi ini.;;
Pengguna Google;16/12/2019;1;"Ga bisa booking service, padahal tanggal dan jam yg dipilih tersedia, dealer pun juga tersedia. Tapi tetep ga bisa pesan. Lah kemarin"" disarankan buat booking lewat aplikasi. Ini malah ga bisa. Piye ya.";;
Rangga Mahaputra;17/02/2022;1;Ko sayah gak bisa login yaa, padahal sudah pake email cuma disitu keteranganya masukan nomor yang benar, padahal nomor saya sudah benar tapi tetep tidak bisa masuk..;;
Saeful Anwar;24/04/2025;2;harusnya ada marketplcae suku cadang beserta harganya dari mulai bamper serta stir dll biar kami bisa ada rezeki tambahan Takutnya mahal kalo udah tahu harganya kan bagi kaum pas2an sudah bisa mengira-ngira kurang lbh segitu kalo datang ke ahas;;
ADK118 TV;15/05/2022;1;Dulu sempat bisa booking servis, skrg dah ga bisa..data kendaraan hilang, input lgi suruh konfirmasi pemilik, pdhl saya pemilik pertama.. smpe skrg blm bisa ... Mohon solusinya..;;
Boby Permana;23/04/2024;1;Tolong bantuannya, aplikasi honda saya logout sendiri dan login lagi tidak bisa, keterangannya user id dan password salah. Di reset password dengan user id yg sama berhasil diubah, tapi di login dengan password yg sudah diubah keterangannya user id dan password salah. Dicoba berulang2 kali reset password dan login kembali keterangannya masih tetap sama.;;
Gunadi Saputra;28/02/2025;1;harus di perbaiki lagi mau masuk login kata sandi aja susah dan kenapa ada waktu di jatah 5 menit sedang kn kita mau servis mobil aja harus ribet seperti ini,gimana mau bersaing dengan yg lain;;
Wiwit Priyo S;16/03/2024;1;Mau masuk pertama kali, malah baris email-nya nggak bisa di klik..jadinya nggak bisa masuk.. trus gimana ini? Niat mau servis ke beres, nggak jadi akhirnya..;;
Anton Triantoro;04/08/2020;1;Gimana deh, udh milih jam sama hari, tetep aja gabisa booking, katanya proses terlalu lama..kadang2 muncul 2 errors occure;;
Arief Hidayat;29/09/2021;1;Aplikasi sampah !!! Registrasi aja gagal mulu. Udah ngisi surel alamat email dengan benar, trus pas waktu minta kode aktivasi tapi gak ada juga dikirim lewat email! Pecat aja tuh yg bikin aplikasinya!!!;;
Vania Febrianti;08/03/2023;1;Mau daftarin kendaraan aja sulit. Padahal nmr udah bener tapi kagak bisa, di suruh periksa kembali terus. Aneh sama aja gabisa digunain.;;
Ahmad Hyundai Aceh;15/03/2023;5;Buat yg daftarin dn gk bisa. Dia tunggu 2 minggu dulu dri serah Terima unitnguys. Ada namanya surat jalan kalau sdh masuk sistem. Baru data surat jln sementara tersebut dpt di pakai sebagai dta sementara buat daftarkan ke aplikasi e care. Semoga bermanfaat.;;
Jaka Purnadi;10/05/2023;1;Sekelas honda ngeluarin aplikasi ko seperti hanya pelengkap saja, tidak diperhatikan kemudahan dan fiturnya. Mestinya yang menjadi keluhan pelanggan segera di sempurnakan, mendaftarkan kendaraan aja susah jangan sampai pelanggan resah seakan kendaraannya tidak terdaftar di honda nya sendiri. maaf mohon ditingkatkan...;;
Arif Imam Taufik;10/05/2023;4;Kemaren tidak bisa di daftarkan, minta bantuan lewat email akhir nya di bantu, ternyata di sistem tercatat no mesin nya harus di sisipkan garis strip (-) dan pendaftaran berhasil , terimakasih CS honda e-care;;
Pengguna Google;09/04/2019;5;Dealer jadi mudah mengatur shedule service booking sehingga customer tidak antri lama, customer bisa menentukan sendiri jadwal booking service sesuai kebutuhan dan jg customer tidak antri pada saat service di dealer. Online booking menjadikan customer priority.;;
Moch Fauzi;06/03/2025;3;Pada hp saya tab profil, kendaraan dan pesan tidak bisa di klik. Hp:poco x3 pro. Please Fixing a bugs. Thanks;;
Enang Solehudin;16/03/2023;1;Applikasi ini sungguh beban sekali mau daftar z salah terus no rangka..padahal sudah sesuai no di sntk..mungkin ini aplikasi WAJIB DI PERBAIKI ,KALAU ADA MINUS STAR AKU TARO TUH;;
Erik S. M. Hutauruk;09/07/2022;1;Booking service seminggu sebelum jadwal dan sudah dikonfirmasi setuju oleh IDK 2 Medan, sehari sebelum jadwal dicancel tanpa ada solusi. Apa gunanya booking? After sales honda klo udah dibeli mobilnya jd begini, sbelum beli mobil kayanya bagus2 aja.;;
Yandri Gen;07/03/2026;5;Pelayanan dan informasi sangat baik;;
Galih putra;30/01/2026;1;aplikasi tidak berguna, login berulang kali tidak bisa.;;
Randy Kokong;23/10/2020;1;Aplikasi ngak guna, masa mau registrasi aja ngak bisa, tiap kali mau simpan data langsung force close aplikasinya... gimana mau booking service kayak gini 👎👎👎;;
Muhamad Indra;30/12/2025;5;aplikasi ini bagus cepat dan cara menanggapi nya bagus;;
herik Purwanto;01/11/2020;1;Saya kapan hari service diberes honda dengan pilihan paket 3. Saya kecewa karena disitu penggantian oilnya tidak sama dengan apa yang di sampaikan dikolom promosi. Dikolom promosi untuk penggantian oil tercantum kemasan 5liter, dan ternyata sampai di beres diganti pakek oil drum2man. 😑;;
Senyum Sangmentari;17/02/2021;1;Ga bisa login, Api tidak ditemukan. lokasi perkotaan, tolong diperbaiki servernya. Kalo sudah bisa login bintang ya kutambah;;
JK Halim;12/05/2023;1;Sudah beberapa kali Booking via Honda E Care selalu di bilang nya jadwal nya penuh oleh Cust Service HJC Pangjay . Padahal di jadwal nya masih kosong di Honda Ecare, Jadi buat apa booking di aplikasi tapi setelah itu selalu di rubah jadwal nya oleh CS HJC Pangjay. Tolong dong ini dari Pihak manajement di perhatikan lagi kinerja nya. Ada kasus lagi di Honda ECare saya dapat notifikasi utk upgrade software tape Audio tapi di bengkel nya bilang enggak ada yg perlu di upgrade.;;
Pengguna Google;19/07/2019;3;poin pertama, baiknya segala historical perbaikan di beres tercatat pada app. poin ke dua, baiknya disiapkan katalog sparepart agar cstmr dapat memesan part yg di perlukan jika terjadi kerusaka. di luar beres.;;
Kusuma Ulin;29/12/2025;5;customer service bengkel sangat membantu, ramah dan byk kasih inpit baik ttg kondisi kendaraan kita. trima kasih;;
Indra Jaya FX;24/05/2021;1;Aplikasi tdk bsa d pake,, aplikasi Tolol!! Bagaimana kita mau daftar recall, Login arahnya kemana dan tdk bsa, app sampah!! Ttitik GPS tdk bsa, app anjingg;;
pasfm pati;31/08/2022;5;Sangat membantu dan mempermudah servis dan pemeliharaan mobil.. hanya saja kalau bisa beaya servisnya diturunkan....shg lebih menjamin kendaraan honda.;;
dhipo widian;01/03/2022;3;untuk fungsinya apa yah ini applikasi??... booking disini malah lebih antri dari pada datang langsung. sudah booking dan dateng sampai di perbaikin tapi malah pesannya booking di batalkan... dan juga tidak masuk histori perbaikan.. kalau di bengkelnya pelayan ok. honda permata hijau.;;
dede rusmana;17/06/2021;1;Gak bisa log-in, padahal awal masih bisa, setelah diperbaharui malah gak bisa sama sekali... Tolong di perbaiki lagi.;;
Muhammad Ikbal;05/09/2023;1;Dengan adanya aplikasi ini, saya kira memudahkan konsumen untuk melakukan booking ternyata BOBROK. Terimakasih Honda sudah membuang kuota data saya, fix uninstal;;
Ferdinand Fernando;07/06/2023;1;Sangat slow respon, dari membuka aplikasi sampai dengan menunggu konfirmasi. Tingkatkan kembali pelayanannya.;;
icaroos pandu;23/08/2022;2;Lumayanlah...dari pada tidak ada, huruf kekecilan sulit membaca keterangannya. Bisa tidak untuk sparepart ada info harganya, terima kasih🙏👌;;
Arvin Wijianartha;12/02/2025;5;Honda i-Care adalah layanan purna jual yang ditawarkan oleh Honda untuk memberikan kepuasan pelanggan. Layanan ini mencakup berbagai aspek, mulai dari perawatan berkala hingga perbaikan kerusakan. Pengalaman saya dengan Honda i-Care cukup positif, meskipun ada beberapa poin yang bisa ditingkatkan. Kelebihan: - Kemudahan Akses: Menjadwalkan servis melalui aplikasi atau website Honda i-Care sangat mudah dan praktis. Sistem online ini memberikan informasi yang jelas tentang jadwal, biaya, d;;
Pengguna Google;15/11/2018;1;Payah banget aktivasi berkali kali tetap ga bisa, percuma aplikasi nya belum sempurna. Membingungkan...;;
Abam Sudrajat;07/07/2025;4;area untuk penulisan, penjelasan permasalahan, sangat terbatas. tambahkan jumlah kata yang bisa ditampung! misalnya maksimal 500 atau 700 huruf!;;
Melly Aryani;22/12/2024;4;Ini kenapa ya aplikasinya ngga bisa dibuka, minta di update tapi ngga muncul ngga bisa di-update. Jadinya sekarang di-update ga bisa, dibuka juga ga bisa. Gimana ni?;;
Nova Juliana;16/01/2023;5;Sangat memuaskan & membantu sekali terbantu sekali dengan aplikasi nya saat mau booking service lebih mudah. 👍👍👍👍👍👍👍;;
Indra Shieventri;21/10/2020;1;Sudah berbulan bulan registrasi mobil nya tapi gak bisa-bisa dan gedeknya nya lagi buat booking service juga gak bisa;;
Jeremia Bimo;27/02/2022;1;"Saya sudah memasukan Noka dan Nosin dengan benar tapi muncul notifikasi ""periksa kembali Nosin dan Noka anda"". Lalu bagaimana cara saya membooking kalau kaya gini??";;
Rizqy Octaviano;03/09/2020;1;Ngga bs registrasi....diulang2 smp berkali2...jawabannya tetep mbl blm terdaftar...trus mksdnya bikin aplikasi ini buat apa kl registrasi aj ga bisa;;
yos suryadharma;12/02/2024;1;Kolom email tidak bisa dimasukan saat hendak menambahkan kendaraan pada aplikasi , tidak bisa disimpan karena email belum terisi;;
Tony Paser;10/10/2020;2;tidak bisa registrasi. saat masuk registrasi,minta kode aktivasi tidak pernah muncul. tolong disempurnakan aplikasinya;;
Pengguna Google;03/11/2018;1;Yang bisa akses cuma yang punya mobil yang lagi nyari mobil ga bisa lihat katalog mobil nya Harus log in pake no rangka sama plat nomor;;
Edie Yang;29/05/2025;5;tanggal 27 update tiba2 pilihan dalam aplikasi tidak bisa di klik seperti booking,iklan dan voucher... namun ketika logout iklan bisa di klik...;;
Faiez Alvino;21/05/2021;1;Parah parah. Udah instal 2x tapi ga bisa log in. Gila sih ini bikin apk buat ngabisin kuota customer ajah;;
Raisza Ayunda;12/02/2024;1;Susah banget untuk tambah kendaraan semua salah, harua dibenahi lagi aplikasinya sangat tidak bermanfaat;;
Pengguna Google;01/03/2020;1;Cukup membantu untuk booking..tqoi mohon di tambah lagi fitur nya guna memantau perbaikan mobil untuk mengerahui progress perbaikan karena kebetulan mobil kami 10 hari repair body di sana..( dealer honda );;
Pengguna Google;29/11/2019;1;Kenapa kok pada saat pilih menu....misal booking service lama banget loading nya....dan akhirnya gagal;;
bagus sharp denpasar;23/12/2024;5;Mau tanya itu bagaimana cara membuka dan mau baca kotak pesan ya , kok gak bisa di klik sama sekali min;;
Pengguna Google;01/04/2019;1;Semua field sudah diisi sesuai dokumen. Tapi sistem reply kendaraan belum terdaftar. plus susah diakses.;;
Harnanto Sukmantoro;20/10/2020;1;Aplikasi abal-abal. Tidak ada tombol booking di halaman booking, cepat perbaiki!;;
Hadi Prabowo;16/01/2025;4;pada pengisian : tanpa service berkala hanya satu pilihan yaitu 72 bulan/120.000 km. Sebaiknya bisa diisi sesuai km mobil;;
Kartini Dewi;03/05/2023;5;Kak.., ini aplikasi update, log out sendiri. Saya lupa kata sandi, kok tidak bisa di klik lupa sandi dan kirim email dinotif, data pengguna tidak ditemukan. Gimana yaa kak? Tks;;
tode kanasaki;02/04/2024;5;izin kak, booking tidak bisa di hari H, apakah menjamin dapat antrian jika langsung datang (pagi) ? trus masukan aja kak, untuk ketersediaan sparepart, alangkah baiknya sesama honda bisa nge-link (berkordinasi via telp, wasap), jadi kita konsumen ga random datangi cabang hanya untuk menanyakan ketersedian spare part, terimakasih, maaf bila ada kata yg kurang berkenan;;
Pengguna Google;16/02/2019;1;apps ngga jelas, ngga bisa daftar padahal data sudah sesuai tpi katanya kendaraan belum trdaftar. uninstall lah;;
Pengguna Google;22/12/2019;1;Mau registrasi saja tidak bisa katanya tidak terkoneksi internet padahal wifi lancar jaya. Mohon diperbaiki. Terimakasih.;;
Win Saukani;02/04/2025;5;dengan booking service lebih enak dan ga ribet...stiap service berkala selalu mamakai aflikadi ini..👍👍;;
obral Tas;18/04/2026;1;aplikasi error, tulisannya handshake failed, di android 9;;
Atep syahreja official;02/01/2026;5;pelayanan nya luar biasa bagus banget;;
Ikin Sadikin;11/01/2024;5;Pelayanan yg ramah dan memberikan penjelasan yg tepat, akurat dan pergantian sparepart yg original pada waktu service kendaraan,,,;;
Armi Hindratno;30/12/2025;4;pelayanan bagus,Zachsaid4 welcome..komunikatif..;;
Agus Suroto;01/12/2024;5;Gampang akses dan prosedur nya. Membantu memudahkan pemilik Honda merawat mobil. Banyak Promonya juga.;;
Diandra Raditya;13/12/2024;1;Bug nya banyak banget sinyal full plus wifi gak konek² bener² ni aplikasi;;
Pengguna Google;11/04/2019;5;mantul nih,,, gk perlu antri lama, gk perlu repot cari bengkel buat service. honda is the best.;;
Pengguna Google;28/04/2019;1;"tidak bisa login fail terus, pesannya ""Proses terlalu lama silahkan coba lagi""";;
Pengguna Google;02/01/2020;1;Ternyata hanya untuk sekedar pesan servis. Sy kira ada Info2 tentang berkendara. Aplikasi unfaedah;;
Yanto Sugianto;02/12/2022;3;Fitur Booking Service tidak bisa digunakan, pengisian data terhenti;;
Ibni Maulia priantono;16/07/2020;1;Tidak bisa registrasi ,kendaraan tidak terdaftar alias tidak di ketemukan;;
Benny eck;08/06/2021;1;Aplikasi sampah, udh coba ulang2 masukin data tetap aja kendaraan blm terdaftar.;;
Muh Asri;17/04/2023;1;Jadwalnya booking service tdk singkron dengan dealer,..tdk update. Auto delete;;
Pengguna Google;25/12/2019;1;Aplikasi apa ini, di download tidak bisa, belum di gunakan aja sudah bikin susah apalagi pas di pelayanan nya;;
Agus Sugiyanto;01/08/2020;1;Yth. Pengelola Honda e-Care, kenapa selalu terjadi eror ketika saya mau daftar di aplikasi ini?;;
Pengguna Google;30/03/2019;1;kendaraan tidak terdaftar. jadi tidak bisa masuk. padahal sudah masukan no yg sesuai;;
Jhonny Wijaya;27/05/2023;3;Kenapa ga bs masuk ke aplikasi y loading logo awal sudah setengah jam tetapi g masuk2 ke aplikasi? Makasih;;
Pengguna Google;04/04/2019;5;aplikasi yg menguntungkan bagi customer karena sangat mudah dalam melakukan booking. top 5 bintang ...;;
Abdul Haris;15/01/2021;2;Aplikasi ini nggak baik. katanya promo diskon khusus sampai 50/25 sampai tempat servis nggak ada potongan voucher nya,;;
Dika Alnas;21/11/2021;1;Nggak bisa registrasi kendaraan, keterangannya kendaraan tdk ditemukan;;
Pengguna Google;09/12/2019;1;Aplikasi Trial Error.. mobil tidak terdaftar.. input data salah terus.. Parah.. bikin malu honda saja..;;
Sri Warmayanti;03/03/2025;5;Pelayanan Honda sangat bagus terhadap pembeli, cepat, dan informaainya mudah di mengerti, sehingga pembeli meras puas belanja di honda.;;
Joko Budi S;26/06/2023;1;Udah daftar di aplikasi tapi tapi service nya full antri terus ngapain buat aplikasi untuk service kalau kek gini;;
Ainur Rofiq Habibie;10/06/2023;1;Aplikasi tidak berguna mau booking jam service ga bisa semua sudah merah dan silang semua;;
Joko Iswoyo;09/10/2023;5;Pelayanan bagus dan ramah , dan hasil service bagus , juga tempat menunggunya nyaman sekali;;
Abas Basrurowi;02/12/2024;5;Mudah digunakan, dan berguna banget. Saran : Hp Android Tema Gelap, kursor huruf tidak muncul;;
Dadan Budiana;09/11/2023;2;masih susah registrasi dan approve verifikasinya bertele tele menyulitkan kita semuanya 🤔 segini dulu ratingnya;;
Pengguna Google;27/05/2019;2;booking service gagal terus, padahal tertulisnya tersedia. tapi suruh rescedule terus;;
TRI NUR WIDJAYA;26/05/2023;1;Setelah di update malah gak bisa masuk ini gimana hello honda saya mau booking service gak bisal,ini sudah 2hari loging SUSAH;;
beni oktopiansah;07/02/2025;5;Aplikasi ini sangat membantu saat mau service berkala dan layanan darurat. terus sempurnakan fiturnya;;
Pengguna Google;13/01/2020;1;Udah di install.. registrasi tp ga bisa, keterangan motor tidak ditemukan, padahal dah ngisi sesuai stnk.. Parah;;
Estiyanto Sri Nugroho;25/12/2024;5;aplikasi cukup membantu, kekuranganya adalah tidak ada menu perhitungan estimasi biaya service;;
desfitriady sikumbang;02/08/2020;1;Susaaaaah banget registrasinya ya... Koq Honda yg sudah mempunyai teknologi terkini tapi IT nya sepertinya abal-abal... Benerin atuh biar Honda tetap keren...;;
Andika Gifari Dwitama;25/11/2024;5;Aplikasi yang sangat membantu untuk servis mobil. Prosesnya mudah dan cepat;;
agus kuncoro;01/03/2025;5;Sudah 4 kali service berjalan dengan baik, kecuali service terakhir disarankan spooring... 🤭;;
Doni Kurniawan;15/08/2025;1;habis di uptade , tidak bisa boking servis data2 ilang semua udh dimasukin ulang tetep g bisaa;;
kabar viral borneo;10/02/2025;5;aplikasi ini sangat membantu untuk booking service tanpa harus repot antri lg..bisa tentuin sendiri waktu buat service nya;;
Ferry Widjaja;31/08/2024;5;Sebenarnya bagus, hanya tidak ada feature progress servicenya;;
Mohamad Rahmatullah Siddiq;02/02/2023;5;Aplikasi ini sangat membantu sekali bagi pemilik mobil honda. Kemudahan dalam perawatan kendaraan baik informasi produk, bengkel jg servis bisa diakomodasi melalui Honda e-care. Semoga bisa dipertahankan kualitasnya dan menjadi lebih baik lagi;;
Cucu Latipah;12/12/2023;1;Daftar doang ge susah bener , no rangka atau mesin salah mulu padahal udah bener , heran sama apk ini;;
Pengguna Google;16/10/2019;2;Kenapa registrasi pengguna baru sdh di masukan nomor rangka nomor mesin tdk bisa juga masuk ada yg bisa jelaskan;;
Selfidevira 16;13/08/2024;5;Sangat memuaskan ramah dan baik semua petugas nya .selalu berikan yg terbaik buat belanggan nya;;
Pengguna Google;05/04/2019;5;apknya sangat bagus sekali, tidak ada iklan sama sekali.;;
Pengguna Google;06/01/2020;1;Knpa ga slalu berhasil setiap sy registrasi alasnnya nomor kendaraan blum terdaftar;;
Noris Hidayat;13/05/2020;1;Aplikasi bisa diintal tp registerasi gagal terus padahal sedah menhikuti arahan;;
Abdi Negara;04/04/2025;5;sangat membantu sekali untuk perawatan maupun perbaikan mobil.. good job..;;
Pengguna Google;07/12/2019;1;Tidak bisa mendaftar bilang eror terus padahal mobilku baru. Mau boking service susah. Capedeh...........;;
Wahyu Trihandoko;23/01/2025;5;Aplikasi sangat membantu sekali walaupun ganti atau tambah unit mobil Honda lainnya;;
Dafan Andriansyah;15/08/2025;1;gabisa masukin data kendaraan. ngebug trus force close;;
abenk byon;14/07/2021;2;Serius aplikasi ini dibuat untuk memberi kemudahan customer? Sampai kapan aplikasi ini akan bisa di akses? Mungkin ada solusi pengganti aplikasi ini, agar bisa diakses dan memberi kemudahan customer 🙏;;
Ahmad Surgahadi;16/07/2020;1;Tidak bisa registrasi, kendaraan tidak terdaftar;;
Kode Tan Sun Ie;07/01/2022;1;Ini kenapa not responding ? di update gak bisa log in juga.;;
Murahmat Jansen;02/04/2024;4;Memudahkan bagi konsumen untuk melakukan perbaikan atau penggantian spare part mobil, bisa melihat riwayat perbaikan yang telah diperbaiki;;
Kasmudji Suprijanto;01/06/2025;5;Aplikasi nya mudah dan sederhana serta applicable....;;
Purwanto Sri;11/10/2020;1;Sudah registrasi katanya voucher di SMS, di tunggu gak ada... Dan tanya ke Honda, mereka gak tahu apa2...;;
Muh Taqwa;09/10/2025;1;Nopol tidak sesuai dengan data sebelumnya, berubah sendiri, di update tidak bisa;;
Kenzy Vip;14/05/2024;1;Kok gk bisa tandain lokasi gps aktif semua mau boking service maah susah;;
Pengguna Google;21/09/2019;1;Saya registrasi kok nggak bisa ya...pesanya kendaraan anda blm terdaftar;;
Baskoro Setiyo;17/04/2021;5;Dapat melakukan booking service, tanpa antri ke dealer dan menunggu lama..;;
Handoko Syahputra;17/03/2023;5;Sangat bagus dan membantu konsumen dalam melakukan booking service;;
Elvynza Fernanda30;13/01/2022;1;Masih banyak para teknisi yang mempermainkan konsumen. Sangat mengecewakan!!!;;
Rahman Wahyudi;05/02/2022;5;Fungsinya sudah bagus dan informasinya komplit;;
nani rosianingsih;26/07/2025;4;bermanfaat, tidak perlu ribet, tinggal catat semua keluhan ,pilih jam service beres;;
Fransisca Cas;18/11/2025;5;Pelayanan nya ramah dan bagus mengerjakan nya..;;
Davit Nugroho;20/12/2022;1;Tolong ga usah kirim2 pesan sok mengingat untuk server, gara2 pesan itu saya debat sama orang rumah, jadi jangan menggangguku kenyamanan terimakasih!!!;;
Dharma Yasa;29/07/2024;5;Sangat memuaskan petugasnya sangat ramah dan cepat dalam pelayanan;;
Hery Trijantan;20/12/2024;5;Pelayanannya sangat cepat dan baik,pertahankan dan tingkatkan.;;
GenoL Sudarsono;11/01/2025;5;Booking service yg mudah dan tidak ribet;;
Elvin;30/01/2023;1;Udah booking status 2 hari menunggu konfirmasi terus tidak ada pihak dealler yg menghubungi pas hari H malah dibatalkan sepihak;;
Sukses Bahagia (profitrader);02/08/2023;5;Sangat baik dan cepat dalam response pelanggan..;;
Daeng nyao;15/10/2020;2;Kok lokasi palopo tidak bs booking... Padahal beres sanggar laut selatan ada;;
Mr 13;14/04/2026;1;sering error aplikasinya;;
Jupriansyah;05/05/2024;1;Setelah update malah tidak bisa di buka ,error path;;
SOLEH HARTADI;10/03/2025;4;Mudah mudah cepet dan ga banyak biaya;;
Ami Seba;06/12/2024;5;pelayanan baik dan cepat respon petugasnya, ruang tunggu dan fasilitasnya baik;;
Indra Kuswandi;28/08/2020;1;Tidak bisa register, no rangka no mesin tidak terdaftar;;
sugi harto;12/03/2025;5;Booking service mobil Honda yang mudah dan cepat tanpa kendala jarak dan waktu;;
Inoue Putra;16/01/2023;5;Sangat membantu sekali untuk proses servicenya dan klaim;;
BAYANAKA Susanto;29/11/2024;5;aplikasinya bagus mempermudah customer dan maintenance kendaraan;;
Sam Neutron;16/03/2022;5;Sekarang saya kasih bintang 5, aplikasinya respon, ringan dan info yang ditampilkan lengkap Sangat membantu;;
RMabroy;09/11/2023;1;No rangka dan mesin ga sesuai padahal ngikutin yg d stnk. Aneh wkwk;;
Anas Rafiuddin;05/02/2024;1;Hadeuh gimana sih ini? Mau Daftar Mobil Kok Ga bisa bisa hadeuh bikin ribet aja. Dah dicoba 4x tetep ae ga bisa;;
Gede Data;06/01/2025;5;Pelayanan sangat bagus cepat di mengerti memuaskan;;
Tri Pratiwi;24/06/2025;1;tidak bisa mendaftarkan mobil padahal sudah di coba berulang kali;;
Taufiq Rachman;26/12/2024;5;aplikasi nya bagus dan sangat membantu untuk service dan emergency;;
Trisna Permatasari;10/03/2023;5;Service Jadi lebih Mudah dan Test Driver juga bisa langsung di aplikasi ini, keren banget;;
Pengguna Google;02/10/2018;1;Aplikasi belum sempurna sudah dilaunch...regristasi aja gak dikenal...payah;;
Wardiar Mento;06/05/2024;5;Terima kasih saya sudah bisa register, sudah satu Minggu dicoba baru bisa hari ini, setelah di call me dari Honda pusat terimakasih Honda pusat bantuan nya;;
Valentino Rosi;03/10/2022;1;Aplikasi ini sbenarnya bagusss Tapiiiiiiii..... Knp...knp... Kok saya baru dikasih tahu sama pihak hondaaaaa adanya apk ini lah wong saya sebagai memiliki mobil Honda pembelian th2018 Sudah habisssssss dan lewatttt free servic nya alias expired sunguh2 sangat menyesal sama pihak Honda Alisa tidak pernah saya pakai fre servisnya Sungguh keterlaluan managmen Honda Saya tidak pernah dikasih tahu sama pihak Honda kalo ada free servis sungguh keterlaluan Kalo sudah lewat baru dikasih tahu menyebalkan;;
Wawan Her;26/10/2023;1;B AJA. ga ada yg berguna. Malah bikin pusing para seles minta tolong aplikasi kasi bintang 5. Gua sih ogah. Pelayanan kurang bagus;;
ini iqbal;05/06/2025;5;sangat membantu aplikasi. sukses honda. masukan perbaikannya agar ditindaklanjuti;;
Ary Andriyan;13/10/2023;1;Kalo ada bintang 0, sy kasih 0 aja. Berulang2 masukin nomor mesin dan nomor rangka bilangnya kendaraan tidak tersedia, padahal jelas sudah ditulis sesuai STNK tetap gagal, ilegal apa motor gw beli??? Gak jelas banget;;
Moh Haerul Anwar;26/01/2022;1;𝚂𝚎𝚝𝚎𝚕𝚊𝚑 𝚍𝚒 𝚄𝙿𝙶𝚁𝙰𝙳𝙴 𝚊𝚙𝚕𝚒𝚔𝚊𝚜𝚒 𝚐𝚊𝚔 𝚋𝚒𝚜𝚊 𝚍𝚒𝚋𝚞𝚔𝚊..??;;
Yakub Usuli;02/01/2025;4;sejak sevice berkala yg pertama s.d sekarang sy sllu menggunakn aplikasi Honda e-Care ut booking service, sbb lebih mudah & sllu mendapatkn prioritas dlm pelayanan...;;
Amir Udin;27/05/2023;1;Halo kak. Saya pengguna baru di honda dan di arahin suruh pake APK ini tapi kenapa ga bisa di buka ya APK nya cuma mentok sampe LOGO doank. Trimakasih;;
Eka Prasetya;07/10/2024;3;setelah update kemarin kok malah tidak bisa dibuka.;;
Samir Abdullah;08/11/2023;5;Nilai 10 dah pelayanan terbaik salesnya juga sangat ramah;;
Lili;28/08/2024;2;Error terus saat mau booking service - pemilihan dealer;;
Ade Yoviansyah;10/11/2022;5;Honda ada tidak aplikasi untuk bisa mengecek spareparts dan harga per part seperti merk mobil lain?;;
calvin marcellino;25/03/2022;1;Update malah data kendaraan hilang,apk payah;;
Muhammad Choiri;05/01/2026;5;Sangat baik pelayanannya;;
ali hanafi;27/05/2024;3;Tidak ada estimasi biaya servis, kedepannya mungkin bisa ditambahkan;;
ofiq fauzi ridwan;16/12/2025;5;bagus nih cs honda pelayanannya;;
Tega Wiratama;15/12/2025;5;aplikasi nya sangat membantu;;
Pengguna Google;27/08/2019;1;Booking service untuk area Kab. Semarang (Honda semarang s/d honda salatiga) pinggir tidak ada yang bisa semua, percuma ada menu booking service;;
Hidayat Rahmad;28/07/2020;1;Gimana mau booking pilih jam nya aja gak bisa, aplikasi tidak membantu sama sekali;;
Gayus Sumarno;03/03/2025;5;Tempat nyaman dan pelayanan cepat;;
Tito Sujati;15/10/2022;3;Respon dari booking service lama banget, sepertinya dealer servis tidak semua peduli dengan aplikasi ini.;;
Mierza Junianto;18/11/2020;5;Aplikasii yg muthakirr ,luar biasa saya sangat terbantu sebagai pengguna Honda. Gokksssss!;;
Gemilang Ritel Abadi;24/06/2023;5;Terbaik, sangat membantu, trust worty;;
Maria Ulfah;18/02/2023;5;Sangat membantu untuk pengguna honda,dtingkatkan terus performa aplikasinya;;
Hendri Restianto;16/04/2022;3;Saya ko ga bisa booking service yah? Bisa milih tanggal yang tersedia tapi ga ada button simpan/submit booking;;
Dani Haryadi;06/12/2023;5;Sangat membantu untuk booking service;;
Putu Kresna;02/06/2025;3;layar halaman utama tidak merespon ketika dipencet;;
AGUST TISABILAGA;08/12/2020;5;Makasih aplikasi nya sangat menyenangkan dan membantu banget;;
Feri Sudirman;28/02/2026;5;pelayanan bagus terutama pak Budi selles nya cara marketingnya keren;;
Nasrum P2tl;08/07/2025;5;Sangat membantu untuk layanan service;;
Priliansyah Ma'ruf Nur;22/09/2020;1;Tidak bisa mendaftar booking servis;;
Jeka Putra;23/12/2025;5;pelayanannya ramah,ruang tunggunya dan menu yg tersedia mantap dan pastinya gratis snacknya. pokoknya puas;;
Tn. Triardi Syamsudin;15/04/2024;5;Servis kendaraan jadi mudah;;
Ilham Malik;20/04/2025;5;Aplikasi berfungsi baik dan sangat membantu.;;
Rian kusuma Akbar;29/07/2020;5;Aplikasi yg bagus kita bisa lihat kapasitas di dealer;;
farhan hijazi;15/04/2022;1;nomor rangka dan nomor mesin selalu salah, padahal udah isi dengan benar;;
Emile Parapat;21/05/2025;5;mudah navigasinya. sangat memudahkan;;
Nandar Yanuar;13/03/2025;5;sangat membantu saat booking service, jadi ngak usah kebengkel pagi pagi;;
Ana Bell;07/03/2025;5;Pelayananya baik ,dengan hasil servic yg baik.;;
Nanu Rudiyana Official;11/06/2025;5;Respon cepat, pengerjaan cepat dan sesuai;;
abah latif (canvasmas);01/07/2022;1;Sekelas Honda , HPM , buat aplikasi banyak error , Saya masukan nomer rangka All New Civic RS yang terdeteksi aplikasi Civic HB , Informasi service berkala juga ga akurat, Ga ngerti ini Honda sedunia apa cuma di indo saja , Sama halnya simpang siurnya informasi aftersales, service , product knowladge yang selalu beda antara dealer , dan call cantre HPM , PENTING : HARUSNYA ADA MANUAL BOOK tersendiri Tentang HONDA SENSING karena ini fitur semiotonomus yg bisa berbahaya kalau tidak Paham.;;
Benedictus Sudianto;02/04/2023;4;Ni bingung cara daftarin,mental terus dan di minta cek nmr rangka dan nmr mesin pdhal sdh bener isi nya,bagaimana cara nya agar ngga mental terus isi nya;;
Pengguna Google;14/09/2018;1;Mo regist keterangan kendaraan tdk terdaftar?? Pdhal udh bner nmor2 kendaraan ssuai stnk. Ga like;;
makhrus muhammad;25/08/2022;5;Sangat membantu dalam memanage mobil honda tercinta;;
Yoga Purnomo;07/01/2025;4;lebih berguna dan bermanfaat jika ada asumsi rincian biaya service yang di perlukan;;
Riana Dwi Suryani;27/01/2023;5;Aplikasi yg sangat memudahkan pelanggan, terutama untuk proses booking servis;;
Farhan M;29/11/2023;5;Sangat memuaskan. Pelayanannya ramah. Sangat baik..;;
Pengguna Google;11/11/2019;1;Tidak bisa aktivasi, tolong bantu...;;
Andrian Bella;14/12/2024;2;Sering logout sendiri dan susah untuk login kembali;;
Munib Al Ikroom;30/01/2025;5;Pelayanannya sangat baik dan ramah tempatnya nyaman👍👍👍👍👍👍👍;;
sutarno drs;25/04/2022;4;Cepat, tepat dan memuaskan;;
AngeL JS;10/01/2021;5;Suka bgt sama aplikasi ini.. Disaat mau service berkala mobil tinggal booking dr aplikasi trus 5 menit kemudian dpt telp dr Honda.. Hari H mau service mobil tdk antri lg langsung ke pelanggan prioritas.. Trus dpt info2 yg berguna misalnya mobil sdh habis masa service gratis ehh ga taunya di aplikasi tercantum pembelian mobil dr Agustus 2018 free service mobil selama 4thn. Klu kita tdk tau info ini n tidak sampaikan ke pihak bengkel Honda,kita sampai di bengkel Honda tetep kena cas service nya;;
rendy juna;12/12/2025;1;gagal terus, udh scan barcode udh data d nopol bener tetep aja salah pdhl kan ini motor data y bener d STNK;;
Iman Kafadriansyah;25/03/2025;5;mudah, cepat dan tidak antri;;
Okana Dian;26/04/2023;5;Pelayanan baik dan ramah, Utk makin diperbanyak paket hemat servisnya biar bikin tdk kantong kering☺;;
Moekayat File;20/04/2025;5;Memudahkan apabila mau booking, sementara belum ada kendala;;
SW Chanel;08/03/2023;1;Data service history mobil saya tdk pernah diupdate, kasih bintang 1 aja.;;
Hamruni;04/01/2025;5;bagus dan membantu costumer dalam melakukan booking service dan lain2;;
Erik Gian JRA FAMILY OFFICIAL;26/11/2024;5;Salah satu aplikasi yang sangat bermanfaat untuk perawatan kendaraan Honda. Alur proses yang simple sehingga memudahkan customer untuk berinteraksi👍Sukses untuk Honda💪;;
Ibnu bs;07/12/2023;1;gagal registrasi di otp.. sudah email ke ecare nunggu di follo up utk update bintang lagi;;
Sapto Nugroho;18/01/2025;5;sangat responsip dan membantu dalam booking service;;
Sumarsono PLN;27/05/2025;5;mudah dan menarik tampilannya;;
nanda Najmi;02/02/2025;5;detailnya lengkap mudah diakses trnsparan dlm pengerjaan service kendaraan👍;;
ALPATH story;12/02/2025;5;pelayanan sangat bagus skali,detail bagus;;
Pengguna Google;30/06/2019;1;Gua kecewa sm sales. 1 Dari DP 19 juta lebih tiba2 keluar PO DP 27 juta tanpa ada konfirmasi sm gua.2 perjanjian stnk keluar baru cicilan jalan.malah mobil blm kasih unit ke gua sm stnk malah sdh berjalan cicilan.gua ngomong baik2 sm salesnya.sales lebih galak sm gua .keluar uang gua bukan sales.sales kayak tai.bilang stnk keluar 14 hari kerja.sabtu sm minggu tuh gua tau nggak di hitung.gua mau tau sj stnk pasti keluar 14 hari kerja apa nggak.kalo nggak gua masukin ke sosial biar orang tau;;
Yustinus Feriady;16/10/2023;5;Terima kasih sudah dibantu mendaftarkan unit.;;
Alfi Rahmanto;03/03/2025;5;Sangat Bermantaat & Membantu, Terima Kasih;;
sugeng 1575;05/02/2025;4;aplikasi bagus, membantu dan memudahkan customer;;
Maulana Ibrahim;18/12/2023;5;mohon update'an nya jgn lama. sudah service, tapi di aplikasi belum update.;;
Herlim;18/03/2025;5;sangat membantu untuk booking servis berkala;;
Fran Nordiansyah;18/04/2025;5;Sangat membantu sekali, kedepan semoga lebih ditingkatkan lagi;;
Indra Mahendra;17/08/2020;1;Ternyata bukan gw aja yg susah registrasi di app ini. OMG ini beneran app Honda 🤕🙈;;
Fitri lestari;26/04/2025;5;pelanan baik dalam penyampaian juga detail murah senyum ok pokok nya;;
Hendricus PJ;26/11/2024;5;durasi waktu pengerjaan service rutin kalau bisa lebih cepat;;
Adi Nugroho;14/07/2025;5;teknisinya ramah dan komunikatif dalam melakukan tugasnya,serta ruang tunggunya nyaman jaga terus kualitas pelayanan.;;
Dedi Ramadhana;30/05/2025;3;menu aplikasinya tdk bisa d sentuh...;;
Zenless Project;02/03/2025;1;Ga bisa di daftarkan kendaraan nya;;
Rahayu Sri wastuti;01/02/2025;5;semuanya jadi lebih mudah dan cepat;;
Kantoni Iis;20/02/2023;4;Sangat membantu, utk pemilik mobil honda;;
Laksono Hendri Kuncoro;21/10/2022;5;Aplikasi yang bagus, bermanfaat sekali untuk pengguna mobil honda;;
Heri Pramono;26/10/2021;1;Dear Honda, mendingan gak ush buat aplikasi di android kalo ga fungsi dan gak siap buat di pake jutaan orang di indonesia ini, udah di instal ga bisa di apa2in.;;
Pengguna Google;29/03/2019;5;terus ditingkatkan fiturnya;;
Sayuti Ahmad;08/03/2025;5;bagus dan mempermudah untuk pelayanan service dan informasi lain nya;;
Deivy Pangemanan;09/06/2022;1;Tidak bisa login. Kayaknya jadi malas melayani;;
Dicky Andrianto;25/06/2024;5;Pelayanan ramah dan profesional;;
panca wahyudi;22/11/2023;5;"hari ini ganti oli mobil sekaligus recall front passenger's @honda kencana keranji. good experience u/ tingkat pelayanannya.mulai dari tindakan security sampai ke Service Advisor nya, Mb Talitha Ivana dibantu sekali & diberi penjelasan yg baik recomen u/ yg ada kebutuhan terkait kendaraan ""Mobil"" Honda hold on untuk services baiknya👌🏻☕️";;
Edwin Rusli;07/09/2020;5;Sudah semakin baik & lebih user friendly dr versi sebelumnya;;
Sah adam;27/04/2025;5;pelayanan sangat bagus, dan fasilitas nyaman;;
iank Febriansyah;11/02/2025;5;Menu Inbok tidak bisa di buka.;;
Vony Arissa;05/08/2022;4;Lumayan membantu untuk booking servis;;
kartini amainah;28/02/2025;5;cepat sigap ramah dan teliti dlm service;;
Arief Aditya rifandy;08/09/2020;3;Permintaan pelanggan terbatas hanya sekitar 50 huruf pada kolom format booking service..;;
ali hanafi;16/01/2021;1;Aplikasi cacat, gak bisa login;;
On ranS;13/09/2021;1;Gak bisa mendaftarkan kendaraan.;;
Rizki Jan;15/04/2022;5;Mantap digitalisasi dibidang industri otomotif,...;;
Darussalam Usman;06/09/2023;4;Mohon ditambah fasilitas cancel dan reschedule booking servisnya;;
A M (I'am Dayak);27/05/2023;3;Aplikasi saat ini gak bisa di buka, mohon penjelasan dari pihak honda e care;;
Nova Mulianita;28/03/2023;1;Aplikasi payah, sangat susah dbuka.;;
Agus Untoro1;18/07/2020;1;Jelek..udah daftar isian sdh lengkap tp gak bisa2 jg;;
Eli Suhaeli;16/04/2025;5;setiap servis dari mulai penerimaan sampai pelayanan sangat memuaskan terimakasih Honda auto serang...;;
Pangadilan Sinaga;28/11/2024;1;Gila cuman ngecek2 aja GK ad d lihat mahal x bayaran a mending ke bengkel yg d kenal aja dri pada ke dealer;;
Yusuf Hadikusumah;18/07/2024;5;Pelayanan ramah dan cepat;;
Velissa NK (Velissa);27/04/2023;1;Pingin service bayar aja kok tambah ribet,;;
sulistyo s;28/05/2025;5;mantap sangat membantu praktis booking service;;
Arif Permono adi;16/12/2024;5;Sangat membantu untuk pengecekan;;
Yudi Hendra;13/12/2024;5;mantap, cepat dan gampang;;
sumardi 01;04/07/2023;5;kemarin saya gk booking servis lgsung datang aja .alkhamdulillah pelayanan cepat dan bagus;;
Dandan Wicaksono;22/01/2025;5;Bagus dan ada catatan maintenance;;
Prima Hikmat Septian;27/12/2024;5;Mantapp aplikasinya, memberikan kemudahan dalam pendaftaran service;;
Asep Septiawan;06/02/2024;1;Nomer mesin 3 dijid apaan ini . Di STNK aja bnyak aneh ny aplikasi .;;
Mulki Siswanto;28/07/2020;2;Aplikasi ngga bisa dipakai... ngga niat amat bikin pelayanan konsumen 👎;;
Budi Manfaat;15/12/2024;5;Terimakasih atas layanannya yang selalu memuaskan.;;
Muhamad Farhanreal;18/05/2024;1;Suruh daftar tapi nungguin kode verifikasinya lama amat si;;
Jo Vanka;25/02/2025;3;sering error aplikasi ini ga bisa di gunakan;;
Ruwadi Budiman;01/02/2025;5;Lancarkan semua situs;;
Heru Widodo;07/10/2025;5;penyampaian informasi mudah di mengerti, ramah dan nyaman.;;
syandana channel;20/07/2020;1;Buat booking servis tidak bisa aplikasi apaan ini buat emosi aja;;
Pengguna Google;03/04/2019;5;cakep n mantap jadi gampang nga perlu tanya2 gi;;
Amir Hamzah Amir;06/05/2025;5;pelayanan yg ramah dengan fasilitas yang nyaman;;
syihab mochza;02/11/2024;5;aplikasi yang membantu proses service berkala ajib bre;;
HIDAYATULLAH AMK;02/06/2025;2;hbis update, menu tdk bisa klik apa²;;
Galih Afrianto;07/01/2026;5;sangat sangat memuaskan;;
Haerul Hamka;19/06/2024;5;Pelayanan Sales sangat memuaskan;;
Agus Suherie;23/01/2025;5;dengan adanya booking service memudahkan pelanggan untuk daftar antrean online.;;
Nito Sun;11/08/2022;1;Permintaan akses ke pemilik utama itu melalui apa, sms atau wa?;;
ns 71;20/11/2024;5;Bagus aplikasi nya , mudah digunakan;;
Terang Bersinar;19/05/2025;5;Sangat membantu sekali dengan adanya aplikasi ini.;;
Purwanta;06/04/2025;5;Pelayan bagus dan tepat waktu;;
Sapta Nugroho;25/08/2022;5;Sangat memudahkan informasi mengenai mobil Honda ...mantabbb;;
Aji Monstrologist;12/04/2022;3;Voucher nya kok gk dapet sih, misal gratis apa gitu kek;;
Sanggar laut Selatan 2;04/10/2023;5;Pakai aplikasi ini jadi memudahkan banget Sukses terus yaa hondaaaa;;
Dani HD;12/12/2024;5;aplikasi yg mendukung mempermudah booking service dan informasi informasi yang lainnya;;
Pengguna Google;29/05/2019;2;ko tidak bisa daftar.pdahal saya sudah masukin semua dengan benar???;;
Ilham Selamat;16/05/2023;1;Aplikasi belum matang. Register tdk bisa;;
fajar hidayat;11/03/2025;5;melakukan service harus sesuai sop agar kebersihan. keamanan, perlengkalan kendaraan terjaga dg aman/baik.;;
Sefi Rijal;18/10/2020;1;Mau registrasi tetapi tidak bisa;;
herlandani herlandani;26/01/2022;4;Update terbaru tgl 26/01/2022 malah tidak bisa tampil;;
Anggi Herdianto;18/03/2024;1;Gak bisa masuk, kolom email tidak bisa di isi;;
Cahyono Puspodiharjo;23/12/2024;5;pelayanan nya bagus, baru booking 1 hari langsung di kerjain ama beres 👍;;
widodo ade nugraha;29/09/2022;5;Mobil Honda Brio RS urbanit kwalitas bagus dan memuaskan;;
Hilfi Villar Risya;19/02/2022;1;Ini real apk Honda? Brand mobil besar itu? Sejelek ini? Mau booking service aja Gk bisa hadeh;;
Jo La;20/10/2022;5;trimakasih ats pelayanan nya dan servis nya sekali lagi trimakasih telah mewujudkan impian mobil kami trim honda Sukses terus yah Gbu;;
anna Nuraena;06/11/2025;5;pelayanannya bagus, sangat memuaskan👍;;
elpina Simanjuntak;07/06/2025;5;Honda Prima Harapan Indah pokoknya keren dan bagus bisa dipercaya🙏;;
Mank Oedjank;07/01/2025;3;klu playanannya baik tambah jd bintang 5;;
Pengguna Google;28/01/2020;1;APLIKASI GEJE mau mendaftar ko ga bs 👎;;
Ernawatidrg Purwaningsih;04/04/2025;5;Service baik dan profesional;;
RR Aksesoris Sumbawa;27/02/2024;1;Vitur terbaru (rem/berhenti otomatis) new HRv benar2 membayahakan, hampir 3x saya dibuat celaka;;
Sony Petrus;09/01/2025;5;pelayanan cepat ...pertahankan selalu;;
Leo Firlianda;23/01/2025;5;ringkas dan mudah digunakan;;
ZACRAS channel26;13/02/2021;1;aplikasi jagan di unduh egk bisa di pake percuma;;
Pengguna Google;18/06/2019;1;udah masukin noka nosin masa kendaraan blom terdaftar .. aplikasi aneh;;
Nuir isra Arahap;03/01/2025;5;sangat membantu dan the best untuk honda;;
Nunung Sukaeti;29/12/2025;5;pelayanan baik dan ramah;;
Ratna Saridewi;10/05/2025;5;dengan booking servis kita tidak perlu menunggu terlalu lama;;
wahyu eko;29/01/2025;5;bagus untuk semua keseluruhannya;;
Ade Irfan;23/12/2024;4;jadi lebih cepat dan efisien;;
priyo hardono;26/03/2025;5;mantabs... smooth bener aplikasi ini😃;;
jane stanley;24/12/2024;1;Aplikasi tidak mendukung LOG IN SIDIK JARI;;
Arman Hermawan;13/11/2024;5;pelayanan nya ramah, bagus, keren dah LPPM;;
agus izoer;20/03/2025;5;pelayanan yang sangat di butuhkan penggunaan kendaraan;;
Dimas Kartaraja;05/03/2025;5;SDH hampir 2 bln saya ajukan cleam waranty terkait Shok belakang brv prestige 2022 sya di Honda auto serang TDK ada kelanjutan, minimal ada pemberitahuan KPD knsmn harus gmn? Jadi saya anggap kebohongan waranty Honda nya TDK terbukti apalagi nanti ada masalah di bagian part lainya ( mesin) no saya terdaftar di Honda dan gampang menghubunginya;;
Febrian Handayani;01/05/2025;5;simpel dan praktis;;
Angga eka ardhista;03/02/2025;5;sangat membantu untuk booking servis;;
IBenk Suyudi;18/03/2026;3;aplikasi nya eror yakk;;
Komandan Crowns;25/06/2025;2;habis upgrade sering lelet;;
Tri Wahyuni;17/12/2024;5;Mantap. Sangat membantu sekali;;
Pengguna Google;08/06/2019;5;Boking jadi lebih mudah via online;;
Euis Selvia;09/12/2024;5;Jadi gampang buat boking servicenya;;
Achmad Triyanto;05/02/2022;5;Yang baru ini sudah lebih banyak fiturnya;;
Pengguna Google;17/12/2019;1;Ga bisa registrasi, payah;;
Hendra Bayu (Bayu);06/05/2025;5;mudah daftarnya dan pelayanannya ramah;;
Supriyadi Djami;16/07/2020;1;Dicoba dulu, kalo dpt membantu baru ditambah bintangnya;;
Manik Raja (AfterMidNite);28/10/2020;1;Aplikaainya gak jelas arah dan tujuannya;;
Bilal Hamizan;10/10/2022;5;Pelayanan lumayan memuaskan.;;
Joko Bintang;17/04/2025;5;membantu sekali untuk booking service;;
Rudi Salam;31/12/2025;4;aplikasinya sangat membantu konsumen seperti saya;;
Misbahul Mustofa;01/02/2023;1;SAYA UDAH DOWNLOAD UDAH MASUKAN NO RANGKA UDH MASUKAN NO MESIN NO POL MASA GA BISA TAMBAHKAN KENDARAAN DENGAN ALASAN PERIKSA KEMBALI NO MESIN DAN NO RANGKA ANDA UDAH JELAS JELAS SAYA SESUAIKAN DENGAN YANG DI BPKB;;
jang fjr;13/09/2025;5;ramah2x smuanya ruang tunggunya nyaman skali;;
Pengguna Google;11/04/2019;5;sangat membantu pengguna mobil honda untuk mencari dealer sejabodetabek;;
masrul nazaruddin;01/01/2025;5;Aplikasi bagus, sangat membantu;;
Debby Stevany;09/06/2022;1;masa gabisa booking sih, hahahaa trus gunanya aplikasi apaaa dongggg;;
Yoqi Muttaqien;14/12/2024;5;sangat mudah dan membantu;;
Pengguna Google;06/05/2019;1;untuk aktivasi nya tidak pernah kode terkirim ke email saya;;
M.R. Ibnu Romadhan;26/12/2024;5;Memudahkan dalam booking service dan update informasi layanan honda lainnya;;
Issirep Sumardi;10/04/2022;5;Sangat memuaskan.petugas ramah2;;
Marcho Vicenso;31/01/2025;4;sejauh ini aplikasinya berjalan dengan baik;;
alex jhon;24/05/2025;5;bagus, informasi lengkap;;
• KawaiiCookieCupcake •;02/11/2024;1;berulang2/sering minta verifikasi berulang2.& ganti2 password;;
Soegiyanto Soelaiman;14/06/2025;5;Booking Service lewat Honda e-care nya sangat membantu sekali.;;
widarto darto;04/12/2024;5;mudah dalam melakukan pendaftaran;;
Widiono pinot;12/02/2025;5;Service Honda selalu di sini. Tempatnya nyaman. Pelayanan baik.;;
diskop_ukm jeneponto;13/11/2024;2;kalau bisa waktu pengerjaannya lebih pendek lagi;;
Riyadi Santoso;26/12/2024;1;aplikasi tidak bisa di pakai;;
udine aladiners;07/05/2025;3;selama ini masih cukup puas pelayanannya;;
far dholi;26/02/2025;5;alhmdllh pelayanan sagat baik dan tempat tunggu sangat yaman;;
Pengguna Google;10/02/2019;1;ga bisa daftar mohon d perbaiki;;
Sartika Napitupulu;14/12/2023;5;Pelayanannya sangat bagus;;
Dufia galon Dufia;04/11/2025;5;pelayanan nya sangat bagus,sales nya jg baik;;
Wa ode Kurnesi;10/06/2023;5;Sangat membantu buat pemula;;
Aries7an;17/08/2025;5;Aplikasi cukup membantu proses service;;
M khoirul Hamzah;08/12/2024;5;sudah memadai dan pertahankan;;
Pudjianto Pudjianto;07/09/2024;5;Sy selaku pelanggan Honda HI selama ini tdk ada kendala yg berarti yg saya temukan...tks;;
David Debora;14/03/2022;1;Tidak bisa login;;
Rendi Fernando;26/01/2022;1;Closing mulu,,, ini real punya Honda, brand besar itukah??;;
Laode Maulidin;06/05/2023;5;Sangat membantu customer.;;
Ruslantapin Rantau;05/05/2021;5;Terima kasih telah memberikan pelayanan dengan baik;;
Dizi Budianto;06/01/2025;5;tidak perlu menunggu antrian service;;
prasetyo 8787;04/08/2024;5;aplikasi ini sangat bagus;;
Tiorly Sitorus;02/12/2020;5;Sukses utk honda... tingkatkan terus pelayanannya;;
Mohammad Subhan;27/07/2022;5;Aplikasi nya sangat mempermudah pengguna Honda;;
Muhamad Dede Sa'dullah Almubarak;31/07/2020;1;Gak bisa search lokasi dealer...;;
Pengguna Google;26/07/2019;2;entar kalau bagus jadi bintang 5;;
amiruddin abbas;11/05/2024;5;Responnya Cepat dan tepat waktu;;
Pengguna Google;28/03/2019;5;sangat bagus dan bermanfaat;;
Pengguna Google;24/04/2019;5;sangat membantu waktu service;;
دني جونيار;17/06/2020;1;Coba instal aplikasi ini. Kalo jelek uninstal lagi.;;
Victor Immanuel;09/06/2025;5;Pelayanan yang selalu memuaskan;;
Fari Suriady;05/05/2024;1;Aplikasinya jelek, ndak beres, akhirnya di hapus.;;
JUANDA SAPUTRA;09/08/2023;5;Sangat Membantu bagi pengguna Mobil Honda;;
Zadila Collection;29/09/2023;5;Makasih pelayanan bagus;;
Recky Lala;07/08/2020;1;Tidak bisa diinstal;;
euisaat sukandar;09/11/2024;5;terimakasih atas pelayanan yang luar biasa;;
Kang Sandra Yudistira;29/06/2020;1;Kendaraan Anda Belum Ditemukan Padahal Sudah 5 Tahun Saya Pakai;;
Ali Sabana;31/08/2023;1;Untuk booking service respon konfirmasi lama;;
Eka Sulistyo;22/08/2020;1;Saya owner Mobilio dan mhn ditingkatkan service care nya. Klo pelayanan purnajual Honda seperti ini, jgn salahkan konsumen yg pindah ke merk sebelah;;
Eni Hartini;25/03/2025;5;mudah untuk booking nya, 👍;;
sou trisno;12/04/2025;5;sangat membantu dengan aplikasi ini;;
Pengguna Google;26/07/2019;1;ngga bisa registrasi...hueheuuhueehheee;;
Arief Rian Abidin;14/01/2025;5;bagus aplikasi sangat membantu;;
roissudin muhammad;01/04/2025;5;Tempat yang menyenangkan untuk kebutuhan Honda Anda;;
Ernie Taning;02/04/2025;5;Layanan Service Gratis Pertama sangat memuaskan;;
Wawan Gernawan;07/07/2025;5;mantap trus ya honda makassar indah;;
Syamsul Bahri;10/04/2025;5;cukup memuaskan kami berharap ke depan lebih baik lagi;;
widodo jiwanggo;04/03/2025;5;pelayanan yang sangat baik ke Customer;;
Dhani Darmawan;29/01/2025;5;sampai saat ini aplikasi ini sangat membantu 👍🏼;;
Budi Hartana;21/04/2025;5;pelayanan selama ini sangat bagus;;
Nendi Permana;10/03/2025;5;keren gak perlu antri;;
Heru Santosa;30/12/2020;3;Mau registrasi aja susah;;
Prarit Subratha;18/02/2025;5;ok, tingkat kwalitas perbaikan;;
Jeje Mulyana;16/02/2025;5;mempermudah untuk jadwal servis dll;;
Firman Abdullah hartono;04/06/2021;5;Daftar dulu masbro baru login kok payah. Voucher ada di kolom voucher;;
MR Bahua;16/03/2025;5;overall fasilitas honda e-care sangat membantu, thanks Honda kedepan lebih maju lagi;;
Suddradjat Edy;19/05/2025;5;baguss dan cepat.;;
Bungaa Gwoon;10/11/2024;5;mempermudah proses dlm antrian boking service;;
Har Min;18/06/2024;5;Tanks atas petunjuknya;;
Floriberta Binarti;13/01/2025;4;agak ribet di awal karena harus nunggu verifikasi data;;
Bhien90 Sip;30/10/2024;5;membantu dan cepat;;
DEDDY OCTORA WIJAYA;14/03/2025;5;simple dan mudah;;
Andy Jayanto;12/03/2025;5;memudahkan pecinta honda untuk service;;
sarniti apt;06/12/2024;5;sangat mudah di mengerti;;
Seiko Herlambang;25/08/2022;5;semakin mudah untuk pelanggan;;
Husain Abdul Alim;07/04/2025;5;cara booking servisnya mudah;;
Bendul Merisi;28/12/2024;5;menu mudah dipahami;;
Emha Hussein;04/02/2025;5;Pelayanan cukup bagus;;
erwin susanto;01/02/2025;3;sering diminta update app;;
ERIANSJAH LESMANA;08/02/2025;3;Butuh penjelasan respon Honda utk kebocoran ban bagi CRV Hybrid krn tidak punya banyak serep;;
Sukoyo;13/05/2025;5;aplikasinya mudah digunakan;;
teguh wahyudi - Kalila;28/04/2025;5;mudah digunakan dan informatif;;
Latifah Sonia;13/09/2022;5;Bagus bgttt sgt membantu;;
maryadi lagi;15/02/2025;5;menpermudah ambil no antrian;;
Nadine Azkiya;05/03/2025;5;pengerjaan sangat teliti;;
M Kemal Tarikh;27/04/2025;5;aplikasi yang bagus untuk pengguna mobil Honda;;
Muhammad Paksi Handoyo;29/04/2025;5;sangat membantu aplikasinya;;
akmal mulia;21/05/2025;5;aplikasinya sangat membantu;;
Zainul Irfan;29/12/2024;5;Bisa booking Service Online disini;;
deni djanuar;07/05/2025;5;Mantap banget pelayanannya;;
Rizky Syahdan;13/02/2025;5;sangat membantu aplikasinya;;
ning seputro;03/07/2025;5;pelayanannya sangat memuaskan;;
Rumah Baru;12/02/2025;5;Pelayanan profesional;;
coco_ time;23/07/2022;1;Gak bisa dipake :(;;
Hendra Alfaridzi;18/02/2025;5;Pelayanannya memuaskan;;
Kamaludin Al Yafiie;05/08/2022;5;Untuk booking servis terkendala..;;
Cam Copyright;24/02/2025;5;mudah dan praktis;;
Rifka Argandini;29/10/2025;5;Baik, pelayanan bagus;;
Tirta Sudirmam;02/01/2025;5;pelayanan ramah,,dan sangat baik;;
Rinto Sdb;13/03/2025;5;mantap dan membantu;;
Alloy Doank;17/09/2023;3;Mau cek histori service aja susah.;;
Nafthalena Lena;17/12/2024;5;sangat baik dan mudah;;
Rudy D;28/10/2022;3;Agak ribet yah untuk masuk Honda e-Care;;
Widi Fafa;22/09/2025;5;Honda magelang, Pelayanan service berkala ok, selalu mengingatkan customer dan melayani customer dengan baik, mantap honda tunas jaya magelang;;
turyanto 81;07/06/2025;5;mudah dan cepat;;
Ani lim;01/10/2025;5;sangat bagus pelayanannya;;
Pengguna Google;21/11/2019;1;Tdk bisa registrasi;;
Jones Aritonang;23/08/2023;5;Kemudahan layanan aplikasi;;
Asep Syaripudin;22/04/2025;4;pelayanan baik tingkatkan lagi....;;
Samuel Umbu Moto;09/12/2020;4;Tidak perna buat masalah;;
Pia Kinaa;14/11/2024;5;Aplikasi sangat membantu;;
Yuli Yuli;11/03/2025;5;mudah dan memuaskan;;
Kartidie. E;25/03/2026;4;bagus dan bagus;;
Nasyiah 73;14/01/2025;4;masih agak bingung;;
Muhamad Rifani;10/03/2025;5;bagus sangat membantu;;
Reni Anjani;05/03/2025;5;mantab sangat membantu;;
Budi Santosa;27/02/2021;5;Memberi kemudahan pelayanan service;;
Andik Blueagel;13/12/2024;5;booking lebih efisien;;
Lexy Lusiono;08/05/2024;4;Mhn pencerahannya utk memindah mobil dari akun orang ke satu karena saya membeli mobil yg sdh terdaftar di honda ecare. Tks;;
Fadli Rahman;09/03/2026;5;aplikasihnya bgus;;
Ahmad Mukhlisin;25/08/2022;5;Sangat bermanfaat;;
mashudi;29/12/2024;5;pelayanannya sangat memuaskan;;
andrie prajuniartho;03/03/2025;5;ini sangat membantu sekali;;
agus zulkipli;04/05/2025;5;Sangat Membantu;;
Acenk Hasan;20/02/2021;5;Sangat memuaskan.;;
Ali Yusuf Tumanggor;19/04/2024;4;Apk cepat respon;;
Min Sia;03/03/2023;5;Sangat Membantu👍;;
Aris bastian steel;16/08/2022;5;Sangat memudahkan;;
MUHAJIRIN;28/05/2020;5;Sangat membantu;;
9D17 Imanuel Putra F.;15/02/2022;1;Kurang membantu bos;;
Jeane Ratunuman;06/12/2024;5;Sangat membantu;;
Arjat Waiswa;12/08/2025;5;Cukup membantu;;
Dwi Agus Ardianto;12/03/2025;5;mantab dan terus dikembangkan;;
alfan dikhwan;22/05/2025;5;Pelayanannya bagus;;
noor ichsan;22/06/2025;5;adanya app ini memudahkan saya booking;;
sulastri;13/03/2025;5;fast respon Terima kasih;;
Mamun Nawawi;03/02/2025;5;pelayanan nya baik dan ramah;;
yudhi suryanata;11/11/2024;5;bagus dan terpercaya;;
heru santoso;19/06/2025;5;layanan prima dan memuaskan;;
Yadi Suharyadi;09/02/2025;4;Sangat membantu;;
honda Perdana;19/01/2023;5;Sangat membantu;;
latifah tif;08/01/2022;1;Ada gak mobil honda freed ke;;
Ester Bkl;31/08/2022;5;Aplikasi sangat membantu;;
Heri Sanjaya;06/12/2022;5;Mempermudah custemer;;
sukma pt;27/05/2025;5;Tempatnya nyaman;;
zakia ridwan;22/03/2024;1;Aplikasi susah dipahami;;
WhydblacK;16/12/2024;3;sparepart cab palu maaih kurang ready;;
Elite Sniper;17/01/2024;5;Service di union Honda Tangerang, Alhamdulillah aman lancar, pelayanan prima. Mantap terimakasih;;
Galih Surahamdani;23/05/2025;5;bagus pelayanan nya;;
Luky Ariesta;07/02/2024;1;sdh ke tujuh kali.... tetap tidak masuk;;
Januar Chandra;18/09/2024;5;Sangat membantu;;
Nopriati upit;12/05/2025;5;bagus sekali baru pertamakali;;
Bang Zhai;18/05/2023;5;thanks, mempermudah saya sebagai konsumen honda.;;
Pranata Kesuma;24/02/2025;5;Sangat membantu;;
Andri Yanto;27/02/2025;5;Alhamdulillah bermanfaat;;
muhammad mahdhar;09/03/2025;3;voucher tidak bisa kami tulis;;
Sigit Wahyudi;17/02/2025;5;Sangat membantu👍;;
Ade Sandra;08/05/2021;4;Sekalian bikin katalog harga spare part HONDA;;
Chalik gerra athallarefa;08/12/2022;5;Aplikasinya lengkap;;
Kota Marabahan;14/05/2025;5;sangat baik pelayanan nya👍👍👍;;
Muhammad Ali;27/12/2024;5;sangat membantu terutama untuk pemesanan boking services kami yg berlokasi jauh dari dealer/bengkel honda;;
Muhammad Desri Murdianto;14/02/2021;1;Ulasan apk saya dm di ig HPM aja..disini ga di tanggapi..;;
Husain Muchsen;15/05/2025;5;pelayanan selama ini baik;;
ronnurus shiddiq;22/03/2025;5;membantu sekali app ini;;
Pepen Ependi;10/06/2025;5;service berkala di Honda paling mantap;;
Samsu Alam;03/05/2022;5;Sangat membantu;;
Kunto Aji;13/07/2025;5;aplikasi jelas membantu;;
Rasianur Nur;25/07/2023;5;Biar lebih mudah;;
Panca Adi;06/05/2025;5;bagus aplikasi nya;;
ZAENUDDIN EFFENDI;29/12/2024;5;Dijelang akhir tahun 2024 dan memasuki awal tahun 2025, semoga Honda IKM Ciledug semakin ber JAYA dan semakin SUKSES di tahun 2025 ini. Aamiin.;;
liberti siahaan;01/07/2025;3;Pelayanan memuaskan;;
Irwan Efendi;25/11/2023;5;Jempol 4 Buat Mas Muhkti Sales Honda Gajah Mada.;;
DEDY WIDODO;17/01/2025;5;lebih mempermudah;;
Open World;03/02/2025;5;Pelayanan Honda yang sangat ramah;;
Lia Dahlia;29/05/2025;5;aplikasi ini sngat membantu;;
Fearman Syah;07/12/2024;5;sangat membantu. trimakasih;;
ibrahim triadi wibowo;17/11/2024;5;aplikasi sangat ok;;
wahyudiyono yudi;18/12/2024;4;susahnya menganti nopol lama dgn nopol baru;;
eko kustiyanto;16/06/2025;5;sangat membantu customer;;
Ririn Rahayu lestari;28/05/2025;5;semoga selalu terdepan dan amanah deker Honda Ahmad yani;;
Rafael Darmawan;19/09/2020;5;😊😊GOOD NILAI 800;;
Garin Hendro;04/06/2025;5;pelayanan yg ramah , & serfis yg memuaskan;;
Aif Ariefin;19/07/2020;1;Pelayanan Honda payah banget masa kendaraan anda belum terdaptar.;;
Nanda Noviandi;11/12/2020;5;Thanks promonya Honda;;
Yulian Yulian;04/03/2025;4;pelayanan cukup baik;;
Pandu Agung Pambudi;12/05/2023;5;Riwayat servis sudah muncul tahun 2023;;
Arta Deco;20/12/2023;5;Selalu puas dengan honda;;
rahyu rahayu;26/02/2025;5;sangat mudah sekali;;
TEGUH PUJIATMOKO;10/02/2025;5;aplikasinya enak di pakai;;
Ki Suwandi;18/03/2026;5;sangat membantu;;
Delila Sandra;11/01/2025;5;pelayanan maksimal;;
Maman Sadapotto;25/11/2024;5;mudah Di Akses;;
Andi_Awan Chanel;26/02/2025;5;informatif dan Solutif;;
Loeysito Sie;27/12/2024;5;aplikasi nya oke sih;;
Pengguna Google;28/03/2019;1;ga bisa register;;
King Alekdjuma;28/11/2024;5;harus byk yg free dan promo;;
Nas Rullah;24/02/2025;5;sangat memuaskan;;
Abdul Hamid;30/04/2025;5;pelayanan dan service mantap;;
Neils Hunt;04/12/2024;5;Keren layanannya;;
Wahid Surahman;07/02/2025;5;ok sangat bermanfaat;;
Cahyadi Harjanto;13/03/2025;4;sejauh ini lumayan;;
Aal Abdullah;07/02/2024;5;Pelayanan di Honda Komala Karawang, puas..bagus.. ramah2 pokok nya keren!!;;
BOS BESAR;03/03/2025;1;krg dengan org bengkel tepatnya honda kumala karawang;;
Heri kLunting;18/02/2025;5;sipp, memudahkan pelayanan;;
Fajrin Hutabarat;16/12/2024;5;keren utk layanan konsumen;;
abdullah fatin;02/09/2021;1;Responnya lambat;;
Sarah;12/11/2024;5;sangat bermanfaat;;
Faisal Faisal;30/11/2021;5;Layanan baik;;
Arifinara Wibowo;17/07/2020;5;Semoga lebih mudah;;
muhammad jamil;01/07/2025;5;biasanya di Honda Union kini beralih ke Honda Bin tang Cimone;;
rakha rajendra;04/01/2025;5;pelayanan bagus;;
Dwinta Rusdyawati;19/01/2024;5;bagus pelayananya memuaskan;;
Dara Darel;14/04/2025;5;Kemudahan dalam penggunaan;;
agung Aminudin;08/04/2025;5;pelayanannya bagus;;
Trisno Noer;24/03/2025;4;sangat bermanfaat;;
Maryanti Tirtowijoyo;14/12/2024;3;masih membingungkan;;
Nurkhanah Harmaji;02/03/2025;5;mudah bokingnya;;
supriyadi;08/12/2024;5;pelayanan bagus;;
BASARI BACHRI;19/11/2024;5;layanan profesional;;
ROMMY SULING;10/12/2024;5;oke oke Mantap;;
Togu Manurung;13/11/2024;5;sangat membantu..;;
Rizal Fadli;08/01/2025;5;pelayanan sangat baik;;
Imam Ahmad;29/12/2025;5;pelayanan bagus;;
syahril sasak;02/04/2021;5;Dapat info dari honda;;
Didin Suhayadi;05/03/2026;5;puas bgt lah;;
Romli Romli (asep);03/02/2025;5;bermanfaat sekali;;
Enal UMTL;25/01/2025;5;penanganan cepat;;
Agus Rosidi;04/02/2022;5;Semoga bermanfaat;;
Hendra Hadi;19/03/2025;4;proses booking cepat;;
Yadi andini;13/05/2025;5;pelayanannya sangan baik;;
agung pratama;11/03/2025;5;sangat membantu;;
herrico pebriansah;19/04/2025;5;sangat membantu;;
ahmad lanang;11/04/2025;5;sangat membantu;;
Budi Setriana;13/12/2023;1;atm danamon nomor rekening:500000plat nomor civic hondaD1234DA;;
Yundy Tamulu;08/01/2025;5;sangat membantu;;
M Tri Wardoyo;09/12/2024;5;ok sangat membantu;;
Andri Christian;17/12/2024;5;sangat membantu;;
afdal wirakusuma;24/05/2025;5;sangat membantu;;
Pengguna Google;02/04/2019;5;sangat membantu;;
Danny Setyanto;04/12/2024;5;App yang memudahkan;;
Priyo Utomo;10/10/2024;5;Pelayanan baik;;
emir muslim;01/02/2025;5;pelayanan cepat;;
Jannes Jans;19/05/2025;5;service di Honda IBRM cimahi luar biasa pelayanannya..;;
Maria Ulfa;27/02/2025;5;pelayanan bagus;;
Sulardi D5ku;31/10/2023;4;Mantap pakai Mobil Honda.;;
Rinaldi Afriyanto;24/01/2025;5;mudah digunakan.;;
Wisty Wisty;18/03/2025;4;pelayanannya cepat;;
Mamur Deden;22/12/2025;5;pelayanan mwmuaskan;;
Nur Jaini;17/05/2025;5;sangat membantu;;
Herman A;24/07/2023;5;Aplikasi membantu;;
Jaka;07/05/2025;5;pelayanan bagus;;
pancer lumbantoruan;08/06/2025;5;pelayanannya mantap;;
dwi mazanova;09/02/2025;5;mudah, mantap Honda;;
Agung Praka;02/06/2025;5;ok pelayanan ny;;
Karisma Jaya;18/05/2021;5;Sangat membatu;;
Aida Novianti;18/04/2025;5;pelayanan baik;;
Jimmy Willis;06/05/2025;5;pelayanan service yg prima;;
jackson jackson;10/12/2024;5;mantap sekali;;
Mohammad Idris;13/01/2025;5;ok sangat berguna;;
Mecca channel;30/01/2025;5;pelayanan prima;;
Mas Bro;12/07/2025;5;layanan baik;;
Heni Susanto;14/02/2023;5;sangat membatu;;
Nofvy Atmojo;08/04/2025;5;sangat membantu;;
Anton Lirpa;09/07/2025;5;sangat puas,dgn pelayananya.👍👍👍;;
Vicko Devino;08/01/2025;5;sangat membantu;;
Ariyonas Kristianto;27/03/2025;5;sangat membantu;;
Brian Mokolomban;13/03/2025;5;sangat membantu;;
Angga Nugraha;07/04/2025;5;sangat membantu;;
Pengguna Google;22/10/2018;5;sangat membantu;;
Fredy eka;01/03/2025;5;merasa puas...;;
Taj Erwin;21/03/2025;5;mantab pelayanannya;;
Amir Samsung;24/06/2025;5;pelayanan baik;;
rikki saing saing;21/05/2025;5;pelayanan baik;;
Yayan Prasetiyo;19/05/2025;5;pelayanan Bagus;;
Soeparna Soeparni;15/04/2025;5;pelayanan memuaskan;;
Ahmad Latif;27/01/2025;5;sangat membantu;;
Fahma Kurniasih;14/11/2024;5;pelayanan baik;;
Kurnia Endah Lestari;31/12/2024;5;ok punya swipp;;
Yulianti Agustina (C.2310227);11/07/2022;5;Muhammad Gunawan Pulungan;;
Sekarningsih aksa;24/06/2025;5;pelayanan baik;;
Pengguna Google;16/04/2020;5;Cepat bgt..bgus;;
IRWAN SAFARI (Irwan);02/02/2023;5;Memudahkan;;
Arui Ramadhani;26/02/2025;5;pelayanan ok;;
Muhammad diah;22/10/2024;5;Amal didunia;;
Lukman Hakim;28/03/2026;5;good;;
Yoesuf;17/01/2026;5;ok;;
Limeria Sangga;08/12/2025;5;oke;;
Ahmed Setiawan;19/01/2026;5;ok;;
Edi Nadia;30/10/2025;5;terima kasih;;
zainal jo;07/10/2025;5;sangat baik ,...;;
Lindu Purnomo;01/12/2025;5;memuaskan;;
Dedi Supandi;10/08/2025;5;membantu;;
ALBERKO;07/10/2025;5;memuaskan;;
Muhammad Zaini;19/12/2025;5;terbaik;;
elfridagusti gultom;05/10/2025;5;good service;;
Dema Wikatama;15/07/2025;5;good app, easy to our car maintenance booked.;;
Azalea Umaiza;23/06/2025;4;bagus;;
R Han;27/06/2025;4;ok;;
Tody F;08/07/2025;4;praktis;;
Muhammad Farikhin;07/07/2025;4;lumayan ok;;
Fatha Rachmana;08/07/2025;5;Bagus;;
Trimana Trimana;06/07/2025;5;responsif;;
Nasril Afriandy;07/07/2025;5;keren;;
Khairuddin;08/07/2025;5;Mantap;;
Arif Hidayat;29/06/2025;5;ok;;
Kusmulyadi Yadi;08/07/2025;5;mantap;;
soe onedy;02/07/2025;5;ok;;
Echa Okdinata;03/07/2025;5;bagus;;
Sandi Kurniawan;28/07/2025;5;good;;
Eka Cerya panca karsa;02/07/2025;5;mantap;;
EMY CORINA;04/07/2025;5;puas;;
wahid efendi;27/06/2025;5;good;;
iwan jtk;23/06/2025;5;mantap praktis;;
kartika dewi;03/07/2025;5;sangat efisien;;
zaenal arifin;27/06/2025;5;good aplikasi;;
Achmad Bustomi;22/06/2025;4;praktis;;
Setyawan ahmad;16/06/2025;5;good;;
Yoga Asprila;20/06/2025;5;good;;
Harmoko Studio;23/06/2025;5;membantu;;
Milfa Yetti;17/06/2025;5;sangat baik;;
Gunawan Varta Adrian;11/06/2025;5;ok;;
Arrayan Arrahahman;12/06/2025;5;Perfect;;
Albar El Fajry;09/06/2025;5;memudahkan dalam booking service 😁👍;;
Bob Yanto;09/06/2025;5;Bagus;;
Indra Iriandi;05/06/2025;5;bagus;;
Tri M;05/06/2025;5;ok;;
Santo Zen;03/06/2025;5;memudahkan booking service;;
florentina merry;30/05/2025;5;ok;;
MJ PRASETIO;03/06/2025;5;oke banget;;
Soekarno Hatta;30/05/2025;5;Aplikasi Mantap;;
Yeyentimalla Edison;21/05/2025;5;Honda e-Care amat memudahkan booking servis. Keren!;;
Djati asromo;21/05/2025;5;APROVE;;
david aritonang;07/05/2025;5;mantap;;
Kiki Hadi Wiratno;19/05/2025;5;oke;;
Agung Gumelar;08/05/2025;5;good;;
Ade Sulaeman;08/05/2025;5;ok;;
sulis handoko;03/11/2025;5;bagus;;
Fiko Perina;17/05/2025;5;terbaik;;
yosep kusnandar;12/05/2025;5;good;;
heskiano goeltom;12/05/2025;5;good;;
roza edison;27/05/2025;5;Terimakasih;;
RMF Chanel;05/05/2025;5;mantap;;
rijek sinambela;04/05/2025;5;bagus;;
Heru Prasetya;08/05/2025;5;bermanfa at;;
Bambang Sunardi;09/05/2025;5;service excellence;;
Hery Rasya;05/05/2025;5;sangat sempurna;;
Muhammad Rozali;26/05/2025;5;Good Services;;
Koes Rhiada;21/05/2025;5;👍👍👍👍👍;;
Kusumastuti Lailiyah;19/03/2025;4;sangat membantu booking service;;
Dede Kusnandar;28/02/2025;5;Ok memudahkan booking servis, dll;;
Aufar Quinsa;06/03/2025;5;great app,, memudahkan service mobil;;
Haicel Chrisiyanto;12/03/2025;5;cool guys, no ribet;;
kholili cnc;08/04/2025;5;booking service lebih mudah 👍👍👍;;
Hani Sofiyur;06/05/2025;4;the best;;
Rita Trisno;15/04/2025;5;good job cepat aplikasi;;
Agus Winarso2024;15/03/2025;5;semakin mudah booking servive;;
Agus Widarto;25/03/2025;5;App Usher Friendly;;
ENJANG MUNIP;17/04/2025;5;Aplikasi user friendly;;
Adrien Presto;15/03/2025;5;ok;;
RikaSaswanti;16/04/2025;5;baguss;;
Ramdani oke oke;08/04/2025;5;bagus;;
b fahd;09/04/2025;5;bagus;;
Dewa sugiarta;11/05/2025;5;baik;;
Tico Wijaya;13/04/2025;5;bermanfaat;;
RUSDIANTOLaw advokat;15/04/2025;5;ok;;
Lukman Cahyadi;19/04/2025;5;good;;
Sondi Musa Sonjaya;27/03/2025;5;keren;;
Ghufran Ardiansyah;21/03/2025;5;mantap;;
Muhamad Nuroddin (PauL);25/03/2025;5;good;;
Artha labu91;25/03/2025;5;mantap;;
Cepi BKK SMK Tri Mitra;28/05/2025;5;good;;
Iyan Rubiyana;10/04/2025;5;terbaik;;
eko hardiyanto;17/03/2025;5;mantab;;
Senandung cantik;25/03/2025;5;mempermudah;;
Eduard Ambarita Edo;22/03/2025;5;good;;
lukmanul hakim;08/03/2025;5;ok;;
Nono Sudiono;19/04/2025;5;ok;;
Perkumpulan Sanggar Silibet;28/02/2025;5;mantap;;
Fakih Fauzan;08/04/2025;5;lancar;;
Agoes Joko;17/03/2025;5;mantab;;
Bradewa Garudatullah;03/03/2025;5;mantap;;
Capt Moralis;28/02/2025;5;oke;;
Naiva Zahra;21/03/2025;5;bagus;;
Andreas Tulus;02/04/2025;5;bagus;;
Ambo Enre;18/04/2025;5;Good;;
Master AssassiN;25/03/2025;5;nice;;
Soeswantoro Soeswantoro;13/03/2025;5;ok;;
Avica Cyi;18/04/2025;5;bagus;;
Asep Slamet;28/02/2025;5;oke;;
IRWAN TEZA;27/02/2025;5;terbaiiiiiiikkkk......;;
Mulkan Matondang;22/04/2025;5;service excellent;;
Herman Syah;03/03/2025;5;lebih praktis;;
Grestya Ratu;14/04/2025;5;lokasi strategis;;
Joko Sulistiono;15/03/2025;5;bagus mantap;;
Budiyanto Musafir;19/03/2025;5;very helpfull;;
Adit Revan;22/04/2025;5;sangat mmbantu;;
Bambang Hermawanto;04/03/2025;5;cukup bagus;;
ricky po;28/03/2025;5;good app;;
Zara Shaqueena Maharani;26/03/2025;5;👍🏼;;
NUR SODIK;26/02/2025;5;good;;
robi vernandes;23/02/2025;5;baik;;
mukhammad toha;20/02/2025;5;good;;
Syahripul Mahya;23/02/2025;5;mantap;;
MR Kurnia;22/02/2025;5;kereen;;
Urip p;23/02/2025;5;ok;;
Pahmi Ami;21/02/2025;5;memuaskan;;
Putu Anindita Saraswati Wiguna;24/02/2025;5;bagus;;
Arik Purnomo;17/02/2025;5;lebih mudah;;
Eko Agustian;25/12/2024;5;Fast dealer response, good problem handling & solving, comfortable communication;;
Abdul Dolah;23/12/2024;5;GooD Aplikasi from Honda e care...;;
nyimas dewi;27/01/2025;5;sangat membantu dengan adanga honda e-care;;
Rafael Benjamin93;13/01/2025;5;mempermudah proses booking service 👍;;
Didin Ruhudin;13/01/2025;5;honda e care memudahkan customer;;
Muhammad Roffi;28/12/2024;3;Biasa saja;;
Andreas Mulyatno;06/01/2025;3;agak ribet;;
Machnun Kediri;03/01/2025;5;ok mantap.;;
ibnu mukhlis;03/01/2025;4;ok.mantap;;
Yuli Nurul;24/01/2025;5;memudahkan untuk booking service;;
Sayogi88 Yogi;06/01/2025;5;oh yes banget;;
Imam Nurwahyudi;13/01/2025;5;mantap;;
Wahyu Perdana;23/01/2025;5;mantap;;
Abdullah Shahab;06/01/2025;5;praktis;;
Budi yanto;22/01/2025;5;good;;
Vera Wati;05/02/2025;5;mempermudah;;
yahya setiawan;27/01/2025;5;good;;
Yobi Efrizal;25/01/2025;5;siip;;
Aroy Sandria;07/01/2025;5;mantapp;;
dian anggraeni;30/01/2025;5;Simple;;
Heru Subroto;26/12/2024;5;good;;
Sudirman Iman;05/01/2025;5;mntappp;;
Uum Pajriah;05/02/2025;5;ok;;
Franky Gerungan;06/01/2025;5;good;;
Stepanus Catur Prasetyo;04/02/2025;5;mantap;;
Mahmud Yunus;16/01/2025;5;mantap;;
Gusti Herry;24/01/2025;5;keren;;
Dennis Sitompul;29/01/2025;5;nice;;
jj a;28/12/2024;5;okay;;
Rohmat Hidayat;14/01/2025;5;ok;;
Rifqi Ahmad;07/02/2025;5;bgus;;
Ayam penyet ABP;15/01/2025;5;Mantep;;
Happy Trisna;12/02/2025;5;Ok;;
Ninis Anggraini;02/02/2025;5;bagus;;
Fahrurazi Tarok;02/01/2025;5;mantap;;
Riyan Indriyanto;27/12/2024;5;ok;;
Ridwan Habri;21/01/2025;5;Terpercaya;;
Valcres;17/02/2025;5;jossss;;
Tri Krisdianto;06/01/2025;5;Mantabs;;
miki mahardi;15/02/2025;5;ok;;
erwin ardiansyah;26/01/2025;5;oke;;
rifki ade;12/02/2025;5;mantap;;
supri iday;08/01/2025;5;baik;;
Deni Tujuh Sembilan;14/02/2025;5;mantap;;
bramantya kurniawan;30/01/2025;5;mantap;;
Rizal Falani;06/02/2025;5;siiip;;
edwin gustiawan;06/02/2025;5;top;;
Juan Apriyana;10/02/2025;5;mempermudah;;
Yosep Arif Budiawan;06/01/2025;5;Ok;;
Rudi yanto;16/02/2025;5;mantap;;
Hanif Aufa Diony Nandana;18/01/2025;5;keren..;;
Rudiyanto java;20/01/2025;5;sangat mudah;;
Erna Londa;30/01/2025;5;Respon cepat;;
Ifan;01/01/2025;5;boking lancar;;
DVT;11/02/2025;5;sangat baik;;
Muslihin Muslihin;12/02/2025;5;sangat baik;;
Putu Shyera;18/02/2025;5;sangat bagus;;
Shandy Sorby;20/01/2025;5;Sangat bagus;;
Edy Hate;21/01/2025;5;mantap lancar;;
marsen renold;14/01/2025;5;sangat puas;;
Liston Sirait;30/12/2024;5;Sangat puas;;
YOGA SETYAWAN;17/01/2025;5;good Job;;
Ridwan Rosyadi;15/12/2024;5;bagus service appsnya;;
Ardi Nugroho;20/12/2024;5;Good !!!;;
Lexi Tular;29/05/2025;5;keren;;
Jumrah Suherman;15/12/2024;5;good;;
Christian Bernhard;22/12/2024;5;ok;;
Slamet Munaji;07/12/2024;5;good;;
Frandika Septa;17/12/2024;5;mantap;;
Alex;10/12/2024;5;Baik;;
Mokhamad Sirojudin;12/12/2024;5;mantap;;
zay zay;08/12/2024;5;good;;
raeli rofsasantani;13/01/2025;5;bagus;;
Fachry Amirudha;21/12/2024;5;mantapp;;
Sigit Aryanto;12/12/2024;5;jhoss gandhos;;
Agus Setiono;15/12/2024;5;bagus banget;;
ZKZ;14/12/2024;5;mantul banget;;
Firman Sitohang;12/12/2024;5;Coba dlu;;
Mkdarhdm;09/12/2024;5;👍🌹;;
Rian Rizaldi;25/11/2024;3;system masih slow respond;;
HMBE68;25/11/2024;5;honda e-care is excellence services.....👍;;
Lufthy Safwan;04/12/2024;5;good;;
mang kadick;20/11/2024;5;mantap;;
Istahal Ammar;16/11/2024;5;bagus;;
nilam sari;14/04/2025;5;baik;;
Opik Gaming;02/12/2024;5;mantul;;
Nasution Iqbalkadir;01/12/2024;5;mantap;;
Fasih Fasih;21/11/2024;5;ok;;
Didi Saputra;25/11/2024;5;oke juga;;
Ardan Syarifuddin Kadir;14/12/2024;5;good;;
Handi Speed;19/11/2024;5;terbaikkkkkkk;;
al hafi;07/12/2024;5;ok;;
Ahmad Syafii;25/11/2024;5;Baik;;
rismawati wati;02/12/2024;5;Menarik;;
Ferdinand Simamora MSc;28/11/2024;5;memuaskan;;
Esa Adetama;20/11/2024;5;baru coba;;
Arya Hakiem;19/11/2024;5;pokoke is the best;;
ben sasongko;02/12/2024;5;fungsional banget;;
Gianluigi Gibran;29/11/2024;5;good aplikasi;;
Ferry Nurdiansyah;02/12/2024;5;nice APP;;
Miftaqul Ulum;19/11/2024;5;👍;;
Gufron Alkiandra;09/12/2024;4;sepp dah..;;
Muhammad Nur;14/11/2024;5;ringkas;;
jhonveris alvredo;14/11/2024;5;respon cepat;;
Sarti Ningsih;11/11/2024;5;bagus;;
Bobby Orboy;30/10/2024;5;Bagus;;
BUDI SANTOSO;07/10/2024;1;Jelek banget;;
didiet dinarta;22/10/2024;4;Memuaskan;;
bambang heryanto;03/10/2024;5;Memuaskan;;
suyadi cakra;06/02/2025;4;idem;;
alec jeep;28/08/2024;5;Mantap;;
Muhammad Irham;03/09/2024;5;ok;;
Yanti;20/01/2025;5;Sangat bagus;;
Danny Depramez;11/06/2024;5;Mempermudah proses booking service;;
Samsung J7;16/06/2024;5;Pas;;
Malaikat Shubuh;23/06/2024;5;Nice Nice;;
Tonni Budiardjo;30/05/2024;5;Good;;
Sunaryo;05/05/2024;5;Oke;;
Nola Ponsel;25/04/2024;5;Baik;;
Kanda Cong;22/03/2024;5;Sangat baik;;
Imam Kamalik;19/12/2023;4;STNK lambat;;
Slamet Hidayat;17/12/2023;5;Best;;
Eko Rachmat Priyadi;15/12/2023;5;Memuaskan;;
Elyta Nova;29/09/2023;5;Honda e-care paling oke;;
Dany JPC;09/10/2023;5;Mantabb;;
Hadadi Hadadi;26/09/2023;5;Ok;;
Basri Lantehceh;12/09/2023;5;Bagus;;
Budi Santoso;29/10/2023;5;Good aplication;;
Zia Rachmat;25/09/2023;5;Top markotop;;
Ketut Sedanarata;10/10/2023;5;Bagus.....;;
Taopik Robina;15/07/2023;4;Mantap;;
Wiyono Yono;19/07/2023;5;Bearing compresor honda freed;;
Gamar Pratama;27/05/2023;2;Update sebelumnya force close, sekarang stuck di loading;;
Arif monggo cassablnca99;27/05/2023;5;Ok;;
Anthoni Susanto;01/05/2023;1;Ribet;;
Nazrin Auto;27/04/2023;1;Ribet;;
Saepudin 3009;11/04/2023;5;Sangat memudahkan saat booking service.;;
robby pratama;24/08/2023;5;Good;;
Rojalul Webb;28/02/2023;5;Mantap;;
Edi Wicaksono;29/11/2024;5;Baik;;
mulyani ulhy;05/03/2022;2;Tidak bisa di tambahkan padahal sudah isi nomor rangka dan lain2nya Perbaikan dong min, biar lebih mudah;;
suharno spd;13/09/2022;5;It's ok;;
Zilong Savage;11/05/2022;1;Rak cetho;;
Muhammad Zahran;13/03/2022;2;Gabisa login;;
DENNY MEDIA;02/06/2022;5;Mantap;;
Satiya Satuhu;06/09/2022;5;Good;;
Panji Syahputra;25/07/2022;5;Mantappp;;
Andy Honda Semarang;25/08/2022;5;Mantap;;
Aris Wicaksono;25/08/2022;5;Mantap;;
Sunarto Adi;12/10/2022;5;Bagus;;
R. Eko Prasetyo Adi Pranoto Spn;03/09/2022;5;Siiip;;
Azwar Azwar;07/10/2022;5;Bagus;;
syahruddin S.;26/12/2022;5;Bagus;;
Reza Mirza;03/09/2022;5;Mantap;;
Azis SFN;05/02/2022;5;Nice app;;
Wiranto Anto;16/11/2022;5;Ok pokoknya;;
Ahmad Fikri Zulfikar;07/04/2022;5;Sudah bagus;;
metharis hervi;25/08/2022;5;Nice aplikasi;;
Ar Syah29;09/03/2022;5;Forr busnesss;;
Suwardi;19/01/2022;5;Ok;;
Koswara -;08/01/2022;5;Ok;;
Raden Rozali;20/10/2021;5;App mantap 👍;;
Akbar Rizki;22/11/2021;1;Apk sampah;;
fery fernando;30/10/2021;1;Jelek;;
Agus Priyono;05/07/2021;5;Simple;;
Donny Alexandra;25/10/2021;1;Parah.......;;
Nurkholis;16/02/2021;3;Error : Http 500 internal server error;;
muhammad hasyim;08/03/2021;5;Ok;;
Sembuang 88;09/02/2021;5;Oke;;
ccoanugerah kasihputera;23/11/2023;5;Ok;;
Sukrons Kron;10/12/2020;5;Okeh;;
Fikri Nugraha;26/11/2020;5;Great apps;;
Herman Yosef;19/02/2021;5;👍;;
Ahmad Ismail;06/08/2022;5;👍;;
Key Kurniawan;17/09/2020;5;Nice Apps;;
Pengguna Google;13/04/2019;5;good job thanks😁😇😎;;
achmad joni afriyanto;04/05/2020;5;Mantap tap 👍🤝;;
Pengguna Google;26/04/2019;4;ok;;
Pengguna Google;28/07/2020;4;Bagus;;
Pengguna Google;10/06/2019;5;ok;;
Pengguna Google;17/07/2019;5;mannnnnntaaaaaap;;
Pengguna Google;24/04/2019;5;mantthuull;;
Anton alhakim;11/07/2020;5;Ok;;
Pengguna Google;01/04/2019;5;ok;;
Pengguna Google;15/05/2019;5;ook;;
Pengguna Google;04/04/2019;5;ameziiinnggg;;
Pengguna Google;19/07/2019;5;good;;
Pengguna Google;29/03/2019;5;siip;;
Pengguna Google;29/03/2019;5;bagus;;
Pengguna Google;29/03/2019;5;ok;;
Pengguna Google;21/04/2020;5;top;;
Pengguna Google;05/04/2019;5;bagus;;
Pengguna Google;03/02/2020;5;First to try;;
Pengguna Google;03/04/2019;5;baguss...;;
Erlin Taty;01/12/2022;5;👍👍👍👍👍👍👍👍👍;;
Pengguna Google;19/12/2018;5;bagus;;
Pengguna Google;03/01/2019;5;muantap;;
Pengguna Google;03/07/2018;3;Bintang 3 dulu, aplikasi nya sudah lebih baik dari yg sebelum nya, hanya ;;
saja belum bisa pilih dealer saat melakukan booking untuk wilayah Padang ;;;;;
"Sumatra barat.""";;;;;
Pengguna Google;28/07/2018;3;Aplikasi nya ga bisa lgs dibuka, selalu lewat play store, knp ya..;;
Pengguna Google;09/04/2019;5;Good;;
Pengguna Google;28/11/2018;5;Mantap honda;;
Pengguna Google;17/08/2018;5;Josht Gandos;;
Deddy Winoto;15/01/2025;5;adanya booking service dari honda e-care sangat membantu sekali, good job👍👍👍;;
asraf kiw;24/09/2021;5;K up my j ng g ng b my the! K mhee my m my ng mhee kit;;
Wilryansaputra Ryan;06/03/2024;1;Update app ngebug;;
Hada Husaeni;16/08/2022;5;Top markotop....👍👍👍;;
Pengguna Google;08/07/2019;3;bagusss;;
Pengguna Google;28/03/2019;1;ok;;
Andreas Budiono;15/06/2020;5;👍🏻 good;;
Almar R Khansa;07/10/2021;5;Almar Rajendra Khansa;;
Ardiles Gosal;03/08/2021;1;Erdfaae;;
MADE HENDRA;20/07/2022;1;Ribet;;
Pengguna Google;15/02/2019;5;ok;;
Pengguna Google;07/07/2019;2;mantap;;
Czz Ikmal;08/08/2023;5;Mempermudah;;
Agoes Choirul Alim;25/02/2023;5;Mantap;;
Logam Mulia;13/04/2023;5;Bagus;;
Rochman Wijayanti;14/04/2026;5;okey;;
Niti Syachrenggo;05/09/2020;5;Ok;;
Sugi Anto;07/08/2021;5;Bagus;;
Reza Aprianto;23/10/2025;5;bagus;;
mr kubond;26/03/2025;5;good;;
A; Roy;03/03/2026;5;awesome;
TOTOK WIJATMOKO;30/06/2021;5;Ok;;
any santy;09/12/2020;5;Mantab;;
Andi Sinawan;24/05/2022;5;Ok;;
Pengguna Google;23/11/2019;5;Ok;;
Eddy Wiyose;29/09/2023;4;👍👍👍👍;;
Pengguna Google;19/07/2018;5;Mantap;;
Shelvy elvaira Putri;08/02/2021;5;Top 👍👍;;
Korneles Wellikin;23/11/2022;5;Sangad membantu;;
Sun Sun;14/10/2022;5;Mantap honda;;
Hms Team;23/06/2025;5;aplikasi bagus;;
mura muri;12/03/2024;5;Ok sip;;
SANDI ADAM;30/10/2022;5;Apk mantap;;
UGENG GENA A PUTRI;23/06/2024;5;Sangat memuaskan;;
Jhon Lee;15/02/2023;5;👍;;
Yanuar46;04/05/2026;1;Historynya tidak update dan pesan masuk tidak bisa dibuka, hanya ada notifikasinya aja (5/24/23) Update: setelah kirim email dgn lampiran masalah untuk saat ini history servis terlihat namun tidak seluruhnya, untuk yang per tanggal 28/3/23 blm tampil, terlihat langsung di servis terakhir tanggal 17/5/23. Selain drpd itu untuk note servis (saran servis) juga blm hilang, dgn kondisi saran servis perbaikan trsbt sdh dilakukan, selanjutnya pesan masuk blm terlihat. Per 1/5/2026 tidak bisa login;;
felix felicis;20/04/2026;1;jelek dan lamban. loadingnya lamaaa sekali. saya isi booking saja nunggunya sampai 45 menit karena proses loading yg lama. promo juga sedikit. ga banget deh kalau pakai aplikasi honda.;;
Andi Asmara;19/04/2026;1;tolong perbaiki app nya, sudah instal ulang, tetap tidak bisa di lanjutkan untuk order service. tks;;
Ellya Widjaja;19/04/2026;1;masuk ke app susah, tidak user friendly, tidak bisa dipakai appnya. tolong diperbaiki, nge bug parah.;;
Alan Sarante;18/04/2026;1;lambat sekali, tolong perhatiannya;;
Robby Koesbiantoro;01/04/2026;5;good service for SA ( Ridwan);;
Danny Kurniawan;21/01/2026;4;Gambar Honda BRV saya tidak ada di menu drop-down My Honda.;;
Miftachudin Chakiki;29/12/2025;5;mantapsss;;
Steven;17/12/2025;5;Easy to use & very helpful for booking service;;
Tatik Cahya;19/09/2025;5;keren;;
Ramli Rusli;24/08/2025;5;verygood in service;;
Teuku Riyadhsyah;12/08/2025;2;Sering kali ketika di cek sudah dalam posisi terlogout. Biasanya aplikasi terlogout jika ada login tidak berhak pada device lain. Tolong diperbaiki supaya tidak terjadi login yang tidak berhak.;;
adha isori;05/07/2025;5;Sangat Membantu;;
Bobbity Bob Ross;03/07/2025;4;Good interface, easy to use. Sometimes it can be a bit slow but not affecting the usage too much;;
Agus Sekti;02/07/2025;5;menu booking service memudahkan untuk menyesuaikan dg schedule pekerjaan;;
Winny Gunantiani;01/07/2025;5;great apps.. really helpful;;
Hendro Mongi;01/07/2025;5;best;;
Edwan Team;29/06/2025;5;sekarang sudah bagus, bisa lihat service record sebelumnya. semoga makin bagus dan lengkap.;;
candra yudhatama;27/06/2025;5;mantab. sangat membantu;;
Pujo Sumantri;25/06/2025;5;booking mudah;;
Alwi;24/06/2025;4;ok;;
Ahmad Bashori;23/06/2025;5;mantap, bagus;;
silva dahono;17/06/2025;5;sip, sudah lancar semua;;
trista wijayanti;12/06/2025;5;Tetap pertahankan kinerja baik ini, semua mudah tinggal klik saja;;
Enny Yunita;11/06/2025;5;mudah mudahan bs lebih baik lagi aplikasinya;;
Inggrid Maya;05/06/2025;5;pelayanan bagus;;
Quetz Channel;02/06/2025;5;Akhirnya dibenerin jg app nya. Kemarin sampe install ditablet buat booking service nya.;;
Roland Andreas;02/06/2025;2;halaman Beranda tidak ada icon yang dapat diakses.;;
Center klik;02/06/2025;2;Setelah update, menu jadi tidak bisa di klik. Mohon segera perbaharui lagi.;;
Riza;02/06/2025;3;min ngebug di home ga bs booking service hp samsung;;
Riesca Risnendar;02/06/2025;3;Tidak ada history service yg pernah dilakukan;;
Agustini Mashalim;02/06/2025;5;Memudahkan untuk booking service dll jadi tdk usah melalui telpon lagi, semua lewat ponsel saja;;
Nevy Nisrina;01/06/2025;3;membantu sih, tapi suka nge freeze, jadi stuck setelah masuk aplikasi, gabisa klik apa apa, dan kejadian kaya gini sering;;
HC VLOG;01/06/2025;1;Nge Bug can't Access Menu and Choose car;;
Glandy Immanuel;01/06/2025;1;i cannot click all the menu, please fix this application. this application is helpful, but now is not working. i'm running on android 15, i try use mobile data or wifi still cannot click any menu.;;
Arif Somawijaya;31/05/2025;1;not functioning after logging in;;
Agung Wahyu Wibowo;30/05/2025;2;"Saran saya, minta kontak teknisi nya. Pengalaman pribadi, di saat darurat, dari aplikasi lama status ""mencari teknisi"", dihubungi CS berjam-jam setelah membuat permintaan hanya diminta untuk membatalkan permintaan dan diminta membuat ulang pada hari lainnya. Untungnya punya kontak teknisi, jadi teratasi. Walaupun sangat telat dan tidak memberi solusi, setidaknya ada tanggapan sih dari CS nya.";;
Mochamad Faizal Bachri;22/05/2025;5;👍;;
achmad junizar;20/05/2025;5;ok;;
Ryan Hardiyanto;16/05/2025;5;Booking cepat mantap 👍🏻;;
Aryoso Rahmayadi;08/05/2025;5;Aplikasi komprehensif untuk service berkala, bisa untuk booking service dan ada history service nya juga;;
weihan yao;06/05/2025;5;good service;;
satya yudha;04/05/2025;5;Apps yang membantu untuk booking service sehingga tidak mengantri dan langsung dihandle;;
Munandar Setiawan;22/04/2025;5;good service;;
Veronica Devy;17/04/2025;5;good app😊👍;;
Bagus Putra;17/04/2025;5;ok;;
Erwin Sanz;10/04/2025;1;force to update;;
Eric Sibarani;10/04/2025;5;good;;
Mr. Eman Jepara;09/04/2025;5;pelayanan ramah, bagus.;;
aldi alchamim;08/04/2025;5;ok;;
Fikhy Endriaz;07/04/2025;5;bengkel terbaik;;
Himawan Santoso;03/04/2025;1;Aplikasi bodoh. Reservasi tak dikonfirmasi-konfirmasi, tahu-tahu di-cancel.;;
Yusron Surya Pranata;02/04/2025;5;mantap, update dan online;;
Vino Rino;26/03/2025;5;nice very helpful;;
Alfian Adi Atmaja;23/03/2025;5;Good;;
Mirza Walad;22/03/2025;5;ada beberapa Fitur yang tidak bisa digunakan..;;
Irsan Y Srigede;20/03/2025;5;appnya sangat bermanfaat dan convenience banget;;
Kun H;16/03/2025;5;Membantu..;;
Nick Lo;16/03/2025;1;Crash everytime I try to register a car.;;
Gusti Putu;16/03/2025;3;Server internal sering error, tidak bisa registrasi service mobil;;
Trisno Sugiyanto;15/03/2025;5;Ok;;
andika restu;08/03/2025;5;mantap;;
Triana Dewi;06/03/2025;5;easy to use;;
jroe 19;04/03/2025;5;membantu dlm booking service & update info Honda;;
Tedy Arisandi;01/03/2025;5;good service;;
Allen Istalaksana;28/02/2025;5;Honda The Power of Dreams 🔥🏁;;
Fery K Century21 Jogja Empire;27/02/2025;3;UI / UX nya masih membingungkan;;
Dr. Yoyo;25/02/2025;5;Nice easy to use;;
vina chandra;17/02/2025;5;ok;;
Ika Rakhmawati Hilal;16/02/2025;5;nice app;;
Petronila Jean;15/02/2025;1;Aplikasi tidak bermanfaat sama sekali, dipakai buat booking aja ga bisa.;;
Indri Rakan;14/02/2025;5;mudah;;
Addi Gesang Sentosa;09/02/2025;5;sangat memudahkan..terima kasih;;
Herlandodi 101261;07/02/2025;5;the best service and maintenance;;
Fajar Setyawan;07/02/2025;5;Good Job, Honda 👍🏻;;
Suherman suhe;01/02/2025;5;sangat memudahkan;;
Sony Latuheru;01/02/2025;5;good & fast connection;;
Heri Chang;29/01/2025;1;ribet;;
Pebri Ananta;29/01/2025;5;Aplication help full to know information detail Car and booking service;;
Much Do;25/01/2025;5;Mantaab 👍;;
budi zan;24/01/2025;5;aplikasi yg sangat membantu bagi pemilik mobil honda;;
Yudha Hendra Kamal;23/01/2025;5;more better at the next;;
Gagan Gandara;23/01/2025;5;easy to use;;
erik tan;22/01/2025;5;mantap;;
Joko Suprapto;18/01/2025;5;easy to use;;
Indra Rukmana;16/01/2025;1;booking aja lama bgt;;
Taufik Ardani;14/01/2025;5;app mudah dipahami, mungkin kasi promo apa voucher diskon biar lebih semangat kalo service.;;
Hap Man;13/01/2025;5;good app honda;;
Irfandi;12/01/2025;1;UI UX sangat buruk, navbar tidak bisa diklik, map harus search exact name. Seperti build pakai template;;
cup 10;09/01/2025;5;excellent;;
Badai Bayu Sasmito;09/01/2025;5;Good;;
Eka Taruna;08/01/2025;4;#NAME?;;
Erick Tirtawarsita;02/01/2025;1;Aplikasi ga ada gunanya, emergency juga ga ada fungsi. Cuman buat mobil2 baru aja ini aplikasi. Buat mobil tua jangan berharap banyak. Kalo mau cari nmr kontak honda buka aja google map, lgs dpt posisi paling deket sm kita lengkap sm nmr kontaknya.;;
erick ariyanto;01/01/2025;5;ok;;
felicia limantoro;31/12/2024;5;mempermudah proses booking;;
Granietooo;27/12/2024;5;good app;;
Teuku Mahendri;26/12/2024;5;good;;
Sunarto San;24/12/2024;5;ok;;
Revorizar 46;24/12/2024;5;good;;
Rony Wardhana;23/12/2024;5;easy and registered;;
Sandy;22/12/2024;1;Honda BRV is not avalable in the apps;;
Willy adrianus;19/12/2024;1;Staff tidak memberikan solusi.. paketan servis honda juga tidak berlaku terlalu banyak syaratnya;;
R R;16/12/2024;2;masih perlu banyak peningkatan fitur;;
tuti yuliani;07/12/2024;5;layanan ba gus;;
M. Yani Syafei Kartawinata;03/12/2024;5;good jobs;;
Ano Narno;03/12/2024;5;simple, menu jelas, mudah penggunaannya. Tks;;
Mariana Verdy;03/12/2024;5;Pelayanan baik, ramah dan memuaskan;;
Susanti Koh;29/11/2024;5;good;;
Heri Anggono;25/11/2024;5;aplikasi mudah dan lancar;;
Andri Harianja;24/11/2024;5;Sangat membantu, khususnya untuk booking service.;;
Kiki hikmat;18/11/2024;5;so far okay lach;;
Judi Ridwan Pratama;16/11/2024;5;👍👍;;
mohamad sopian;13/11/2024;5;bermanfaat dan sangat membantu;;
Martin Robinson;10/11/2024;4;Easy to use app but needs an English option.;;
fatma amalia;10/11/2024;5;terbaikk;;
Kakael Nakano Saputro;09/11/2024;5;Nice Services and cozy place;;
Sahmudin;07/11/2024;3;Tidak ada fitur history services, isinya kosong ....kurang berguna apps ini;;
didakusnovy novy;05/11/2024;5;aplikasi simple yg sangat membantu;;
alex Ferdian;04/11/2024;5;ok banget . pelayanannya;;
nafis farabi;03/11/2024;1;Tidak bisa isi tanggal Dan jam booking;;
nandar Junizaf;02/11/2024;5;bagus;;
Bong Arianto;28/10/2024;4;Tolong bagian IT Aplikasi, itu Logo BRV masa blank... Yg lain model aman, cuma BRV Blank;;
Patana Satya;07/10/2024;2;Kenapa sejak kemrn aplikasi tidak bisa running ya, sudah uninstall dan install ulang masih tidak mau masuk ke home... Alias tidak mau running...;;
akhmad fariz;28/07/2024;5;Sangat membantu untuk booking service;;
albert k;05/07/2024;1;Sudah reset password and masukin password Baru. Tapi waktu mau login no hp / passwords Salah. Sudah clear cache delete data. Coba login lagi salah. Sudah di bantu cs di toko 2 bulan lalu and sekarang juga sama kondisinya;;
Deddy Hutagalung;22/06/2024;4;How to re-schedule???;;
Rowena Suryobroto;17/06/2024;3;Booking service bermasalah? Kemarin pesannya internal server error. Hari ini saya pilih dealer, tapi tidak bisa lanjut;;
Sulut Sehat;08/06/2024;1;Tanggal booking tidak tersedia padahal mau servis;;
Bobby Irwanza;16/05/2024;1;Pas mau tambah kendaraan, disuruh masukkin tanggal berakhir STNK. Tapi tanggalnya ga bisa di tap. Kalo ga disii ga bisa lanjutin;;
Suluh Prihanto;05/05/2024;3;tidak bisa login aplikasi, keterangan java security not found 🤷🏻;;
Agun Gunardi;05/05/2024;1;I used this application for booking service, but now not working anymore with error message : javasecuritycert something like that.... Sound stinky.....;;
syndicate kancil;05/05/2024;1;Habis update malah error;;
Gian Giovani;30/03/2024;2;Hbais update nge crash terus aplikasinya. Parah parah;;
Filipus Adityo;25/03/2024;1;Pembaruan yang banyak bug, entah lokasi dealer, pin, tidak bisa booking service online dll;;
Luqman Hakim;23/03/2024;1;"After attempting to log in, the app goes to request personal data. However, I cant tap on the email address box and if all data is not filled the ""Confirmation"" button is still greyed out. Bottomline the app is not useful";;
winarso ns;14/03/2024;1;Aplikasi buat rubah profile aja gak bisa, sudah diisi email tetep error dan yg sudah diisi balik ke default lagi;;
I Gede Bayu Bege;12/03/2024;1;Liat saja banyak bintang satu, sudah sangat merepresentasikan kualitas app nya. Mau daftar aja ribet, kopas kode verif salah, di ketik manual salah, situ yang ngirim, situ yang bilang kodenya salah. Maunya apa....;;
Joshua Christian;03/03/2024;1;Versi terbaru error terus;;
Warno Mts;18/02/2024;5;Setelah di update dengan Honda e-care terharu, jadwal service berikutnya menjadi salah, justeru yang bener yang sebelumnya;;
Paulus Arka Triyoga;07/02/2024;2;Aplikasi tidak bisa digunakan. Baru memasukkan data mobil saja tidak bisa. Sudah memasukkan no rangka dan mesin, tetapi dikatakan salah data;;
Romi H.;24/01/2024;1;Gagal terus ketika upload foto stnk. Sdh restart hp dan reinstall aplikasi;;
Arief Maulana;21/01/2024;3;Tidak bisa nambah akses kendaraan..di notif hp istri saya nihil..tdk ada notif;;
it's me;15/01/2024;4;Setelah sy memberikan review langsung ada telpon dari CS dan mendapatkan solusi, tapi pemesanan service dikonfirmasi oleh pihak aplikasi ini, jadi order service melalui apps masih belum berhasil saat itu. Semoga berikutnya udah gak bermasalah lagi;;
Iwan Sugiarto;03/01/2024;2;Data yg sudah diisi dan disimpan tapi jadi kosong/ salah lagi. Data yg sama diminta lagi bbrp kali.;;
Rian Septiana;15/12/2023;1;data kendaraan saat ini tidak tersedia. hadeuuhh..;;
Garda Al Haq;09/12/2023;1;Booking service di apps udh dr bbrp minggu lalu untuk jam 8 pagi, sampai bengkel status tidak terdaftar. Jd hrs tunggu lg sampai 8.45;;
Hefi Hendri;16/11/2023;1;Ini aplikasi bobrok. Dulu pernah gunakan awal beli Honda. Ketika sing in lg setelah sekian tahun tidak, malah nama profil, no HP sdh milik org lain. Padahal emailnya gunakan email saya;;
Alex Hand;07/11/2023;3;Isi data kendaraan keterangannya, nomer rangka dan nomer mesin tidak cocok. Padahal sesuai buku servis dan bpkb. Knp bisa begitu min?;;
Satya Widhismara;22/10/2023;1;Tidak bisa mendaftarkan mobil karena entah bagaimana sudah terdaftar di akun lain. Ketika disubmit tidak ada pesan / notifikasi berhasil, tab pesan hanya menunjukkan layar kosong;;
Beny Hinadrayanto;22/10/2023;1;"Aplikasi bagus bisa dapat 4-5 bintang tapi diberikan 1 bukan maksud membenci tapi bintang 1 ini diberikan untuk menjadi perhatian, mohon diperbaiki ketika menekan tombol hapus diberikan peringatan dahulu ""Anda yakin akan dihapus"". Setelah ini akan saya buat menjadi bintang 5 kembali.";;
Erwin Tri Su;24/09/2023;1;Sepertinya aplikasi ini hanya diperuntukkan bagi mobil honda keluaran terbaru ya? saya coba input mobil keluaran lama yang ada notifikasi nomer mesin dan nomer rangka tidak sesuai terus;;
danny febryana;17/09/2023;5;Bermanfaat bagi pengguna mobil Honda;;
Harry Moniaga;09/09/2023;5;Cukup puas selama ini dgn service dari Honda;;
Ardy Maulana;07/09/2023;5;Aplikasi nya lumayan bagus, bisa lihat service record mobil & booking service jd lebih mudah..good job!!;;
Sotoy Kaiba;31/08/2023;1;Gak bisa memasukkan data mobil;;
Ramdanih;30/08/2023;3;tampilan biasa saja. mesti update dengan UI & UX yang lebih bagus. aplikasi sudah ketinggalan jaman.;;
A Google user;25/08/2023;5;Aplikasi sangat membantu dan mudah sekali dalam membuat Booking service 👍👍;;
Ahmad Syahda Fuadi;19/08/2023;2;Booking servis tapi ga masuk antrian booking..;;
Gabriel Andrew Ng;04/08/2023;5;Useful;;
taufan pradana;28/07/2023;1;Saya kasih bintang satu karena sekarang kalau mau tambah kendaraan selalu muncul notifikasi nomor rangka dan nomor mesin anda tidak cocok, mohon periksa kembali nomor mesin dan nomor rangka anda.. ga berguna aplikasi ini sekarang.. saya juga coba daftar mobil honda lain, namun hasilnya sama tidak bisa...;;
Ardoto Priyo;26/07/2023;5;Detail 👍;;
Andra Hendria;24/07/2023;5;Cepat responnya sejauh ini,, teknisinya gercep.. untuk harga standar hanya nambah biaya pelayanan saja;;
Zulfahmy;09/07/2023;2;Tidak bisa order Booking Service;;
Anif RS;07/07/2023;5;Mudah digunakan, sangat mrmbantu..;;
Karin Ax;30/06/2023;1;Mau booking aja susah bener, disuruh nambah permintaan pelanggan tapi bs diklik. Payah banget appsnya. Applikasinya kayak kita mau ke honda buat service gratis aja. Ga beres.;;
Alvie Syahrin;10/06/2023;5;I hope that every car color in this application can be adjusted to the original color, because my brio turns red, the original is white 😁;;
Hero;05/06/2023;5;Sudah bisa dibuka, makasih kak;;
Januar Hadi;03/06/2023;3;Nggak singkron catatan servis di bengkel sma di aplikasi ini 😪🥴;;
Chae Ree;31/05/2023;2;Gak bisa book service , ada bug tulisnya;;
Sahri Rahman;27/05/2023;3;Awalnya bisa buat booking service, tapi sekarang gak bisa di buka, tolong di update lagi karna sangat membantu;;
Ependi Subeno;27/05/2023;1;Can't work after updated. I can't booking service at the moment. Ridiculous;;
Tjeng Christian;16/05/2023;5;This app help prevent unnecessary que at workshop;;
Dody Satrianto;16/05/2023;3;Forced close app after clicking booking service. Fix the bug!;;
hasan ngui;12/05/2023;5;ok dah. spesifik datanya;;
Donny SW;09/05/2023;5;Bagus;;
Titus Ciputra;02/05/2023;1;Mendadak info kendaraan saya hilang, coba daftar ulang kendaraan tetep tidak bisa.;;
Rayhan Ramadhan;16/04/2023;1;Appointment booking online, onsite, whatsapp dan telfon tidak real time integrasi. Booking online saya di cancel dengan alasan kurang jelas.;;
bayu sudarmantov;07/04/2023;3;"Saya instal Dan berhasil login, setalah saya masukan nomor mesin dll, lalu muncul notification ""mohon Menunggu persetujuan akses Dari pemilik lama"" Padahal saya beli baru lho... Solusinya gimana ya";;
Mikhayla Georgia;16/03/2023;2;Saya forget password ga bs ktny akun tdk terdaftar :(;;
Bayu Segara;08/03/2023;5;Mnrt ane Aplikasi bagus.ada vocernya;;
hari yanto;21/02/2023;5;Mamtap lah;;
Wibi Bee;20/02/2023;1;coba booking service 1 bulan, dah 2 hari status nya masih tunggu konfirmasi... padahal mau service nya di Indonesia om, bukan di jepang... ya mungkin made in Japan... always slow;;
Nadira Erfira;20/02/2023;4;Good;;
Wilson Chen;05/02/2023;1;Kenapa tidak bisa mendaftarkan mobil? Disuruh periksa nomor rangka & mesin terus?;;
abi mbes;28/01/2023;5;Pelayanan prima;;
Chalidin Abubakar;14/01/2023;5;Sangat berguna;;
Rudy Susanto;29/12/2022;5;This is useful app for Honda Lover... just grab it 😁👍👍;;
Real;28/12/2022;2;Suka sign out sendiri;;
Daffa Adhika Widi Wardhana;27/12/2022;5;Berfungsi dengan baik;;
Revi Rosa Indah;27/12/2022;5;Pelayanan baik dan ramah;;
Nces 2606;24/12/2022;1;Jelek sekali..saya sudah booking dan datang ke honda..tidak ada kode booking saya..kejadian ini sudag 2x;;
Abdul Khaliq;19/12/2022;3;Saya kesulitan melihat history, sudah ikut petunjuk dari Honda untuk refresh, ternyata tetap historynya salah. Saya service di Batulicin, tertulis di Balikpapan.;;
Bagus P;30/11/2022;5;Sangat terbantu dengan aplikasi ini;;
Zack Mokhid HIMALAYA Official;22/11/2022;5;Oke;;
Super fruit;27/10/2022;1;Booking service slot is not aligned with offline booking. Seems like they are not ready to go online yet.;;
Iwa santoso;20/10/2022;5;Mantapp honda ecare;;
Mang Darman;04/10/2022;5;Sangat Bermanfaat;;
Iman Lusion;02/10/2022;4;Sejauh ini cukup baik dengan data history terintegrasi;;
Diajeng Putri Anggraini;01/10/2022;1;Useless;;
Arnoldus George Alexander Palar;27/09/2022;4;Tombol hapus kendaraannya tidak ada confirmation, kalau tidak sengaja ke-tap, kendaraan langsung kehapus;;
Rendy Pratama;22/09/2022;5;Aplikasinya mantap, pas dateng sesuai dengan schedule yang di tentukan, pelayanan seperti vip, terimakasih honda;;
Darwin;18/09/2022;1;Aplikasi yang buruk.data kenderaan yang diinput sudah sesuai stnk untuk no rangka dan no mesin malah gk bs ditambahkan.klo aplikasi nya sdh bisa validasi sendiri ngapain srh nasabah input lg no rangka dan mesin.nasabah dah input malah validasi aplikasi diblg salah;;
Kuswo Wahyono;04/09/2022;2;Apliksasi sukar dipakai, hati² dng data pribadi, aplikasi tampaknya kurang aman;;
Djoko Nurtjahjo;30/08/2022;5;Keren ... bisa liat histori service;;
Lia Novita;07/08/2022;1;Aplikasi useless, CS menyarankan booking lewat aplikasi, jadwal penuh semua hanya tersedia hari Minggu. Saya sdh booking hari Minggu, bengkelnya tutup dan ga ada konfrimasi apa-apa. Kalau dealer ga siap dengan aplikasi, better nggak usah sarankan customer pakai app, buang2 waktu customer namanya.;;
hendra ritonga;03/07/2022;5;Mantap, rekomendasi service dan riwayat pekerjaan lengkap... (kalo service resmi). Kalo nga resmi juga kelihatan... berarti ke service tidak resmi.;;
kak made;21/06/2022;1;Selalu gagal menambah kendaraan. Periksa kembali nomor mesin/rangka. Nampaknya serial database kendaraan belum diupdate dari pihak Honda HPM.;;
Budiyana Budi;25/05/2022;1;"Default kolom agamanya ""Katolik"" bikin sentimen ini team IT nya.. Bagus kosongkan saja, apa urusannya service mobil sama agama..";;
Lita S;20/05/2022;1;Tdk berhasil memulihan username krn lupa password. Sejak install pertama kali juga gagal akses;;
JS Permana;06/05/2022;1;Tidak bisa registrasi. Poor development;;
andy rianton;16/04/2022;1;Booking service menggunakan aplikasi ini karena ada voucher. Sudah klaim dan booking via app nya, tapi saat klaim voucher tidak bisa. Ditunjukkan saat service jg katanya error gak muncul voucher nya. Jadi merasa ditipu untuk service di honda nya, mengecewakan.;;
Nicholas Liong;14/04/2022;1;Poor develeloped apps, unable to book for service so whats the point for this apps;;
subhan;28/03/2022;5;Nice, many improve idea next version;;
Yopi Suwanto;12/03/2022;1;Muncul error saat registrasi;;
Alif Fajar Rahman Sidiq;04/03/2022;1;Nambah kendaraan gak bisa !!! Suruh cek no mesin dan rangka, padahal udah bener !!! Apa gara2 mobil CBU ??? Gak guna sama sekali ini apps. !;;
Hansky Kie;15/02/2022;1;Daftarkan kendaraan diminta cek nomor rangka dan mesin kembali terus. Padahal sudah 3 orang bantu pastikan betul. Tetap aja diminta cek ulang nomor rangka dan mesin. Apa gara mobil saya yg daerah FTZ??;;
Prasetyo Aji;03/02/2022;3;Aplikasi force close ketika booking service (updt sdh ada tanggapan via email, blum dicoba);;
Muhammad Nurrahman;26/01/2022;1;baru download, dibuka aja g bisa;;
Jimmy sudiro;26/01/2022;1;app error tdk bisa dibuka ????;;
legowo putro;26/01/2022;4;Habis update terakhir malah tidak bisa dibuka appsnya;;
Juniadi Dwipayana;21/01/2022;1;Force close ketika booking;;
Rifqi Hanif Nandiwardhana;18/01/2022;3;Is it only for car services not motorcycle services?;;
morning up;13/01/2022;5;Helpful app to do booking service at dealer.;;
Arya Pradana;08/01/2022;2;Tidak bisa booking servis. Sudaj mengisi semua data, klik simpan tapi balik ke menu utama.;;
Elizabeth Sandra;28/12/2021;1;"Kode aktivasi ngga masuk ke email, walau sdh berkali"" di klik ulang";;
yochan yochan;22/12/2021;1;Minta kode AKTIVASI tdk prnah dikirim. Folder spam & inbox kosong. Gimana mau login. 😪 Semoga honda segera hire ahli IT yg baru.;;
Aliandy Cherdy;20/12/2021;5;Manntappp;;
Muhammad Ibnu Rabbani;14/12/2021;4;Akhirnya di konfirmasi;;
dany sie;14/12/2021;1;Aplikasi kolot;;
SAGA pictures;14/12/2021;1;Login tidak bisa karena alamat e-mail tidak valid Daftar dg alamat email yg sama tidak bisa karena katanya sudah digunakan Ganti pasword tidak bisa diproses karena tidak ada tombol lanjut setelah menginput alamat email;;
Robby Manurung;11/12/2021;3;Email kode aktivasi ditunggu lama blm terkirim juga;;
Richard Saptabharata;24/11/2021;5;With or without this app, Honda still number one to buy. Because they care.;;
van klompen;25/10/2021;4;Saya booking service di Honda Tugu Yogya, sudah bbrapa jam gak di konfirm Min. Dah hampir jam nya;;
Prama Imran;18/10/2021;3;Sebaiknya ditambahkan service history;;
Yohanes Sulaiman;12/10/2021;1;Kata dealer aplikasi sampah. Voucher tak berguna.;;
Hari Saputra;10/10/2021;1;Apps sekelas honda, nambahin data mobil aja gak bisa bisa.. uninstall deh. Dear Honda HQ, please review your apps-vendor and team.;;
Aditya Andika;07/10/2021;1;Ga bisa update tambah kendaraan. Udah klik simpan ga bisa. Tampilan voucher kosong sama sekali pdhl saya mau ganti recall fuel pump;;
Andri Setiawan;06/10/2021;1;Tidak Bisa Menambahkan kendaraan, otomatis tidak bisa booking service.. aplikasi jadi tidak bisa digunakan.. honda kenapa tidak sync data di bengkel dan di apps, tiap ganti bengkel selalu daftar lagi.. kalah sama sebelah;;
Aditya Indrawanto;27/09/2021;1;Baru juga install, registrasi..kode aktivasinya ga masuk2. Uninstall ajah;;
agung satria;23/09/2021;1;Masa Kendaraan CBU tidak ada dalam daftar. Payah;;
Welly Hartanto;08/09/2021;4;So far ga ada masalah, mungkin bisa ditambah informasi mengenai histori perawatan kendaraan supaya customer bisa recheck apakah kendaraan udah saatnya perawatan;;
Layla Fadhila;03/09/2021;1;App yang sangat tidak berfungsi dan sangat tidak berguna;;
Jatmika Rico;22/08/2021;1;Baru sekali booking kemudian tidak jadi datang. Setelah itu tidak bisa booking lagi dengan alasan kendaraan ini sudah digunakan untuk booking dengan kode xxx.;;
Ben Dahyar;18/08/2021;1;Bangke lah aplikasi kalian. Kalian batalkan konfirmasi booking service saya saat tengah malam. Aplikasi tak guna. Menuh-menuhin handphone aja;;
Teten Sutendi;15/07/2021;3;Untuk booking servis bisa berjalan baik. Tapi akan lebih berguna aplikasinya jika user bisa melihat history servis dan pengingat jadwal servis berikutnya beserta estimasi biaya servisnya;;
afriza tela kurnia;10/07/2021;1;Tidak bisa complain Pada apliskasi, saya booking dan voucher pergantian fuel pump yg tidak di pakai saat service tetap hilang terpakai;;
Lucky Switch;04/07/2021;3;Aplikasi nya ditambahkan fitur Chat yg bisa jadi platfrom tanya jawab antara pengguna kendaraan dengan Honda, akan sangat bermanfaat bagi pengguna dan menjadikan service Honda lebih baik lagi pada pelanggan setianya.;;
Aditya J Sunandi;18/06/2021;5;Ok;;
Alfanendya Safudi;05/06/2021;1;Kenapa cari lokasi dealer harus pakai map? Ini world map pula, siapa yg mau servis di Africa? Kenapa nggak pakai drop down list? Nggak user friendly.;;
indra wijaya;12/05/2021;3;Ga jadi pake, request permissionnya aneh, hanya untuk booking service masa kudu kasih info yg cukup sensitif? Maybe next time...;;
Hardi Yono Nusawan;09/05/2021;1;Not helping customer;;
Mario Wang;07/05/2021;1;Request lupa password tidak bisa. Sudah masukan email yang terdaftar dan benar. Email untuk reset passwordnya tidak pernah sampai;;
Reza;20/04/2021;1;Wasting my time playing around with this app. Submitted booking service appointment, waiting for confirmation forever. Wont use this anymore.;;
Muhammad Firdaus;18/04/2021;1;sama sekali tidak bisa membantu pengecekan riwayat perawatan;;
Sastra Anugraha;11/04/2021;1;Unable to see service record history in Honda e-Care app, need to benchmark Hyundai, I can see my Hyundai car service history, I think Honda is too secretive 😅;;
achmad hidayah;29/03/2021;5;Ok;;
Yuliana Lee;23/03/2021;1;Tidak bisa nambah kendaraan, pas awal registrasi juga tidak dimintain isi nomor rangka dan mesin, mau booking ga bisa karna lom isi nomor tsb;;
rendy yusman;01/03/2021;3;Sebaiknya ad history perawatan berkala di honda dan estimasi biaya perawatan berkala;;
Ria angraini;25/02/2021;1;Tidak bisa booking Kendaraan sudah terdaftar tapi tidak bisa pilih. Sudah 6bulan masi ngaco. Feb 2021 App bodong Booking tetap manual.;;
Mustakim _;23/02/2021;1;Useless apps, i need service histories of my car, I don't need to see my car number detail on that app.;;
Andrian Soelistiyo;31/01/2021;1;Aplikasi sampah, register aja gak bisa hahaha;;
Harry Kurniawan;29/01/2021;4;Sudah mendingan dibanding versi sebelumnya, namun belum dipakai untuk booking;;
Jony Lim;27/01/2021;3;Booking service via app ini kayak buang2 waktu. Ga dikonfirmasi jadi auto batal. Ini jg ga ada reminder service berkala? Yg paling penting gini masa ga ada?;;
bahid gunawan;19/01/2021;2;Aplikasi setengah jadi, bugs...;;
Trayudi Darma;30/12/2020;2;Gak ada record service nya ya ? Seperti merk tetangga ada menu record service or penggantian part yg telah dilakukan;;
Suparman Muliyadi;22/12/2020;1;daftar mobil sendiri berulang kali kaga berhasil, sampai hapal nomor rangka dan nomor mesin luar kepala. Aplikasi lambat , SQA harus bener2 proven sebelum release ke public. sangat mengecewakan;;
Alexander Huang;10/12/2020;1;Booking service lewat aplikasi jadwalnya tidak sesuai dengan jadwal dealer, di aplikasi jadwal tersedia tetapi belum tentu di delaer tersedia, proses konfirmasinya belum otomatis, booking online disini sifatnya hanya memberikan pesan ke dealer untuk jadwal booking, untuk kepastian jadwalnya dealer yang tentukan, bukan aplikasi ini, jadi menurut saya buang waktu untuk melakukan booking service lewat aplikasi.;;
Leonardo Caesar;10/12/2020;1;Saya sdh booking dan dtg servis sesuai dg booking. Bbrp hari kemudian muncul notifikasi bookingan anda dibatalkan. Berarti ga sinkron donk aplikasi dan dealernya. Aplikasi ga guna percuma ada di playstore;;
Slamet Murdiyanto;08/12/2020;5;Usefull...and helpfull..;;
cinggo sri;07/12/2020;2;Booking service confirmation respond too slow..;;
Kevin Prama;22/11/2020;5;Easy to used👍;;
william;09/11/2020;1;Agak gk berguna appnya. Mau add mobil buat booking service aja gk bisa;;
Iqbal Raihan;08/11/2020;1;Gabisa login;;
arya yuda;30/10/2020;1;This application is so much bugs, couldnt use this app;;
David C;28/10/2020;1;Baru mau bikin akun. Udah nge crash, buka lagi, crash lagi. Udah pernah di beta test atau belum sih?;;
dyah utami;20/10/2020;1;the app is keep stoping and close;;
Vicky Cheka;14/10/2020;1;Kenapa di bagian kewarganegaraan harus ada Pilihan Warga Negara Keturunan ya? Aplikasi sampah!!!;;
Nurdiansah Dwi Sulistiawan;13/10/2020;5;Booking jadi gampang ya;;
Revan Hernandy;13/10/2020;5;Sangat memudahkan untuk booking online untuk service, dan konfirmasi dealer sangat cepat;;
Panji Kusuma;03/10/2020;1;Pilihan paket service ga sesuai saat ke dealer. Harganya lebih mahal.. ternyata cm bahasa marketing mulai dari.... selisih harganya jauh bgt..;;
Kelvin Christian;07/09/2020;5;User friendly and great app;;
Stevannus Julio;07/09/2020;5;Mantep nih booking jd gampang dan ada pilihan waktunya 👍;;
Davin Hermanto;07/09/2020;5;Good Apps;;
Yana Cahyana;20/08/2020;2;Update profil tidak bisa save;;
Edi Solihin Azman;19/08/2020;1;I'm booking in Padang by pass. Not give good service. He suggested to booking by phone. Delete application or give more training to them;;
Indrateruna Kelana Wijaya;18/08/2020;1;"I booked service on 18/08/20 at 07:30, but until 09:00 the bookint status still ""Tunggu konfirmasi"".Then, I called the workshop 3 times but no one answered. At around 10:15, I called the workshop again, and the officer who received my call said there's no booking on behalf of me. So, I have to make a new booking vis her for the service on the other day. Very disappointed. If you can't give the service via your app, please take the app down from tge Google Store.";;
Luthfi Ridho;04/08/2020;1;Setiap mau booking service harus masukan nomor rangka dan nomor mesin mobil yang sama;;
Kevin Valentino;04/08/2020;1;Server nya lemot.;;
Zaenal Mutaqien;28/07/2020;1;Seharusnya setiap field (picklist atau bukan) defaultnya blank dulu, bukan otomatis ngisi. Hal ini kalau user tdk melakukan update jd data yg salah (data sampah);;
Budianto;25/07/2020;1;Minta customer install. Tapi tidak bisa dipakai.;;
Matthew Dio;23/07/2020;1;Parah sekali;;
Mining Mine;20/07/2020;1;Aplikasinya belum siap ya. Booking service smua ga bisa. Uninstall saja deh.;;
Giovano Rachmat;19/07/2020;5;Buat booking dan mantau lebih enak. membantu;;
Alland Duvry;16/07/2020;1;App tidak bisa diaktivasi;;
Sudiono Pui;15/07/2020;1;Saya tidak bisa registrasi karena tidal terdaftar? Mhn arahannya;;
Alpha;03/07/2020;1;Mau booking service semua tidak tersedia;;
jtjahyono;19/05/2020;1;Aplikasi ini terlalu banyak meminta izin permission sementara itu aplikasi ini tidak mendeklarasikan syarat dan ketentuan dan kebijakan privasi. Padahal waktu register diminta mencontreng persetujuan syarat dan ketentuan dan kebijakan privasi. Uninstal !!!!!!!!;;
Andry Prianto;03/05/2020;1;Sekelas Honda aplikasi mobile sangat jelek dibandingkan kompetitor. Mungkin yg bikin anak magang di HPM;;
A Google user;14/03/2020;1;Perlu banyak perbaikan, integrasi dengan semua bengkel honda. Masak iya, sudah klik disini, masih harus telpon juga.;;
A Google user;08/03/2020;4;Lambat;;
A Google user;29/02/2020;1;Kejadian hari ini tgl 29 feb 2020 di Honda Soekarno Hatta Pekanbaru, sudah 1 minggu sebelum nya di booking, eh pas hari H nya di bilang staff adm service tidak terdaftar 🤐 ..... not recomended to install;;
A Google user;06/02/2020;1;I do not want this apps to get many access to my cellphone.;;
A Google user;04/02/2020;1;I wish when else gave negative feedback, they will improve the app, unfortunately not yet... book service via app, waiting for confirmation until the next day, then I called, informed it was full...and when called to call centre, they said better via telp or WA...;;
A Google user;19/01/2020;1;Error;;
A Google user;15/01/2020;2;Mo registrasi aja gagal,, mobil tidak terdaftar,, gmn mo pake... Hadeeehhh;;
A Google user;02/01/2020;2;Isi data kenapa berbau rasis yah? WNI WNI KETURUNAN (CHINESE) WNI KETURUNAN (LAINNYA) WNI KETURUNAN (INDIA) WNA;;
A Google user;22/12/2019;1;Selalu gagal untuk registrasi;;
A Google user;17/12/2019;1;6 bulan kemudian kejadian yg sama berulang. Sudah booking melalui app, mendapat pemberitahuan per telpon jadwal waktu service di reassign ke jam lebih lambat.... What a waste.....;;
A Google user;16/11/2019;2;Tidak dapat registrasi, kendaraan tidak terdaftar;;
A Google user;03/11/2019;1;Tidak bisa registrasi. Muncul notif : cURL error 7: failed to connect to....... Tolong diperbaiki sistem applikasi nya;;
A Google user;31/10/2019;1;Membuatku Terharu...ketika mencoba apps ini. Sangat diluar ekspetasi, baru mau register selalu gagal padahal data udah valid.;;
A Google user;30/10/2019;1;Kemarin ganti oli request engine flush, SA nya ga tau engine flush apa, malah dikasi engine cleaner. Mohon customer dimengerti. SA nya ditraining kalau ga tau engine flush pas ganti oli;;
A Google user;24/10/2019;1;BUTUT! aplikasi tdk bisa booking pdhl sdh pilih bbbrp bengkel n waktu yg kosong. Akhirnya pake sistem jadul, telpon lsg bengkel.;;
A Google user;23/10/2019;1;Susah sekali untuk booking melalui aplikasi ini. Sebaiknya belajar dari aplikasi auto 2000 toyota atau aplikasi honda fatmawati grup, aplikasi mereka jauh lebih oke.;;
A Google user;13/10/2019;1;Aplikasi ini kenapa membutuhkan read storage ya? Tidak ada hubungannya dengan booking dan lain lain;;
A Google user;05/10/2019;2;Mau install tapi ragu musti grant gps, write storage ,read storage , cell phone 😞 tak install aja deh. Manual by phone aja;;
A Google user;03/10/2019;5;Good aplikasi;;
A Google user;27/09/2019;4;Lebih bagus lagi jika dilengkapi dengan history servis.;;
A Google user;28/08/2019;1;Pada saat registrasi d apps, muncul pesan kendaraan tidak ditemukan atau belum terdaftar. Mhn saran nya?;;
A Google user;16/08/2019;1;gak bisa registrasi, katanya kendaraan tidak dikenal atau belum terdaftar, aplikasi yang aneh....;;
A Google user;16/08/2019;1;saya registrasi aja belum bisa, masa keterangannya kendaraan anda belum terdaftar.;;
A Google user;07/08/2019;2;Saya coba booking via phone Honda Pradana Sawangan 12-Agu-2019 jam 10.00 masih bisa, tapi via aplikasi tidak ada slot utk servis di jam tsb. Mohon dikonfigurasi ulang ya. Kalau bisa online dan semua jm slot servis terinfo, kalau berfungsi kan aplikasi ini bisa luar biasa manfaatnya. Saya uninstall deh.;;
A Google user;29/07/2019;1;registrasi ribet;;
A Google user;19/07/2019;1;booking service susah sekali dan di telp pada gak diangkat. Honda kalo belum siap untuk online service, mendingan dipending aja dulu e-care nya dari pada bikin kecewa customer. update : Di honda trio motor banjarbaru.;;
A Google user;16/07/2019;1;lupa password minfa ganti tp tetap ga bisa masuk,paraaahhhh;;
A Google user;13/06/2019;5;good app;;
A Google user;07/06/2019;1;dihapus saja aplikasi nya,percuma hanya buang buang waktu,daripada memberikan harapan sia sia buat costumer .nomor telepon tidak ada yang pernah diangkat.mobil honda saya mogok di jalan malah tidak memberikan solusi,lebih baik langsung cari bengkel pinggir jalan.;;
A Google user;13/05/2019;1;baru register aja gagal. Mobil tidak terdaftar katanya. sampah....;;
A Google user;26/04/2019;5;good appl. first using for booking service and get quick respon from call center for confirmation...;;
A Google user;25/04/2019;5;very good app .sangat membantu bgt! tingkatkan lagi;;
A Google user;11/04/2019;5;jgn lupa share like and subscribe;;
A Google user;10/04/2019;5;booking service jadi lebih mudah;;
A Google user;09/04/2019;5;Good apps Friendly user;;
A Google user;09/04/2019;5;Honda is the best;;
A Google user;09/04/2019;3;Mohon lebih dibenahi karena penggunaan aplikasi lebih diminati. Saya booking utk servis di Honda Nusantara MT Haryono tapi oleh SA tidak connect ke komputernya, wah kalah dong sama pesaingnya yg lbh canggih. Mohon ditambahkan juga riwayat servis utk memudahkan memantau kendaraan dan wa/email utk usul, pertanyaan dan saran. Makasih, semoga makin baik lagi. 😊;;
A Google user;06/04/2019;5;layanan yang bagus;;
A Google user;05/04/2019;1;Tidak bisa add dealer, bagaimana bisa booking?;;
A Google user;31/03/2019;5;booking jadi gampang bgt..;;
A Google user;29/03/2019;5;application that will make booking service easier and helpful.;;
A Google user;28/03/2019;1;mau registrasi tp gagal terus... katanya nomor mesin tidak terdaftar..capek deh;;
A Google user;28/03/2019;1;uninstalled. kebanyakan error nya daripada bener nya. exception error terus. don't bother to install guys.;;
A Google user;28/03/2019;1;sekelas honda bikin apps gini? kalah ama anak2 smk... parah;;
A Google user;16/02/2019;5;good;;
A Google user;13/12/2018;1;Kok kendaraan tdk terdaftar trus ya;;
A Google user;19/09/2018;1;Aktifasi email aja gak pernah sampai emailnya;;
A Google user;15/06/2018;2;Berberap hal yg harus diupdate 1. Honda cakra pangukir salemba tidak masuk ;;
ke dalam booking online 2. Honda autoland kelapa gading mau booking online ;;;;;
"tidak ada satupun jadwal yg tersedia""";;;;;
A Google user;07/06/2018;5;Good app provided by HPM;;
Steven;17/12/2025;5;Easy to use & very helpful for booking service;;
Luqman Hakim;23/03/2024;1;"After attempting to log in, the app goes to request personal data. However, I cant tap on the email address box and if all data is not filled the ""Confirmation"" button is still greyed out. Bottomline the app is not useful";;
Indrateruna Kelana Wijaya;18/08/2020;1;"I booked service on 18/08/20 at 07:30, but until 09:00 the bookint status still ""Tunggu konfirmasi"".Then, I called the workshop 3 times but no one answered. At around 10:15, I called the workshop again, and the officer who received my call said there's no booking on behalf of me. So, I have to make a new booking vis her for the service on the other day. Very disappointed. If you can't give the service via your app, please take the app down from tge Google Store.";;
A Google user;04/02/2020;1;I wish when else gave negative feedback, they will improve the app, unfortunately not yet... book service via app, waiting for confirmation until the next day, then I called, informed it was full...and when called to call centre, they said better via telp or WA...;;
Bobbity Bob Ross;03/07/2025;4;Good interface, easy to use. Sometimes it can be a bit slow but not affecting the usage too much;;
Glandy Immanuel;01/06/2025;1;i cannot click all the menu, please fix this application. this application is helpful, but now is not working. i'm running on android 15, i try use mobile data or wifi still cannot click any menu.;;
Edi Solihin Azman;19/08/2020;1;I'm booking in Padang by pass. Not give good service. He suggested to booking by phone. Delete application or give more training to them;;
Agun Gunardi;05/05/2024;1;I used this application for booking service, but now not working anymore with error message : javasecuritycert something like that.... Sound stinky.....;;
Alvie Syahrin;10/06/2023;5;I hope that every car color in this application can be adjusted to the original color, because my brio turns red, the original is white 😁;;
Reza;20/04/2021;1;Wasting my time playing around with this app. Submitted booking service appointment, waiting for confirmation forever. Wont use this anymore.;;
Sastra Anugraha;11/04/2021;1;Unable to see service record history in Honda e-Care app, need to benchmark Hyundai, I can see my Hyundai car service history, I think Honda is too secretive 😅;;
Mustakim _;23/02/2021;1;Useless apps, i need service histories of my car, I don't need to see my car number detail on that app.;;
Ardy Maulana;07/09/2023;5;Aplikasi nya lumayan bagus, bisa lihat service record mobil & booking service jd lebih mudah..good job!!;;
Super fruit;27/10/2022;1;Booking service slot is not aligned with offline booking. Seems like they are not ready to go online yet.;;
Martin Robinson;10/11/2024;4;Easy to use app but needs an English option.;;
A Google user;26/04/2019;5;good appl. first using for booking service and get quick respon from call center for confirmation...;;
Dody Satrianto;16/05/2023;3;Forced close app after clicking booking service. Fix the bug!;;
A Google user;29/03/2019;5;application that will make booking service easier and helpful.;;
A Google user;28/03/2019;1;uninstalled. kebanyakan error nya daripada bener nya. exception error terus. don't bother to install guys.;;
Hari Saputra;10/10/2021;1;Apps sekelas honda, nambahin data mobil aja gak bisa bisa.. uninstall deh. Dear Honda HQ, please review your apps-vendor and team.;;
Gusti Putu;16/03/2025;3;Server internal sering error, tidak bisa registrasi service mobil;;
HC VLOG;01/06/2025;1;Nge Bug can't Access Menu and Choose car;;
Nicholas Liong;14/04/2022;1;Poor develeloped apps, unable to book for service so whats the point for this apps;;
Danny Kurniawan;21/01/2026;4;Gambar Honda BRV saya tidak ada di menu drop-down My Honda.;;
A Google user;05/10/2019;2;Mau install tapi ragu musti grant gps, write storage ,read storage , cell phone 😞 tak install aja deh. Manual by phone aja;;
Pebri Ananta;29/01/2025;5;Aplication help full to know information detail Car and booking service;;
morning up;13/01/2022;5;Helpful app to do booking service at dealer.;;
Ependi Subeno;27/05/2023;1;Can't work after updated. I can't booking service at the moment. Ridiculous;;
Richard Saptabharata;24/11/2021;5;With or without this app, Honda still number one to buy. Because they care.;;
A Google user;06/02/2020;1;I do not want this apps to get many access to my cellphone.;;
Nick Lo;16/03/2025;1;Crash everytime I try to register a car.;;
cinggo sri;07/12/2020;2;Booking service confirmation respond too slow..;;
Kakael Nakano Saputro;09/11/2024;5;Nice Services and cozy place;;
Slamet Murdiyanto;08/12/2020;5;Usefull...and helpfull..;;
dyah utami;20/10/2020;1;the app is keep stoping and close;;
Zulfahmy;09/07/2023;2;Tidak bisa order Booking Service;;
subhan;28/03/2022;5;Nice, many improve idea next version;;
Dr. Yoyo;25/02/2025;5;Nice easy to use;;
Agus Sekti;02/07/2025;5;menu booking service memudahkan untuk menyesuaikan dg schedule pekerjaan;;
Herlandodi 101261;07/02/2025;5;the best service and maintenance;;
Rudy Susanto;29/12/2022;5;This is useful app for Honda Lover... just grab it 😁👍👍;;
arya yuda;30/10/2020;1;This application is so much bugs, couldnt use this app;;
Juniadi Dwipayana;21/01/2022;1;Force close ketika booking;;
Kelvin Christian;07/09/2020;5;User friendly and great app;;
Eka Taruna;08/01/2025;4;#NAME?;;
Arif Somawijaya;31/05/2025;1;not functioning after logging in;;
Prama Imran;18/10/2021;3;Sebaiknya ditambahkan service history;;
Rifqi Hanif Nandiwardhana;18/01/2022;3;Is it only for car services not motorcycle services?;;
Tjeng Christian;16/05/2023;5;This app help prevent unnecessary que at workshop;;
A Google user;05/04/2019;1;Tidak bisa add dealer, bagaimana bisa booking?;;
Rony Wardhana;23/12/2024;5;easy and registered;;
Sandy;22/12/2024;1;Honda BRV is not avalable in the apps;;
Sony Latuheru;01/02/2025;5;good & fast connection;;
Winny Gunantiani;01/07/2025;5;great apps.. really helpful;;
Robby Koesbiantoro;01/04/2026;5;good service for SA ( Ridwan);;
Triana Dewi;06/03/2025;5;easy to use;;
Gagan Gandara;23/01/2025;5;easy to use;;
Hardi Yono Nusawan;09/05/2021;1;Not helping customer;;
Joko Suprapto;18/01/2025;5;easy to use;;
Erwin Sanz;10/04/2025;1;force to update;;
Real;28/12/2022;2;Suka sign out sendiri;;
A Google user;09/04/2019;5;Good apps Friendly user;;
A Google user;11/04/2019;5;jgn lupa share like and subscribe;;
Fajar Setyawan;07/02/2025;5;Good Job, Honda 👍🏻;;
Kevin Prama;22/11/2020;5;Easy to used👍;;
Vino Rino;26/03/2025;5;nice very helpful;;
Deddy Hutagalung;22/06/2024;4;How to re-schedule???;;
Yudha Hendra Kamal;23/01/2025;5;more better at the next;;
jroe 19;04/03/2025;5;membantu dlm booking service & update info Honda;;
Ramli Rusli;24/08/2025;5;verygood in service;;
Riza;02/06/2025;3;min ngebug di home ga bs booking service hp samsung;;
A Google user;09/04/2019;5;Honda is the best;;
Allen Istalaksana;28/02/2025;5;Honda The Power of Dreams 🔥🏁;;
Hap Man;13/01/2025;5;good app honda;;
Kiki hikmat;18/11/2024;5;so far okay lach;;
felix felicis;20/04/2026;1;jelek dan lamban. loadingnya lamaaa sekali. saya isi booking saja nunggunya sampai 45 menit karena proses loading yg lama. promo juga sedikit. ga banget deh kalau pakai aplikasi honda.;;
Yanuar46;04/05/2026;1;Historynya tidak update dan pesan masuk tidak bisa dibuka, hanya ada notifikasinya aja (5/24/23) Update: setelah kirim email dgn lampiran masalah untuk saat ini history servis terlihat namun tidak seluruhnya, untuk yang per tanggal 28/3/23 blm tampil, terlihat langsung di servis terakhir tanggal 17/5/23. Selain drpd itu untuk note servis (saran servis) juga blm hilang, dgn kondisi saran servis perbaikan trsbt sdh dilakukan, selanjutnya pesan masuk blm terlihat. Per 1/5/2026 tidak bisa login;;
Alan Sarante;18/04/2026;1;lambat sekali, tolong perhatiannya;;
Miftachudin Chakiki;29/12/2025;5;mantapsss;;
Teuku Riyadhsyah;12/08/2025;2;Sering kali ketika di cek sudah dalam posisi terlogout. Biasanya aplikasi terlogout jika ada login tidak berhak pada device lain. Tolong diperbaiki supaya tidak terjadi login yang tidak berhak.;;
Edwan Team;29/06/2025;5;sekarang sudah bagus, bisa lihat service record sebelumnya. semoga makin bagus dan lengkap.;;
Hendro Mongi;01/07/2025;5;best;;
candra yudhatama;27/06/2025;5;mantab. sangat membantu;;
Alwi;24/06/2025;4;ok;;
Tatik Cahya;19/09/2025;5;keren;;
adha isori;05/07/2025;5;Sangat Membantu;;
silva dahono;17/06/2025;5;sip, sudah lancar semua;;
Ahmad Bashori;23/06/2025;5;mantap, bagus;;
trista wijayanti;12/06/2025;5;Tetap pertahankan kinerja baik ini, semua mudah tinggal klik saja;;
Quetz Channel;02/06/2025;5;Akhirnya dibenerin jg app nya. Kemarin sampe install ditablet buat booking service nya.;;
Enny Yunita;11/06/2025;5;mudah mudahan bs lebih baik lagi aplikasinya;;
Inggrid Maya;05/06/2025;5;pelayanan bagus;;
Nevy Nisrina;01/06/2025;3;membantu sih, tapi suka nge freeze, jadi stuck setelah masuk aplikasi, gabisa klik apa apa, dan kejadian kaya gini sering;;
Center klik;02/06/2025;2;Setelah update, menu jadi tidak bisa di klik. Mohon segera perbaharui lagi.;;
Roland Andreas;02/06/2025;2;halaman Beranda tidak ada icon yang dapat diakses.;;
Agustini Mashalim;02/06/2025;5;Memudahkan untuk booking service dll jadi tdk usah melalui telpon lagi, semua lewat ponsel saja;;
Riesca Risnendar;02/06/2025;3;Tidak ada history service yg pernah dilakukan;;
Aryoso Rahmayadi;08/05/2025;5;Aplikasi komprehensif untuk service berkala, bisa untuk booking service dan ada history service nya juga;;
satya yudha;04/05/2025;5;Apps yang membantu untuk booking service sehingga tidak mengantri dan langsung dihandle;;
weihan yao;06/05/2025;5;good service;;
Ryan Hardiyanto;16/05/2025;5;Booking cepat mantap 👍🏻;;
Mochamad Faizal Bachri;22/05/2025;5;👍;;
Pujo Sumantri;25/06/2025;5;booking mudah;;
Himawan Santoso;03/04/2025;1;Aplikasi bodoh. Reservasi tak dikonfirmasi-konfirmasi, tahu-tahu di-cancel.;;
Irsan Y Srigede;20/03/2025;5;appnya sangat bermanfaat dan convenience banget;;
Fery K Century21 Jogja Empire;27/02/2025;3;UI / UX nya masih membingungkan;;
Mirza Walad;22/03/2025;5;ada beberapa Fitur yang tidak bisa digunakan..;;
Munandar Setiawan;22/04/2025;5;good service;;
Tedy Arisandi;01/03/2025;5;good service;;
Alfian Adi Atmaja;23/03/2025;5;Good;;
Eric Sibarani;10/04/2025;5;good;;
Mr. Eman Jepara;09/04/2025;5;pelayanan ramah, bagus.;;
Yusron Surya Pranata;02/04/2025;5;mantap, update dan online;;
Kun H;16/03/2025;5;Membantu..;;
achmad junizar;20/05/2025;5;ok;;
andika restu;08/03/2025;5;mantap;;
Bagus Putra;17/04/2025;5;ok;;
aldi alchamim;08/04/2025;5;ok;;
Trisno Sugiyanto;15/03/2025;5;Ok;;
Fikhy Endriaz;07/04/2025;5;bengkel terbaik;;
Erick Tirtawarsita;02/01/2025;1;Aplikasi ga ada gunanya, emergency juga ga ada fungsi. Cuman buat mobil2 baru aja ini aplikasi. Buat mobil tua jangan berharap banyak. Kalo mau cari nmr kontak honda buka aja google map, lgs dpt posisi paling deket sm kita lengkap sm nmr kontaknya.;;
Irfandi;12/01/2025;1;UI UX sangat buruk, navbar tidak bisa diklik, map harus search exact name. Seperti build pakai template;;
Petronila Jean;15/02/2025;1;Aplikasi tidak bermanfaat sama sekali, dipakai buat booking aja ga bisa.;;
Taufik Ardani;14/01/2025;5;app mudah dipahami, mungkin kasi promo apa voucher diskon biar lebih semangat kalo service.;;
Veronica Devy;17/04/2025;5;good app😊👍;;
budi zan;24/01/2025;5;aplikasi yg sangat membantu bagi pemilik mobil honda;;
Granietooo;27/12/2024;5;good app;;
Ika Rakhmawati Hilal;16/02/2025;5;nice app;;
Indra Rukmana;16/01/2025;1;booking aja lama bgt;;
Teuku Mahendri;26/12/2024;5;good;;
Revorizar 46;24/12/2024;5;good;;
cup 10;09/01/2025;5;excellent;;
Badai Bayu Sasmito;09/01/2025;5;Good;;
Addi Gesang Sentosa;09/02/2025;5;sangat memudahkan..terima kasih;;
Heri Chang;29/01/2025;1;ribet;;
Much Do;25/01/2025;5;Mantaab 👍;;
felicia limantoro;31/12/2024;5;mempermudah proses booking;;
Indri Rakan;14/02/2025;5;mudah;;
Sunarto San;24/12/2024;5;ok;;
vina chandra;17/02/2025;5;ok;;
erik tan;22/01/2025;5;mantap;;
erick ariyanto;01/01/2025;5;ok;;
Suherman suhe;01/02/2025;5;sangat memudahkan;;
Willy adrianus;19/12/2024;1;Staff tidak memberikan solusi.. paketan servis honda juga tidak berlaku terlalu banyak syaratnya;;
Ano Narno;03/12/2024;5;simple, menu jelas, mudah penggunaannya. Tks;;
Andri Harianja;24/11/2024;5;Sangat membantu, khususnya untuk booking service.;;
M. Yani Syafei Kartawinata;03/12/2024;5;good jobs;;
Susanti Koh;29/11/2024;5;good;;
Heri Anggono;25/11/2024;5;aplikasi mudah dan lancar;;
tuti yuliani;07/12/2024;5;layanan ba gus;;
Judi Ridwan Pratama;16/11/2024;5;👍👍;;
mohamad sopian;13/11/2024;5;bermanfaat dan sangat membantu;;
Sahmudin;07/11/2024;3;Tidak ada fitur history services, isinya kosong ....kurang berguna apps ini;;
nafis farabi;03/11/2024;1;Tidak bisa isi tanggal Dan jam booking;;
didakusnovy novy;05/11/2024;5;aplikasi simple yg sangat membantu;;
fatma amalia;10/11/2024;5;terbaikk;;
nandar Junizaf;02/11/2024;5;bagus;;
Bong Arianto;28/10/2024;4;Tolong bagian IT Aplikasi, itu Logo BRV masa blank... Yg lain model aman, cuma BRV Blank;;
Patana Satya;07/10/2024;2;Kenapa sejak kemrn aplikasi tidak bisa running ya, sudah uninstall dan install ulang masih tidak mau masuk ke home... Alias tidak mau running...;;
akhmad fariz;28/07/2024;5;Sangat membantu untuk booking service;;
albert k;05/07/2024;1;Sudah reset password and masukin password Baru. Tapi waktu mau login no hp / passwords Salah. Sudah clear cache delete data. Coba login lagi salah. Sudah di bantu cs di toko 2 bulan lalu and sekarang juga sama kondisinya;;
Rowena Suryobroto;17/06/2024;3;Booking service bermasalah? Kemarin pesannya internal server error. Hari ini saya pilih dealer, tapi tidak bisa lanjut;;
Sulut Sehat;08/06/2024;1;Tanggal booking tidak tersedia padahal mau servis;;
Suluh Prihanto;05/05/2024;3;tidak bisa login aplikasi, keterangan java security not found 🤷🏻;;
syndicate kancil;05/05/2024;1;Habis update malah error;;
Gian Giovani;30/03/2024;2;Hbais update nge crash terus aplikasinya. Parah parah;;
Filipus Adityo;25/03/2024;1;Pembaruan yang banyak bug, entah lokasi dealer, pin, tidak bisa booking service online dll;;
Joshua Christian;03/03/2024;1;Versi terbaru error terus;;
Warno Mts;18/02/2024;5;Setelah di update dengan Honda e-care terharu, jadwal service berikutnya menjadi salah, justeru yang bener yang sebelumnya;;
Paulus Arka Triyoga;07/02/2024;2;Aplikasi tidak bisa digunakan. Baru memasukkan data mobil saja tidak bisa. Sudah memasukkan no rangka dan mesin, tetapi dikatakan salah data;;
Romi H.;24/01/2024;1;Gagal terus ketika upload foto stnk. Sdh restart hp dan reinstall aplikasi;;
Garda Al Haq;09/12/2023;1;Booking service di apps udh dr bbrp minggu lalu untuk jam 8 pagi, sampai bengkel status tidak terdaftar. Jd hrs tunggu lg sampai 8.45;;
Alex Hand;07/11/2023;3;Isi data kendaraan keterangannya, nomer rangka dan nomer mesin tidak cocok. Padahal sesuai buku servis dan bpkb. Knp bisa begitu min?;;
Iwan Sugiarto;03/01/2024;2;Data yg sudah diisi dan disimpan tapi jadi kosong/ salah lagi. Data yg sama diminta lagi bbrp kali.;;
Arief Maulana;21/01/2024;3;Tidak bisa nambah akses kendaraan..di notif hp istri saya nihil..tdk ada notif;;
Rian Septiana;15/12/2023;1;data kendaraan saat ini tidak tersedia. hadeuuhh..;;
Beny Hinadrayanto;22/10/2023;1;"Aplikasi bagus bisa dapat 4-5 bintang tapi diberikan 1 bukan maksud membenci tapi bintang 1 ini diberikan untuk menjadi perhatian, mohon diperbaiki ketika menekan tombol hapus diberikan peringatan dahulu ""Anda yakin akan dihapus"". Setelah ini akan saya buat menjadi bintang 5 kembali.";;
Satya Widhismara;22/10/2023;1;Tidak bisa mendaftarkan mobil karena entah bagaimana sudah terdaftar di akun lain. Ketika disubmit tidak ada pesan / notifikasi berhasil, tab pesan hanya menunjukkan layar kosong;;
Harry Moniaga;09/09/2023;5;Cukup puas selama ini dgn service dari Honda;;
danny febryana;17/09/2023;5;Bermanfaat bagi pengguna mobil Honda;;
Ramdanih;30/08/2023;3;tampilan biasa saja. mesti update dengan UI & UX yang lebih bagus. aplikasi sudah ketinggalan jaman.;;
A Google user;25/08/2023;5;Aplikasi sangat membantu dan mudah sekali dalam membuat Booking service 👍👍;;
Sotoy Kaiba;31/08/2023;1;Gak bisa memasukkan data mobil;;
taufan pradana;28/07/2023;1;Saya kasih bintang satu karena sekarang kalau mau tambah kendaraan selalu muncul notifikasi nomor rangka dan nomor mesin anda tidak cocok, mohon periksa kembali nomor mesin dan nomor rangka anda.. ga berguna aplikasi ini sekarang.. saya juga coba daftar mobil honda lain, namun hasilnya sama tidak bisa...;;
Gabriel Andrew Ng;04/08/2023;5;Useful;;
Ardoto Priyo;26/07/2023;5;Detail 👍;;
Anif RS;07/07/2023;5;Mudah digunakan, sangat mrmbantu..;;
Karin Ax;30/06/2023;1;Mau booking aja susah bener, disuruh nambah permintaan pelanggan tapi bs diklik. Payah banget appsnya. Applikasinya kayak kita mau ke honda buat service gratis aja. Ga beres.;;
Andra Hendria;24/07/2023;5;Cepat responnya sejauh ini,, teknisinya gercep.. untuk harga standar hanya nambah biaya pelayanan saja;;
Mariana Verdy;03/12/2024;5;Pelayanan baik, ramah dan memuaskan;;
Hero;05/06/2023;5;Sudah bisa dibuka, makasih kak;;
Januar Hadi;03/06/2023;3;Nggak singkron catatan servis di bengkel sma di aplikasi ini 😪🥴;;
Chae Ree;31/05/2023;2;Gak bisa book service , ada bug tulisnya;;
Sahri Rahman;27/05/2023;3;Awalnya bisa buat booking service, tapi sekarang gak bisa di buka, tolong di update lagi karna sangat membantu;;
hasan ngui;12/05/2023;5;ok dah. spesifik datanya;;
Donny SW;09/05/2023;5;Bagus;;
Titus Ciputra;02/05/2023;1;Mendadak info kendaraan saya hilang, coba daftar ulang kendaraan tetep tidak bisa.;;
Wibi Bee;20/02/2023;1;coba booking service 1 bulan, dah 2 hari status nya masih tunggu konfirmasi... padahal mau service nya di Indonesia om, bukan di jepang... ya mungkin made in Japan... always slow;;
Mikhayla Georgia;16/03/2023;2;Saya forget password ga bs ktny akun tdk terdaftar :(;;
Wilson Chen;05/02/2023;1;Kenapa tidak bisa mendaftarkan mobil? Disuruh periksa nomor rangka & mesin terus?;;
Nadira Erfira;20/02/2023;4;Good;;
Bayu Segara;08/03/2023;5;Mnrt ane Aplikasi bagus.ada vocernya;;
abi mbes;28/01/2023;5;Pelayanan prima;;
Revi Rosa Indah;27/12/2022;5;Pelayanan baik dan ramah;;
Daffa Adhika Widi Wardhana;27/12/2022;5;Berfungsi dengan baik;;
Lia Novita;07/08/2022;1;Aplikasi useless, CS menyarankan booking lewat aplikasi, jadwal penuh semua hanya tersedia hari Minggu. Saya sdh booking hari Minggu, bengkelnya tutup dan ga ada konfrimasi apa-apa. Kalau dealer ga siap dengan aplikasi, better nggak usah sarankan customer pakai app, buang2 waktu customer namanya.;;
andy rianton;16/04/2022;1;Booking service menggunakan aplikasi ini karena ada voucher. Sudah klaim dan booking via app nya, tapi saat klaim voucher tidak bisa. Ditunjukkan saat service jg katanya error gak muncul voucher nya. Jadi merasa ditipu untuk service di honda nya, mengecewakan.;;
Hansky Kie;15/02/2022;1;Daftarkan kendaraan diminta cek nomor rangka dan mesin kembali terus. Padahal sudah 3 orang bantu pastikan betul. Tetap aja diminta cek ulang nomor rangka dan mesin. Apa gara mobil saya yg daerah FTZ??;;
kak made;21/06/2022;1;Selalu gagal menambah kendaraan. Periksa kembali nomor mesin/rangka. Nampaknya serial database kendaraan belum diupdate dari pihak Honda HPM.;;
Darwin;18/09/2022;1;Aplikasi yang buruk.data kenderaan yang diinput sudah sesuai stnk untuk no rangka dan no mesin malah gk bs ditambahkan.klo aplikasi nya sdh bisa validasi sendiri ngapain srh nasabah input lg no rangka dan mesin.nasabah dah input malah validasi aplikasi diblg salah;;
Alif Fajar Rahman Sidiq;04/03/2022;1;Nambah kendaraan gak bisa !!! Suruh cek no mesin dan rangka, padahal udah bener !!! Apa gara2 mobil CBU ??? Gak guna sama sekali ini apps. !;;
Bayu Januar Rahayu; S.T.;23/03/2022;5;Tidak salah pilih honda (honda kumala karawang) , pelayanan service nya sekarang ramah dan bagus banget , bisa kerja sambil nungguin mobil di service karena ruang tunggunya di design untuk sambil kerja jga di laptop , dan booking service makin praktis(app honda e care) tanpa harus antri tanpa kepastian;
hendra ritonga;03/07/2022;5;Mantap, rekomendasi service dan riwayat pekerjaan lengkap... (kalo service resmi). Kalo nga resmi juga kelihatan... berarti ke service tidak resmi.;;
Prasetyo Aji;03/02/2022;3;Aplikasi force close ketika booking service (updt sdh ada tanggapan via email, blum dicoba);;
Arnoldus George Alexander Palar;27/09/2022;4;Tombol hapus kendaraannya tidak ada confirmation, kalau tidak sengaja ke-tap, kendaraan langsung kehapus;;
JS Permana;06/05/2022;1;Tidak bisa registrasi. Poor development;;
Rendy Pratama;22/09/2022;5;Aplikasinya mantap, pas dateng sesuai dengan schedule yang di tentukan, pelayanan seperti vip, terimakasih honda;;
Iman Lusion;02/10/2022;4;Sejauh ini cukup baik dengan data history terintegrasi;;
Yopi Suwanto;12/03/2022;1;Muncul error saat registrasi;;
Djoko Nurtjahjo;30/08/2022;5;Keren ... bisa liat histori service;;
Diajeng Putri Anggraini;01/10/2022;1;Useless;;
Bagus P;30/11/2022;5;Sangat terbantu dengan aplikasi ini;;
Zack Mokhid HIMALAYA Official;22/11/2022;5;Oke;;
Mang Darman;04/10/2022;5;Sangat Bermanfaat;;
legowo putro;26/01/2022;4;Habis update terakhir malah tidak bisa dibuka appsnya;;
Jimmy sudiro;26/01/2022;1;app error tdk bisa dibuka ????;;
Arya Pradana;08/01/2022;2;Tidak bisa booking servis. Sudaj mengisi semua data, klik simpan tapi balik ke menu utama.;;
yochan yochan;22/12/2021;1;Minta kode AKTIVASI tdk prnah dikirim. Folder spam & inbox kosong. Gimana mau login. 😪 Semoga honda segera hire ahli IT yg baru.;;
Aditya Andika;07/10/2021;1;Ga bisa update tambah kendaraan. Udah klik simpan ga bisa. Tampilan voucher kosong sama sekali pdhl saya mau ganti recall fuel pump;;
Andri Setiawan;06/10/2021;1;Tidak Bisa Menambahkan kendaraan, otomatis tidak bisa booking service.. aplikasi jadi tidak bisa digunakan.. honda kenapa tidak sync data di bengkel dan di apps, tiap ganti bengkel selalu daftar lagi.. kalah sama sebelah;;
Ben Dahyar;18/08/2021;1;Bangke lah aplikasi kalian. Kalian batalkan konfirmasi booking service saya saat tengah malam. Aplikasi tak guna. Menuh-menuhin handphone aja;;
SAGA pictures;14/12/2021;1;Login tidak bisa karena alamat e-mail tidak valid Daftar dg alamat email yg sama tidak bisa karena katanya sudah digunakan Ganti pasword tidak bisa diproses karena tidak ada tombol lanjut setelah menginput alamat email;;
afriza tela kurnia;10/07/2021;1;Tidak bisa complain Pada apliskasi, saya booking dan voucher pergantian fuel pump yg tidak di pakai saat service tetap hilang terpakai;;
Teten Sutendi;15/07/2021;3;Untuk booking servis bisa berjalan baik. Tapi akan lebih berguna aplikasinya jika user bisa melihat history servis dan pengingat jadwal servis berikutnya beserta estimasi biaya servisnya;;
Lucky Switch;04/07/2021;3;Aplikasi nya ditambahkan fitur Chat yg bisa jadi platfrom tanya jawab antara pengguna kendaraan dengan Honda, akan sangat bermanfaat bagi pengguna dan menjadikan service Honda lebih baik lagi pada pelanggan setianya.;;
Welly Hartanto;08/09/2021;4;So far ga ada masalah, mungkin bisa ditambah informasi mengenai histori perawatan kendaraan supaya customer bisa recheck apakah kendaraan udah saatnya perawatan;;
Aditya Indrawanto;27/09/2021;1;Baru juga install, registrasi..kode aktivasinya ga masuk2. Uninstall ajah;;
Elizabeth Sandra;28/12/2021;1;"Kode aktivasi ngga masuk ke email, walau sdh berkali"" di klik ulang";;
van klompen;25/10/2021;4;Saya booking service di Honda Tugu Yogya, sudah bbrapa jam gak di konfirm Min. Dah hampir jam nya;;
agung satria;23/09/2021;1;Masa Kendaraan CBU tidak ada dalam daftar. Payah;;
Yohanes Sulaiman;12/10/2021;1;Kata dealer aplikasi sampah. Voucher tak berguna.;;
Robby Manurung;11/12/2021;3;Email kode aktivasi ditunggu lama blm terkirim juga;;
Layla Fadhila;03/09/2021;1;App yang sangat tidak berfungsi dan sangat tidak berguna;;
Muhammad Ibnu Rabbani;14/12/2021;4;Akhirnya di konfirmasi;;
Aliandy Cherdy;20/12/2021;5;Manntappp;;
Alfanendya Safudi;05/06/2021;1;Kenapa cari lokasi dealer harus pakai map? Ini world map pula, siapa yg mau servis di Africa? Kenapa nggak pakai drop down list? Nggak user friendly.;;
indra wijaya;12/05/2021;3;Ga jadi pake, request permissionnya aneh, hanya untuk booking service masa kudu kasih info yg cukup sensitif? Maybe next time...;;
Ria angraini;25/02/2021;1;Tidak bisa booking Kendaraan sudah terdaftar tapi tidak bisa pilih. Sudah 6bulan masi ngaco. Feb 2021 App bodong Booking tetap manual.;;
Mario Wang;07/05/2021;1;Request lupa password tidak bisa. Sudah masukan email yang terdaftar dan benar. Email untuk reset passwordnya tidak pernah sampai;;
Yuliana Lee;23/03/2021;1;Tidak bisa nambah kendaraan, pas awal registrasi juga tidak dimintain isi nomor rangka dan mesin, mau booking ga bisa karna lom isi nomor tsb;;
rendy yusman;01/03/2021;3;Sebaiknya ad history perawatan berkala di honda dan estimasi biaya perawatan berkala;;
Muhammad Firdaus;18/04/2021;1;sama sekali tidak bisa membantu pengecekan riwayat perawatan;;
achmad hidayah;29/03/2021;5;Ok;;
Aditya J Sunandi;18/06/2021;5;Ok;;
Suparman Muliyadi;22/12/2020;1;daftar mobil sendiri berulang kali kaga berhasil, sampai hapal nomor rangka dan nomor mesin luar kepala. Aplikasi lambat , SQA harus bener2 proven sebelum release ke public. sangat mengecewakan;;
Leonardo Caesar;10/12/2020;1;Saya sdh booking dan dtg servis sesuai dg booking. Bbrp hari kemudian muncul notifikasi bookingan anda dibatalkan. Berarti ga sinkron donk aplikasi dan dealernya. Aplikasi ga guna percuma ada di playstore;;
Jony Lim;27/01/2021;3;Booking service via app ini kayak buang2 waktu. Ga dikonfirmasi jadi auto batal. Ini jg ga ada reminder service berkala? Yg paling penting gini masa ga ada?;;
Alexander Huang;10/12/2020;1;Booking service lewat aplikasi jadwalnya tidak sesuai dengan jadwal dealer, di aplikasi jadwal tersedia tetapi belum tentu di delaer tersedia, proses konfirmasinya belum otomatis, booking online disini sifatnya hanya memberikan pesan ke dealer untuk jadwal booking, untuk kepastian jadwalnya dealer yang tentukan, bukan aplikasi ini, jadi menurut saya buang waktu untuk melakukan booking service lewat aplikasi.;;
Harry Kurniawan;29/01/2021;4;Sudah mendingan dibanding versi sebelumnya, namun belum dipakai untuk booking;;
Andrian Soelistiyo;31/01/2021;1;Aplikasi sampah, register aja gak bisa hahaha;;
bahid gunawan;19/01/2021;2;Aplikasi setengah jadi, bugs...;;
Panji Kusuma;03/10/2020;1;Pilihan paket service ga sesuai saat ke dealer. Harganya lebih mahal.. ternyata cm bahasa marketing mulai dari.... selisih harganya jauh bgt..;;
David C;28/10/2020;1;Baru mau bikin akun. Udah nge crash, buka lagi, crash lagi. Udah pernah di beta test atau belum sih?;;
Revan Hernandy;13/10/2020;5;Sangat memudahkan untuk booking online untuk service, dan konfirmasi dealer sangat cepat;;
Stevannus Julio;07/09/2020;5;Mantep nih booking jd gampang dan ada pilihan waktunya 👍;;
Davin Hermanto;07/09/2020;5;Good Apps;;
Iqbal Raihan;08/11/2020;1;Gabisa login;;
A Google user;17/12/2019;1;6 bulan kemudian kejadian yg sama berulang. Sudah booking melalui app, mendapat pemberitahuan per telpon jadwal waktu service di reassign ke jam lebih lambat.... What a waste.....;;
A Google user;07/08/2019;2;Saya coba booking via phone Honda Pradana Sawangan 12-Agu-2019 jam 10.00 masih bisa, tapi via aplikasi tidak ada slot utk servis di jam tsb. Mohon dikonfigurasi ulang ya. Kalau bisa online dan semua jm slot servis terinfo, kalau berfungsi kan aplikasi ini bisa luar biasa manfaatnya. Saya uninstall deh.;;
A Google user;19/07/2019;1;booking service susah sekali dan di telp pada gak diangkat. Honda kalo belum siap untuk online service, mendingan dipending aja dulu e-care nya dari pada bikin kecewa customer. update : Di honda trio motor banjarbaru.;;
A Google user;09/04/2019;3;Mohon lebih dibenahi karena penggunaan aplikasi lebih diminati. Saya booking utk servis di Honda Nusantara MT Haryono tapi oleh SA tidak connect ke komputernya, wah kalah dong sama pesaingnya yg lbh canggih. Mohon ditambahkan juga riwayat servis utk memudahkan memantau kendaraan dan wa/email utk usul, pertanyaan dan saran. Makasih, semoga makin baik lagi. 😊;;
A Google user;31/10/2019;1;Membuatku Terharu...ketika mencoba apps ini. Sangat diluar ekspetasi, baru mau register selalu gagal padahal data udah valid.;;
A Google user;29/02/2020;1;Kejadian hari ini tgl 29 feb 2020 di Honda Soekarno Hatta Pekanbaru, sudah 1 minggu sebelum nya di booking, eh pas hari H nya di bilang staff adm service tidak terdaftar 🤐 ..... not recomended to install;;
A Google user;03/11/2019;1;Tidak bisa registrasi. Muncul notif : cURL error 7: failed to connect to....... Tolong diperbaiki sistem applikasi nya;;
A Google user;24/10/2019;1;BUTUT! aplikasi tdk bisa booking pdhl sdh pilih bbbrp bengkel n waktu yg kosong. Akhirnya pake sistem jadul, telpon lsg bengkel.;;
jtjahyono;19/05/2020;1;Aplikasi ini terlalu banyak meminta izin permission sementara itu aplikasi ini tidak mendeklarasikan syarat dan ketentuan dan kebijakan privasi. Padahal waktu register diminta mencontreng persetujuan syarat dan ketentuan dan kebijakan privasi. Uninstal !!!!!!!!;;
A Google user;30/10/2019;1;Kemarin ganti oli request engine flush, SA nya ga tau engine flush apa, malah dikasi engine cleaner. Mohon customer dimengerti. SA nya ditraining kalau ga tau engine flush pas ganti oli;;
A Google user;23/10/2019;1;Susah sekali untuk booking melalui aplikasi ini. Sebaiknya belajar dari aplikasi auto 2000 toyota atau aplikasi honda fatmawati grup, aplikasi mereka jauh lebih oke.;;
A Google user;07/06/2019;1;dihapus saja aplikasi nya,percuma hanya buang buang waktu,daripada memberikan harapan sia sia buat costumer .nomor telepon tidak ada yang pernah diangkat.mobil honda saya mogok di jalan malah tidak memberikan solusi,lebih baik langsung cari bengkel pinggir jalan.;;
A Google user;14/03/2020;1;Perlu banyak perbaikan, integrasi dengan semua bengkel honda. Masak iya, sudah klik disini, masih harus telpon juga.;;
Mining Mine;20/07/2020;1;Aplikasinya belum siap ya. Booking service smua ga bisa. Uninstall saja deh.;;
A Google user;28/08/2019;1;Pada saat registrasi d apps, muncul pesan kendaraan tidak ditemukan atau belum terdaftar. Mhn saran nya?;;
A Google user;28/03/2019;1;sekelas honda bikin apps gini? kalah ama anak2 smk... parah;;
A Google user;16/08/2019;1;gak bisa registrasi, katanya kendaraan tidak dikenal atau belum terdaftar, aplikasi yang aneh....;;
A Google user;13/05/2019;1;baru register aja gagal. Mobil tidak terdaftar katanya. sampah....;;
A Google user;28/03/2019;1;mau registrasi tp gagal terus... katanya nomor mesin tidak terdaftar..capek deh;;
A Google user;13/10/2019;1;Aplikasi ini kenapa membutuhkan read storage ya? Tidak ada hubungannya dengan booking dan lain lain;;
A Google user;25/04/2019;5;very good app .sangat membantu bgt! tingkatkan lagi;;
A Google user;02/01/2020;2;Isi data kenapa berbau rasis yah? WNI WNI KETURUNAN (CHINESE) WNI KETURUNAN (LAINNYA) WNI KETURUNAN (INDIA) WNA;;
Luthfi Ridho;04/08/2020;1;Setiap mau booking service harus masukan nomor rangka dan nomor mesin mobil yang sama;;
A Google user;16/08/2019;1;saya registrasi aja belum bisa, masa keterangannya kendaraan anda belum terdaftar.;;
A Google user;16/07/2019;1;lupa password minfa ganti tp tetap ga bisa masuk,paraaahhhh;;
A Google user;15/01/2020;2;Mo registrasi aja gagal,, mobil tidak terdaftar,, gmn mo pake... Hadeeehhh;;
Sudiono Pui;15/07/2020;1;Saya tidak bisa registrasi karena tidal terdaftar? Mhn arahannya;;
A Google user;27/09/2019;4;Lebih bagus lagi jika dilengkapi dengan history servis.;;
Alpha;03/07/2020;1;Mau booking service semua tidak tersedia;;
Giovano Rachmat;19/07/2020;5;Buat booking dan mantau lebih enak. membantu;;
Yana Cahyana;20/08/2020;2;Update profil tidak bisa save;;
Kevin Valentino;04/08/2020;1;Server nya lemot.;;
A Google user;13/06/2019;5;good app;;
A Google user;03/10/2019;5;Good aplikasi;;
Alland Duvry;16/07/2020;1;App tidak bisa diaktivasi;;
A Google user;19/01/2020;1;Error;;
A Google user;31/03/2019;5;booking jadi gampang bgt..;;
A Google user;10/04/2019;5;booking service jadi lebih mudah;;
Matthew Dio;23/07/2020;1;Parah sekali;;
A Google user;08/03/2020;4;Lambat;;
A Google user;06/04/2019;5;layanan yang bagus;;
A Google user;13/12/2018;1;Kok kendaraan tdk terdaftar trus ya;;
A Google user;16/02/2019;5;good;;
Iwa santoso;20/10/2022;5;Mantapp honda ecare;;
A Google user;15/06/2018;2;Berberap hal yg harus diupdate 1. Honda cakra pangukir salemba tidak masuk ;;
ke dalam booking online 2. Honda autoland kelapa gading mau booking online ;;;;;
"tidak ada satupun jadwal yg tersedia""";;;;;
A Google user;19/09/2018;1;Aktifasi email aja gak pernah sampai emailnya;;
Agung Wahyu Wibowo;30/05/2025;2;"Saran saya, minta kontak teknisi nya. Pengalaman pribadi, di saat darurat, dari aplikasi lama status ""mencari teknisi"", dihubungi CS berjam-jam setelah membuat permintaan hanya diminta untuk membatalkan permintaan dan diminta membuat ulang pada hari lainnya. Untungnya punya kontak teknisi, jadi teratasi. Walaupun sangat telat dan tidak memberi solusi, setidaknya ada tanggapan sih dari CS nya.";;
I Gede Bayu Bege;12/03/2024;1;Liat saja banyak bintang satu, sudah sangat merepresentasikan kualitas app nya. Mau daftar aja ribet, kopas kode verif salah, di ketik manual salah, situ yang ngirim, situ yang bilang kodenya salah. Maunya apa....;;
Hefi Hendri;16/11/2023;1;Ini aplikasi bobrok. Dulu pernah gunakan awal beli Honda. Ketika sing in lg setelah sekian tahun tidak, malah nama profil, no HP sdh milik org lain. Padahal emailnya gunakan email saya;;
Zaenal Mutaqien;28/07/2020;1;Seharusnya setiap field (picklist atau bukan) defaultnya blank dulu, bukan otomatis ngisi. Hal ini kalau user tdk melakukan update jd data yg salah (data sampah);;
Rayhan Ramadhan;16/04/2023;1;Appointment booking online, onsite, whatsapp dan telfon tidak real time integrasi. Booking online saya di cancel dengan alasan kurang jelas.;;
Budiyana Budi;25/05/2022;1;"Default kolom agamanya ""Katolik"" bikin sentimen ini team IT nya.. Bagus kosongkan saja, apa urusannya service mobil sama agama..";;
bayu sudarmantov;07/04/2023;3;"Saya instal Dan berhasil login, setalah saya masukan nomor mesin dll, lalu muncul notification ""mohon Menunggu persetujuan akses Dari pemilik lama"" Padahal saya beli baru lho... Solusinya gimana ya";;
Abdul Khaliq;19/12/2022;3;Saya kesulitan melihat history, sudah ikut petunjuk dari Honda untuk refresh, ternyata tetap historynya salah. Saya service di Batulicin, tertulis di Balikpapan.;;
Erwin Tri Su;24/09/2023;1;Sepertinya aplikasi ini hanya diperuntukkan bagi mobil honda keluaran terbaru ya? saya coba input mobil keluaran lama yang ada notifikasi nomer mesin dan nomer rangka tidak sesuai terus;;
winarso ns;14/03/2024;1;Aplikasi buat rubah profile aja gak bisa, sudah diisi email tetep error dan yg sudah diisi balik ke default lagi;;
it's me;15/01/2024;4;Setelah sy memberikan review langsung ada telpon dari CS dan mendapatkan solusi, tapi pemesanan service dikonfirmasi oleh pihak aplikasi ini, jadi order service melalui apps masih belum berhasil saat itu. Semoga berikutnya udah gak bermasalah lagi;;
Jatmika Rico;22/08/2021;1;Baru sekali booking kemudian tidak jadi datang. Setelah itu tidak bisa booking lagi dengan alasan kendaraan ini sudah digunakan untuk booking dengan kode xxx.;;
Bobby Irwanza;16/05/2024;1;Pas mau tambah kendaraan, disuruh masukkin tanggal berakhir STNK. Tapi tanggalnya ga bisa di tap. Kalo ga disii ga bisa lanjutin;;
Ellya Widjaja;19/04/2026;1;masuk ke app susah, tidak user friendly, tidak bisa dipakai appnya. tolong diperbaiki, nge bug parah.;;
Andi Asmara;19/04/2026;1;tolong perbaiki app nya, sudah instal ulang, tetap tidak bisa di lanjutkan untuk order service. tks;;
Nces 2606;24/12/2022;1;Jelek sekali..saya sudah booking dan datang ke honda..tidak ada kode booking saya..kejadian ini sudag 2x;;
Andry Prianto;03/05/2020;1;Sekelas Honda aplikasi mobile sangat jelek dibandingkan kompetitor. Mungkin yg bikin anak magang di HPM;;
Vicky Cheka;14/10/2020;1;Kenapa di bagian kewarganegaraan harus ada Pilihan Warga Negara Keturunan ya? Aplikasi sampah!!!;;
Lita S;20/05/2022;1;Tdk berhasil memulihan username krn lupa password. Sejak install pertama kali juga gagal akses;;
william;09/11/2020;1;Agak gk berguna appnya. Mau add mobil buat booking service aja gk bisa;;
Trayudi Darma;30/12/2020;2;Gak ada record service nya ya ? Seperti merk tetangga ada menu record service or penggantian part yg telah dilakukan;;
Kuswo Wahyono;04/09/2022;2;Apliksasi sukar dipakai, hati² dng data pribadi, aplikasi tampaknya kurang aman;;
Budianto;25/07/2020;1;Minta customer install. Tapi tidak bisa dipakai.;;
Muhammad Nurrahman;26/01/2022;1;baru download, dibuka aja g bisa;;
Ahmad Syahda Fuadi;19/08/2023;2;Booking servis tapi ga masuk antrian booking..;;
A Google user;16/11/2019;2;Tidak dapat registrasi, kendaraan tidak terdaftar;;
A Google user;07/06/2018;5;Good app provided by HPM;;
R R;16/12/2024;2;masih perlu banyak peningkatan fitur;;
A Google user;22/12/2019;1;Selalu gagal untuk registrasi;;
alex Ferdian;04/11/2024;5;ok banget . pelayanannya;;
Nurdiansah Dwi Sulistiawan;13/10/2020;5;Booking jadi gampang ya;;
dany sie;14/12/2021;1;Aplikasi kolot;;
A Google user;29/07/2019;1;registrasi ribet;;
Chalidin Abubakar;14/01/2023;5;Sangat berguna;;
hari yanto;21/02/2023;5;Mamtap lah;;
Yanuar46;04/05/2026;1;Historynya tidak update dan pesan masuk tidak bisa dibuka, hanya ada notifikasinya aja (5/24/23) Update: setelah kirim email dgn lampiran masalah untuk saat ini history servis terlihat namun tidak seluruhnya, untuk yang per tanggal 28/3/23 blm tampil, terlihat langsung di servis terakhir tanggal 17/5/23. Selain drpd itu untuk note servis (saran servis) juga blm hilang, dgn kondisi saran servis perbaikan trsbt sdh dilakukan, selanjutnya pesan masuk blm terlihat. Per 1/5/2026 tidak bisa login;;
felix felicis;20/04/2026;1;jelek dan lamban. loadingnya lamaaa sekali. saya isi booking saja nunggunya sampai 45 menit karena proses loading yg lama. promo juga sedikit. ga banget deh kalau pakai aplikasi honda.;;
Andi Asmara;19/04/2026;1;tolong perbaiki app nya, sudah instal ulang, tetap tidak bisa di lanjutkan untuk order service. tks;;
Ellya Widjaja;19/04/2026;1;masuk ke app susah, tidak user friendly, tidak bisa dipakai appnya. tolong diperbaiki, nge bug parah.;;
Alan Sarante;18/04/2026;1;lambat sekali, tolong perhatiannya;;
Robby Koesbiantoro;01/04/2026;5;good service for SA ( Ridwan);;
Danny Kurniawan;21/01/2026;4;Gambar Honda BRV saya tidak ada di menu drop-down My Honda.;;
Miftachudin Chakiki;29/12/2025;5;mantapsss;;
Steven;17/12/2025;5;Easy to use & very helpful for booking service;;
Tatik Cahya;19/09/2025;5;keren;;
Ramli Rusli;24/08/2025;5;verygood in service;;
Teuku Riyadhsyah;12/08/2025;2;Sering kali ketika di cek sudah dalam posisi terlogout. Biasanya aplikasi terlogout jika ada login tidak berhak pada device lain. Tolong diperbaiki supaya tidak terjadi login yang tidak berhak.;;
adha isori;05/07/2025;5;Sangat Membantu;;
Bobbity Bob Ross;03/07/2025;4;Good interface, easy to use. Sometimes it can be a bit slow but not affecting the usage too much;;
Agus Sekti;02/07/2025;5;menu booking service memudahkan untuk menyesuaikan dg schedule pekerjaan;;
Winny Gunantiani;01/07/2025;5;great apps.. really helpful;;
Hendro Mongi;01/07/2025;5;best;;
Edwan Team;29/06/2025;5;sekarang sudah bagus, bisa lihat service record sebelumnya. semoga makin bagus dan lengkap.;;
candra yudhatama;27/06/2025;5;mantab. sangat membantu;;
Pujo Sumantri;25/06/2025;5;booking mudah;;
Alwi;24/06/2025;4;ok;;
Ahmad Bashori;23/06/2025;5;mantap, bagus;;
silva dahono;17/06/2025;5;sip, sudah lancar semua;;
trista wijayanti;12/06/2025;5;Tetap pertahankan kinerja baik ini, semua mudah tinggal klik saja;;
Enny Yunita;11/06/2025;5;mudah mudahan bs lebih baik lagi aplikasinya;;
Inggrid Maya;05/06/2025;5;pelayanan bagus;;
Quetz Channel;02/06/2025;5;Akhirnya dibenerin jg app nya. Kemarin sampe install ditablet buat booking service nya.;;
Roland Andreas;02/06/2025;2;halaman Beranda tidak ada icon yang dapat diakses.;;
Center klik;02/06/2025;2;Setelah update, menu jadi tidak bisa di klik. Mohon segera perbaharui lagi.;;
Riza;02/06/2025;3;min ngebug di home ga bs booking service hp samsung;;
Riesca Risnendar;02/06/2025;3;Tidak ada history service yg pernah dilakukan;;
Agustini Mashalim;02/06/2025;5;Memudahkan untuk booking service dll jadi tdk usah melalui telpon lagi, semua lewat ponsel saja;;
Nevy Nisrina;01/06/2025;3;membantu sih, tapi suka nge freeze, jadi stuck setelah masuk aplikasi, gabisa klik apa apa, dan kejadian kaya gini sering;;
HC VLOG;01/06/2025;1;Nge Bug can't Access Menu and Choose car;;
Glandy Immanuel;01/06/2025;1;i cannot click all the menu, please fix this application. this application is helpful, but now is not working. i'm running on android 15, i try use mobile data or wifi still cannot click any menu.;;
Arif Somawijaya;31/05/2025;1;not functioning after logging in;;
Agung Wahyu Wibowo;30/05/2025;2;"Saran saya, minta kontak teknisi nya. Pengalaman pribadi, di saat darurat, dari aplikasi lama status ""mencari teknisi"", dihubungi CS berjam-jam setelah membuat permintaan hanya diminta untuk membatalkan permintaan dan diminta membuat ulang pada hari lainnya. Untungnya punya kontak teknisi, jadi teratasi. Walaupun sangat telat dan tidak memberi solusi, setidaknya ada tanggapan sih dari CS nya.";;
Mochamad Faizal Bachri;22/05/2025;5;👍;;
achmad junizar;20/05/2025;5;ok;;
Ryan Hardiyanto;16/05/2025;5;Booking cepat mantap 👍🏻;;
Aryoso Rahmayadi;08/05/2025;5;Aplikasi komprehensif untuk service berkala, bisa untuk booking service dan ada history service nya juga;;
weihan yao;06/05/2025;5;good service;;
satya yudha;04/05/2025;5;Apps yang membantu untuk booking service sehingga tidak mengantri dan langsung dihandle;;
Munandar Setiawan;22/04/2025;5;good service;;
Veronica Devy;17/04/2025;5;good app😊👍;;
Bagus Putra;17/04/2025;5;ok;;
Erwin Sanz;10/04/2025;1;force to update;;
Eric Sibarani;10/04/2025;5;good;;
Mr. Eman Jepara;09/04/2025;5;pelayanan ramah, bagus.;;
aldi alchamim;08/04/2025;5;ok;;
Fikhy Endriaz;07/04/2025;5;bengkel terbaik;;
Himawan Santoso;03/04/2025;1;Aplikasi bodoh. Reservasi tak dikonfirmasi-konfirmasi, tahu-tahu di-cancel.;;
Yusron Surya Pranata;02/04/2025;5;mantap, update dan online;;
Vino Rino;26/03/2025;5;nice very helpful;;
Alfian Adi Atmaja;23/03/2025;5;Good;;
Mirza Walad;22/03/2025;5;ada beberapa Fitur yang tidak bisa digunakan..;;
Irsan Y Srigede;20/03/2025;5;appnya sangat bermanfaat dan convenience banget;;
Kun H;16/03/2025;5;Membantu..;;
Nick Lo;16/03/2025;1;Crash everytime I try to register a car.;;
Gusti Putu;16/03/2025;3;Server internal sering error, tidak bisa registrasi service mobil;;
Trisno Sugiyanto;15/03/2025;5;Ok;;
andika restu;08/03/2025;5;mantap;;
Triana Dewi;06/03/2025;5;easy to use;;
jroe 19;04/03/2025;5;membantu dlm booking service & update info Honda;;
Tedy Arisandi;01/03/2025;5;good service;;
Allen Istalaksana;28/02/2025;5;Honda The Power of Dreams 🔥🏁;;
Fery K Century21 Jogja Empire;27/02/2025;3;UI / UX nya masih membingungkan;;
Dr. Yoyo;25/02/2025;5;Nice easy to use;;
vina chandra;17/02/2025;5;ok;;
Ika Rakhmawati Hilal;16/02/2025;5;nice app;;
Petronila Jean;15/02/2025;1;Aplikasi tidak bermanfaat sama sekali, dipakai buat booking aja ga bisa.;;
Indri Rakan;14/02/2025;5;mudah;;
Addi Gesang Sentosa;09/02/2025;5;sangat memudahkan..terima kasih;;
Herlandodi 101261;07/02/2025;5;the best service and maintenance;;
Fajar Setyawan;07/02/2025;5;Good Job, Honda 👍🏻;;
Suherman suhe;01/02/2025;5;sangat memudahkan;;
Sony Latuheru;01/02/2025;5;good & fast connection;;
Heri Chang;29/01/2025;1;ribet;;
Pebri Ananta;29/01/2025;5;Aplication help full to know information detail Car and booking service;;
Much Do;25/01/2025;5;Mantaab 👍;;
budi zan;24/01/2025;5;aplikasi yg sangat membantu bagi pemilik mobil honda;;
Yudha Hendra Kamal;23/01/2025;5;more better at the next;;
Gagan Gandara;23/01/2025;5;easy to use;;
erik tan;22/01/2025;5;mantap;;
Joko Suprapto;18/01/2025;5;easy to use;;
Indra Rukmana;16/01/2025;1;booking aja lama bgt;;
Taufik Ardani;14/01/2025;5;app mudah dipahami, mungkin kasi promo apa voucher diskon biar lebih semangat kalo service.;;
Hap Man;13/01/2025;5;good app honda;;
Irfandi;12/01/2025;1;UI UX sangat buruk, navbar tidak bisa diklik, map harus search exact name. Seperti build pakai template;;
cup 10;09/01/2025;5;excellent;;
Badai Bayu Sasmito;09/01/2025;5;Good;;
Eka Taruna;08/01/2025;4;#NAME?;;
Erick Tirtawarsita;02/01/2025;1;Aplikasi ga ada gunanya, emergency juga ga ada fungsi. Cuman buat mobil2 baru aja ini aplikasi. Buat mobil tua jangan berharap banyak. Kalo mau cari nmr kontak honda buka aja google map, lgs dpt posisi paling deket sm kita lengkap sm nmr kontaknya.;;
erick ariyanto;01/01/2025;5;ok;;
felicia limantoro;31/12/2024;5;mempermudah proses booking;;
Granietooo;27/12/2024;5;good app;;
Teuku Mahendri;26/12/2024;5;good;;
Sunarto San;24/12/2024;5;ok;;
Revorizar 46;24/12/2024;5;good;;
Rony Wardhana;23/12/2024;5;easy and registered;;
Sandy;22/12/2024;1;Honda BRV is not avalable in the apps;;
Willy adrianus;19/12/2024;1;Staff tidak memberikan solusi.. paketan servis honda juga tidak berlaku terlalu banyak syaratnya;;
R R;16/12/2024;2;masih perlu banyak peningkatan fitur;;
tuti yuliani;07/12/2024;5;layanan ba gus;;
M. Yani Syafei Kartawinata;03/12/2024;5;good jobs;;
Ano Narno;03/12/2024;5;simple, menu jelas, mudah penggunaannya. Tks;;
Mariana Verdy;03/12/2024;5;Pelayanan baik, ramah dan memuaskan;;
Susanti Koh;29/11/2024;5;good;;
Heri Anggono;25/11/2024;5;aplikasi mudah dan lancar;;
Andri Harianja;24/11/2024;5;Sangat membantu, khususnya untuk booking service.;;
Kiki hikmat;18/11/2024;5;so far okay lach;;
Judi Ridwan Pratama;16/11/2024;5;👍👍;;
mohamad sopian;13/11/2024;5;bermanfaat dan sangat membantu;;
Martin Robinson;10/11/2024;4;Easy to use app but needs an English option.;;
fatma amalia;10/11/2024;5;terbaikk;;
Kakael Nakano Saputro;09/11/2024;5;Nice Services and cozy place;;
Sahmudin;07/11/2024;3;Tidak ada fitur history services, isinya kosong ....kurang berguna apps ini;;
didakusnovy novy;05/11/2024;5;aplikasi simple yg sangat membantu;;
alex Ferdian;04/11/2024;5;ok banget . pelayanannya;;
nafis farabi;03/11/2024;1;Tidak bisa isi tanggal Dan jam booking;;
nandar Junizaf;02/11/2024;5;bagus;;
Bong Arianto;28/10/2024;4;Tolong bagian IT Aplikasi, itu Logo BRV masa blank... Yg lain model aman, cuma BRV Blank;;
Patana Satya;07/10/2024;2;Kenapa sejak kemrn aplikasi tidak bisa running ya, sudah uninstall dan install ulang masih tidak mau masuk ke home... Alias tidak mau running...;;
akhmad fariz;28/07/2024;5;Sangat membantu untuk booking service;;
albert k;05/07/2024;1;Sudah reset password and masukin password Baru. Tapi waktu mau login no hp / passwords Salah. Sudah clear cache delete data. Coba login lagi salah. Sudah di bantu cs di toko 2 bulan lalu and sekarang juga sama kondisinya;;
Deddy Hutagalung;22/06/2024;4;How to re-schedule???;;
Rowena Suryobroto;17/06/2024;3;Booking service bermasalah? Kemarin pesannya internal server error. Hari ini saya pilih dealer, tapi tidak bisa lanjut;;
Sulut Sehat;08/06/2024;1;Tanggal booking tidak tersedia padahal mau servis;;
Bobby Irwanza;16/05/2024;1;Pas mau tambah kendaraan, disuruh masukkin tanggal berakhir STNK. Tapi tanggalnya ga bisa di tap. Kalo ga disii ga bisa lanjutin;;
Suluh Prihanto;05/05/2024;3;tidak bisa login aplikasi, keterangan java security not found 🤷🏻;;
Agun Gunardi;05/05/2024;1;I used this application for booking service, but now not working anymore with error message : javasecuritycert something like that.... Sound stinky.....;;
syndicate kancil;05/05/2024;1;Habis update malah error;;
Gian Giovani;30/03/2024;2;Hbais update nge crash terus aplikasinya. Parah parah;;
Filipus Adityo;25/03/2024;1;Pembaruan yang banyak bug, entah lokasi dealer, pin, tidak bisa booking service online dll;;
Luqman Hakim;23/03/2024;1;"After attempting to log in, the app goes to request personal data. However, I cant tap on the email address box and if all data is not filled the ""Confirmation"" button is still greyed out. Bottomline the app is not useful";;
winarso ns;14/03/2024;1;Aplikasi buat rubah profile aja gak bisa, sudah diisi email tetep error dan yg sudah diisi balik ke default lagi;;
I Gede Bayu Bege;12/03/2024;1;Liat saja banyak bintang satu, sudah sangat merepresentasikan kualitas app nya. Mau daftar aja ribet, kopas kode verif salah, di ketik manual salah, situ yang ngirim, situ yang bilang kodenya salah. Maunya apa....;;
Joshua Christian;03/03/2024;1;Versi terbaru error terus;;
Warno Mts;18/02/2024;5;Setelah di update dengan Honda e-care terharu, jadwal service berikutnya menjadi salah, justeru yang bener yang sebelumnya;;
Paulus Arka Triyoga;07/02/2024;2;Aplikasi tidak bisa digunakan. Baru memasukkan data mobil saja tidak bisa. Sudah memasukkan no rangka dan mesin, tetapi dikatakan salah data;;
Romi H.;24/01/2024;1;Gagal terus ketika upload foto stnk. Sdh restart hp dan reinstall aplikasi;;
Arief Maulana;21/01/2024;3;Tidak bisa nambah akses kendaraan..di notif hp istri saya nihil..tdk ada notif;;
it's me;15/01/2024;4;Setelah sy memberikan review langsung ada telpon dari CS dan mendapatkan solusi, tapi pemesanan service dikonfirmasi oleh pihak aplikasi ini, jadi order service melalui apps masih belum berhasil saat itu. Semoga berikutnya udah gak bermasalah lagi;;
Iwan Sugiarto;03/01/2024;2;Data yg sudah diisi dan disimpan tapi jadi kosong/ salah lagi. Data yg sama diminta lagi bbrp kali.;;
Rian Septiana;15/12/2023;1;data kendaraan saat ini tidak tersedia. hadeuuhh..;;
Garda Al Haq;09/12/2023;1;Booking service di apps udh dr bbrp minggu lalu untuk jam 8 pagi, sampai bengkel status tidak terdaftar. Jd hrs tunggu lg sampai 8.45;;
Hefi Hendri;16/11/2023;1;Ini aplikasi bobrok. Dulu pernah gunakan awal beli Honda. Ketika sing in lg setelah sekian tahun tidak, malah nama profil, no HP sdh milik org lain. Padahal emailnya gunakan email saya;;
Alex Hand;07/11/2023;3;Isi data kendaraan keterangannya, nomer rangka dan nomer mesin tidak cocok. Padahal sesuai buku servis dan bpkb. Knp bisa begitu min?;;
Satya Widhismara;22/10/2023;1;Tidak bisa mendaftarkan mobil karena entah bagaimana sudah terdaftar di akun lain. Ketika disubmit tidak ada pesan / notifikasi berhasil, tab pesan hanya menunjukkan layar kosong;;
Beny Hinadrayanto;22/10/2023;1;"Aplikasi bagus bisa dapat 4-5 bintang tapi diberikan 1 bukan maksud membenci tapi bintang 1 ini diberikan untuk menjadi perhatian, mohon diperbaiki ketika menekan tombol hapus diberikan peringatan dahulu ""Anda yakin akan dihapus"". Setelah ini akan saya buat menjadi bintang 5 kembali.";;
Erwin Tri Su;24/09/2023;1;Sepertinya aplikasi ini hanya diperuntukkan bagi mobil honda keluaran terbaru ya? saya coba input mobil keluaran lama yang ada notifikasi nomer mesin dan nomer rangka tidak sesuai terus;;
danny febryana;17/09/2023;5;Bermanfaat bagi pengguna mobil Honda;;
Harry Moniaga;09/09/2023;5;Cukup puas selama ini dgn service dari Honda;;
Ardy Maulana;07/09/2023;5;Aplikasi nya lumayan bagus, bisa lihat service record mobil & booking service jd lebih mudah..good job!!;;
Sotoy Kaiba;31/08/2023;1;Gak bisa memasukkan data mobil;;
Ramdanih;30/08/2023;3;tampilan biasa saja. mesti update dengan UI & UX yang lebih bagus. aplikasi sudah ketinggalan jaman.;;
A Google user;25/08/2023;5;Aplikasi sangat membantu dan mudah sekali dalam membuat Booking service 👍👍;;
Ahmad Syahda Fuadi;19/08/2023;2;Booking servis tapi ga masuk antrian booking..;;
Gabriel Andrew Ng;04/08/2023;5;Useful;;
taufan pradana;28/07/2023;1;Saya kasih bintang satu karena sekarang kalau mau tambah kendaraan selalu muncul notifikasi nomor rangka dan nomor mesin anda tidak cocok, mohon periksa kembali nomor mesin dan nomor rangka anda.. ga berguna aplikasi ini sekarang.. saya juga coba daftar mobil honda lain, namun hasilnya sama tidak bisa...;;
Ardoto Priyo;26/07/2023;5;Detail 👍;;
Andra Hendria;24/07/2023;5;Cepat responnya sejauh ini,, teknisinya gercep.. untuk harga standar hanya nambah biaya pelayanan saja;;
Zulfahmy;09/07/2023;2;Tidak bisa order Booking Service;;
Anif RS;07/07/2023;5;Mudah digunakan, sangat mrmbantu..;;
Karin Ax;30/06/2023;1;Mau booking aja susah bener, disuruh nambah permintaan pelanggan tapi bs diklik. Payah banget appsnya. Applikasinya kayak kita mau ke honda buat service gratis aja. Ga beres.;;
Alvie Syahrin;10/06/2023;5;I hope that every car color in this application can be adjusted to the original color, because my brio turns red, the original is white 😁;;
Hero;05/06/2023;5;Sudah bisa dibuka, makasih kak;;
Januar Hadi;03/06/2023;3;Nggak singkron catatan servis di bengkel sma di aplikasi ini 😪🥴;;
Chae Ree;31/05/2023;2;Gak bisa book service , ada bug tulisnya;;
Sahri Rahman;27/05/2023;3;Awalnya bisa buat booking service, tapi sekarang gak bisa di buka, tolong di update lagi karna sangat membantu;;
Ependi Subeno;27/05/2023;1;Can't work after updated. I can't booking service at the moment. Ridiculous;;
Tjeng Christian;16/05/2023;5;This app help prevent unnecessary que at workshop;;
Dody Satrianto;16/05/2023;3;Forced close app after clicking booking service. Fix the bug!;;
hasan ngui;12/05/2023;5;ok dah. spesifik datanya;;
Donny SW;09/05/2023;5;Bagus;;
Titus Ciputra;02/05/2023;1;Mendadak info kendaraan saya hilang, coba daftar ulang kendaraan tetep tidak bisa.;;
Rayhan Ramadhan;16/04/2023;1;Appointment booking online, onsite, whatsapp dan telfon tidak real time integrasi. Booking online saya di cancel dengan alasan kurang jelas.;;
bayu sudarmantov;07/04/2023;3;"Saya instal Dan berhasil login, setalah saya masukan nomor mesin dll, lalu muncul notification ""mohon Menunggu persetujuan akses Dari pemilik lama"" Padahal saya beli baru lho... Solusinya gimana ya";;
Mikhayla Georgia;16/03/2023;2;Saya forget password ga bs ktny akun tdk terdaftar :(;;
Bayu Segara;08/03/2023;5;Mnrt ane Aplikasi bagus.ada vocernya;;
hari yanto;21/02/2023;5;Mamtap lah;;
Wibi Bee;20/02/2023;1;coba booking service 1 bulan, dah 2 hari status nya masih tunggu konfirmasi... padahal mau service nya di Indonesia om, bukan di jepang... ya mungkin made in Japan... always slow;;
Nadira Erfira;20/02/2023;4;Good;;
Wilson Chen;05/02/2023;1;Kenapa tidak bisa mendaftarkan mobil? Disuruh periksa nomor rangka & mesin terus?;;
abi mbes;28/01/2023;5;Pelayanan prima;;
Chalidin Abubakar;14/01/2023;5;Sangat berguna;;
Rudy Susanto;29/12/2022;5;This is useful app for Honda Lover... just grab it 😁👍👍;;
Real;28/12/2022;2;Suka sign out sendiri;;
Daffa Adhika Widi Wardhana;27/12/2022;5;Berfungsi dengan baik;;
Revi Rosa Indah;27/12/2022;5;Pelayanan baik dan ramah;;
Nces 2606;24/12/2022;1;Jelek sekali..saya sudah booking dan datang ke honda..tidak ada kode booking saya..kejadian ini sudag 2x;;
Abdul Khaliq;19/12/2022;3;Saya kesulitan melihat history, sudah ikut petunjuk dari Honda untuk refresh, ternyata tetap historynya salah. Saya service di Batulicin, tertulis di Balikpapan.;;
Bagus P;30/11/2022;5;Sangat terbantu dengan aplikasi ini;;
Zack Mokhid HIMALAYA Official;22/11/2022;5;Oke;;
Super fruit;27/10/2022;1;Booking service slot is not aligned with offline booking. Seems like they are not ready to go online yet.;;
Iwa santoso;20/10/2022;5;Mantapp honda ecare;;
Mang Darman;04/10/2022;5;Sangat Bermanfaat;;
Iman Lusion;02/10/2022;4;Sejauh ini cukup baik dengan data history terintegrasi;;
Diajeng Putri Anggraini;01/10/2022;1;Useless;;
Arnoldus George Alexander Palar;27/09/2022;4;Tombol hapus kendaraannya tidak ada confirmation, kalau tidak sengaja ke-tap, kendaraan langsung kehapus;;
Rendy Pratama;22/09/2022;5;Aplikasinya mantap, pas dateng sesuai dengan schedule yang di tentukan, pelayanan seperti vip, terimakasih honda;;
Darwin;18/09/2022;1;Aplikasi yang buruk.data kenderaan yang diinput sudah sesuai stnk untuk no rangka dan no mesin malah gk bs ditambahkan.klo aplikasi nya sdh bisa validasi sendiri ngapain srh nasabah input lg no rangka dan mesin.nasabah dah input malah validasi aplikasi diblg salah;;
Kuswo Wahyono;04/09/2022;2;Apliksasi sukar dipakai, hati² dng data pribadi, aplikasi tampaknya kurang aman;;
Djoko Nurtjahjo;30/08/2022;5;Keren ... bisa liat histori service;;
Lia Novita;07/08/2022;1;Aplikasi useless, CS menyarankan booking lewat aplikasi, jadwal penuh semua hanya tersedia hari Minggu. Saya sdh booking hari Minggu, bengkelnya tutup dan ga ada konfrimasi apa-apa. Kalau dealer ga siap dengan aplikasi, better nggak usah sarankan customer pakai app, buang2 waktu customer namanya.;;
hendra ritonga;03/07/2022;5;Mantap, rekomendasi service dan riwayat pekerjaan lengkap... (kalo service resmi). Kalo nga resmi juga kelihatan... berarti ke service tidak resmi.;;
kak made;21/06/2022;1;Selalu gagal menambah kendaraan. Periksa kembali nomor mesin/rangka. Nampaknya serial database kendaraan belum diupdate dari pihak Honda HPM.;;
Budiyana Budi;25/05/2022;1;"Default kolom agamanya ""Katolik"" bikin sentimen ini team IT nya.. Bagus kosongkan saja, apa urusannya service mobil sama agama..";;
Lita S;20/05/2022;1;Tdk berhasil memulihan username krn lupa password. Sejak install pertama kali juga gagal akses;;
JS Permana;06/05/2022;1;Tidak bisa registrasi. Poor development;;
andy rianton;16/04/2022;1;Booking service menggunakan aplikasi ini karena ada voucher. Sudah klaim dan booking via app nya, tapi saat klaim voucher tidak bisa. Ditunjukkan saat service jg katanya error gak muncul voucher nya. Jadi merasa ditipu untuk service di honda nya, mengecewakan.;;
Nicholas Liong;14/04/2022;1;Poor develeloped apps, unable to book for service so whats the point for this apps;;
subhan;28/03/2022;5;Nice, many improve idea next version;;
Bayu Januar Rahayu; S.T.;23/03/2022;5;Tidak salah pilih honda (honda kumala karawang) , pelayanan service nya sekarang ramah dan bagus banget , bisa kerja sambil nungguin mobil di service karena ruang tunggunya di design untuk sambil kerja jga di laptop , dan booking service makin praktis(app honda e care) tanpa harus antri tanpa kepastian;
Yopi Suwanto;12/03/2022;1;Muncul error saat registrasi;;
Alif Fajar Rahman Sidiq;04/03/2022;1;Nambah kendaraan gak bisa !!! Suruh cek no mesin dan rangka, padahal udah bener !!! Apa gara2 mobil CBU ??? Gak guna sama sekali ini apps. !;;
Hansky Kie;15/02/2022;1;Daftarkan kendaraan diminta cek nomor rangka dan mesin kembali terus. Padahal sudah 3 orang bantu pastikan betul. Tetap aja diminta cek ulang nomor rangka dan mesin. Apa gara mobil saya yg daerah FTZ??;;
Prasetyo Aji;03/02/2022;3;Aplikasi force close ketika booking service (updt sdh ada tanggapan via email, blum dicoba);;
Muhammad Nurrahman;26/01/2022;1;baru download, dibuka aja g bisa;;
Jimmy sudiro;26/01/2022;1;app error tdk bisa dibuka ????;;
legowo putro;26/01/2022;4;Habis update terakhir malah tidak bisa dibuka appsnya;;
Juniadi Dwipayana;21/01/2022;1;Force close ketika booking;;
Rifqi Hanif Nandiwardhana;18/01/2022;3;Is it only for car services not motorcycle services?;;
morning up;13/01/2022;5;Helpful app to do booking service at dealer.;;
Arya Pradana;08/01/2022;2;Tidak bisa booking servis. Sudaj mengisi semua data, klik simpan tapi balik ke menu utama.;;
Elizabeth Sandra;28/12/2021;1;"Kode aktivasi ngga masuk ke email, walau sdh berkali"" di klik ulang";;
yochan yochan;22/12/2021;1;Minta kode AKTIVASI tdk prnah dikirim. Folder spam & inbox kosong. Gimana mau login. 😪 Semoga honda segera hire ahli IT yg baru.;;
Aliandy Cherdy;20/12/2021;5;Manntappp;;
Muhammad Ibnu Rabbani;14/12/2021;4;Akhirnya di konfirmasi;;
dany sie;14/12/2021;1;Aplikasi kolot;;
SAGA pictures;14/12/2021;1;Login tidak bisa karena alamat e-mail tidak valid Daftar dg alamat email yg sama tidak bisa karena katanya sudah digunakan Ganti pasword tidak bisa diproses karena tidak ada tombol lanjut setelah menginput alamat email;;
Robby Manurung;11/12/2021;3;Email kode aktivasi ditunggu lama blm terkirim juga;;
Richard Saptabharata;24/11/2021;5;With or without this app, Honda still number one to buy. Because they care.;;
van klompen;25/10/2021;4;Saya booking service di Honda Tugu Yogya, sudah bbrapa jam gak di konfirm Min. Dah hampir jam nya;;
Prama Imran;18/10/2021;3;Sebaiknya ditambahkan service history;;
Yohanes Sulaiman;12/10/2021;1;Kata dealer aplikasi sampah. Voucher tak berguna.;;
Hari Saputra;10/10/2021;1;Apps sekelas honda, nambahin data mobil aja gak bisa bisa.. uninstall deh. Dear Honda HQ, please review your apps-vendor and team.;;
Aditya Andika;07/10/2021;1;Ga bisa update tambah kendaraan. Udah klik simpan ga bisa. Tampilan voucher kosong sama sekali pdhl saya mau ganti recall fuel pump;;
Andri Setiawan;06/10/2021;1;Tidak Bisa Menambahkan kendaraan, otomatis tidak bisa booking service.. aplikasi jadi tidak bisa digunakan.. honda kenapa tidak sync data di bengkel dan di apps, tiap ganti bengkel selalu daftar lagi.. kalah sama sebelah;;
Aditya Indrawanto;27/09/2021;1;Baru juga install, registrasi..kode aktivasinya ga masuk2. Uninstall ajah;;
agung satria;23/09/2021;1;Masa Kendaraan CBU tidak ada dalam daftar. Payah;;
Welly Hartanto;08/09/2021;4;So far ga ada masalah, mungkin bisa ditambah informasi mengenai histori perawatan kendaraan supaya customer bisa recheck apakah kendaraan udah saatnya perawatan;;
Layla Fadhila;03/09/2021;1;App yang sangat tidak berfungsi dan sangat tidak berguna;;
Jatmika Rico;22/08/2021;1;Baru sekali booking kemudian tidak jadi datang. Setelah itu tidak bisa booking lagi dengan alasan kendaraan ini sudah digunakan untuk booking dengan kode xxx.;;
Ben Dahyar;18/08/2021;1;Bangke lah aplikasi kalian. Kalian batalkan konfirmasi booking service saya saat tengah malam. Aplikasi tak guna. Menuh-menuhin handphone aja;;
Teten Sutendi;15/07/2021;3;Untuk booking servis bisa berjalan baik. Tapi akan lebih berguna aplikasinya jika user bisa melihat history servis dan pengingat jadwal servis berikutnya beserta estimasi biaya servisnya;;
afriza tela kurnia;10/07/2021;1;Tidak bisa complain Pada apliskasi, saya booking dan voucher pergantian fuel pump yg tidak di pakai saat service tetap hilang terpakai;;
Lucky Switch;04/07/2021;3;Aplikasi nya ditambahkan fitur Chat yg bisa jadi platfrom tanya jawab antara pengguna kendaraan dengan Honda, akan sangat bermanfaat bagi pengguna dan menjadikan service Honda lebih baik lagi pada pelanggan setianya.;;
Aditya J Sunandi;18/06/2021;5;Ok;;
Alfanendya Safudi;05/06/2021;1;Kenapa cari lokasi dealer harus pakai map? Ini world map pula, siapa yg mau servis di Africa? Kenapa nggak pakai drop down list? Nggak user friendly.;;
indra wijaya;12/05/2021;3;Ga jadi pake, request permissionnya aneh, hanya untuk booking service masa kudu kasih info yg cukup sensitif? Maybe next time...;;
Hardi Yono Nusawan;09/05/2021;1;Not helping customer;;
Mario Wang;07/05/2021;1;Request lupa password tidak bisa. Sudah masukan email yang terdaftar dan benar. Email untuk reset passwordnya tidak pernah sampai;;
Reza;20/04/2021;1;Wasting my time playing around with this app. Submitted booking service appointment, waiting for confirmation forever. Wont use this anymore.;;
Muhammad Firdaus;18/04/2021;1;sama sekali tidak bisa membantu pengecekan riwayat perawatan;;
Sastra Anugraha;11/04/2021;1;Unable to see service record history in Honda e-Care app, need to benchmark Hyundai, I can see my Hyundai car service history, I think Honda is too secretive 😅;;
achmad hidayah;29/03/2021;5;Ok;;
Yuliana Lee;23/03/2021;1;Tidak bisa nambah kendaraan, pas awal registrasi juga tidak dimintain isi nomor rangka dan mesin, mau booking ga bisa karna lom isi nomor tsb;;
rendy yusman;01/03/2021;3;Sebaiknya ad history perawatan berkala di honda dan estimasi biaya perawatan berkala;;
Ria angraini;25/02/2021;1;Tidak bisa booking Kendaraan sudah terdaftar tapi tidak bisa pilih. Sudah 6bulan masi ngaco. Feb 2021 App bodong Booking tetap manual.;;
Mustakim _;23/02/2021;1;Useless apps, i need service histories of my car, I don't need to see my car number detail on that app.;;
Andrian Soelistiyo;31/01/2021;1;Aplikasi sampah, register aja gak bisa hahaha;;
Harry Kurniawan;29/01/2021;4;Sudah mendingan dibanding versi sebelumnya, namun belum dipakai untuk booking;;
Jony Lim;27/01/2021;3;Booking service via app ini kayak buang2 waktu. Ga dikonfirmasi jadi auto batal. Ini jg ga ada reminder service berkala? Yg paling penting gini masa ga ada?;;
bahid gunawan;19/01/2021;2;Aplikasi setengah jadi, bugs...;;
Trayudi Darma;30/12/2020;2;Gak ada record service nya ya ? Seperti merk tetangga ada menu record service or penggantian part yg telah dilakukan;;
Suparman Muliyadi;22/12/2020;1;daftar mobil sendiri berulang kali kaga berhasil, sampai hapal nomor rangka dan nomor mesin luar kepala. Aplikasi lambat , SQA harus bener2 proven sebelum release ke public. sangat mengecewakan;;
Alexander Huang;10/12/2020;1;Booking service lewat aplikasi jadwalnya tidak sesuai dengan jadwal dealer, di aplikasi jadwal tersedia tetapi belum tentu di delaer tersedia, proses konfirmasinya belum otomatis, booking online disini sifatnya hanya memberikan pesan ke dealer untuk jadwal booking, untuk kepastian jadwalnya dealer yang tentukan, bukan aplikasi ini, jadi menurut saya buang waktu untuk melakukan booking service lewat aplikasi.;;
Leonardo Caesar;10/12/2020;1;Saya sdh booking dan dtg servis sesuai dg booking. Bbrp hari kemudian muncul notifikasi bookingan anda dibatalkan. Berarti ga sinkron donk aplikasi dan dealernya. Aplikasi ga guna percuma ada di playstore;;
Slamet Murdiyanto;08/12/2020;5;Usefull...and helpfull..;;
cinggo sri;07/12/2020;2;Booking service confirmation respond too slow..;;
Kevin Prama;22/11/2020;5;Easy to used👍;;
william;09/11/2020;1;Agak gk berguna appnya. Mau add mobil buat booking service aja gk bisa;;
Iqbal Raihan;08/11/2020;1;Gabisa login;;
arya yuda;30/10/2020;1;This application is so much bugs, couldnt use this app;;
David C;28/10/2020;1;Baru mau bikin akun. Udah nge crash, buka lagi, crash lagi. Udah pernah di beta test atau belum sih?;;
dyah utami;20/10/2020;1;the app is keep stoping and close;;
Vicky Cheka;14/10/2020;1;Kenapa di bagian kewarganegaraan harus ada Pilihan Warga Negara Keturunan ya? Aplikasi sampah!!!;;
Nurdiansah Dwi Sulistiawan;13/10/2020;5;Booking jadi gampang ya;;
Revan Hernandy;13/10/2020;5;Sangat memudahkan untuk booking online untuk service, dan konfirmasi dealer sangat cepat;;
Panji Kusuma;03/10/2020;1;Pilihan paket service ga sesuai saat ke dealer. Harganya lebih mahal.. ternyata cm bahasa marketing mulai dari.... selisih harganya jauh bgt..;;
Kelvin Christian;07/09/2020;5;User friendly and great app;;
Stevannus Julio;07/09/2020;5;Mantep nih booking jd gampang dan ada pilihan waktunya 👍;;
Davin Hermanto;07/09/2020;5;Good Apps;;
Yana Cahyana;20/08/2020;2;Update profil tidak bisa save;;
Edi Solihin Azman;19/08/2020;1;I'm booking in Padang by pass. Not give good service. He suggested to booking by phone. Delete application or give more training to them;;
Indrateruna Kelana Wijaya;18/08/2020;1;"I booked service on 18/08/20 at 07:30, but until 09:00 the bookint status still ""Tunggu konfirmasi"".Then, I called the workshop 3 times but no one answered. At around 10:15, I called the workshop again, and the officer who received my call said there's no booking on behalf of me. So, I have to make a new booking vis her for the service on the other day. Very disappointed. If you can't give the service via your app, please take the app down from tge Google Store.";;
Luthfi Ridho;04/08/2020;1;Setiap mau booking service harus masukan nomor rangka dan nomor mesin mobil yang sama;;
Kevin Valentino;04/08/2020;1;Server nya lemot.;;
Zaenal Mutaqien;28/07/2020;1;Seharusnya setiap field (picklist atau bukan) defaultnya blank dulu, bukan otomatis ngisi. Hal ini kalau user tdk melakukan update jd data yg salah (data sampah);;
Budianto;25/07/2020;1;Minta customer install. Tapi tidak bisa dipakai.;;
Matthew Dio;23/07/2020;1;Parah sekali;;
Mining Mine;20/07/2020;1;Aplikasinya belum siap ya. Booking service smua ga bisa. Uninstall saja deh.;;
Giovano Rachmat;19/07/2020;5;Buat booking dan mantau lebih enak. membantu;;
Alland Duvry;16/07/2020;1;App tidak bisa diaktivasi;;
Sudiono Pui;15/07/2020;1;Saya tidak bisa registrasi karena tidal terdaftar? Mhn arahannya;;
Alpha;03/07/2020;1;Mau booking service semua tidak tersedia;;
jtjahyono;19/05/2020;1;Aplikasi ini terlalu banyak meminta izin permission sementara itu aplikasi ini tidak mendeklarasikan syarat dan ketentuan dan kebijakan privasi. Padahal waktu register diminta mencontreng persetujuan syarat dan ketentuan dan kebijakan privasi. Uninstal !!!!!!!!;;
Andry Prianto;03/05/2020;1;Sekelas Honda aplikasi mobile sangat jelek dibandingkan kompetitor. Mungkin yg bikin anak magang di HPM;;
A Google user;14/03/2020;1;Perlu banyak perbaikan, integrasi dengan semua bengkel honda. Masak iya, sudah klik disini, masih harus telpon juga.;;
A Google user;08/03/2020;4;Lambat;;
A Google user;29/02/2020;1;Kejadian hari ini tgl 29 feb 2020 di Honda Soekarno Hatta Pekanbaru, sudah 1 minggu sebelum nya di booking, eh pas hari H nya di bilang staff adm service tidak terdaftar 🤐 ..... not recomended to install;;
A Google user;06/02/2020;1;I do not want this apps to get many access to my cellphone.;;
A Google user;04/02/2020;1;I wish when else gave negative feedback, they will improve the app, unfortunately not yet... book service via app, waiting for confirmation until the next day, then I called, informed it was full...and when called to call centre, they said better via telp or WA...;;
A Google user;19/01/2020;1;Error;;
A Google user;15/01/2020;2;Mo registrasi aja gagal,, mobil tidak terdaftar,, gmn mo pake... Hadeeehhh;;
A Google user;02/01/2020;2;Isi data kenapa berbau rasis yah? WNI WNI KETURUNAN (CHINESE) WNI KETURUNAN (LAINNYA) WNI KETURUNAN (INDIA) WNA;;
A Google user;22/12/2019;1;Selalu gagal untuk registrasi;;
A Google user;17/12/2019;1;6 bulan kemudian kejadian yg sama berulang. Sudah booking melalui app, mendapat pemberitahuan per telpon jadwal waktu service di reassign ke jam lebih lambat.... What a waste.....;;
A Google user;16/11/2019;2;Tidak dapat registrasi, kendaraan tidak terdaftar;;
A Google user;03/11/2019;1;Tidak bisa registrasi. Muncul notif : cURL error 7: failed to connect to....... Tolong diperbaiki sistem applikasi nya;;
A Google user;31/10/2019;1;Membuatku Terharu...ketika mencoba apps ini. Sangat diluar ekspetasi, baru mau register selalu gagal padahal data udah valid.;;
A Google user;30/10/2019;1;Kemarin ganti oli request engine flush, SA nya ga tau engine flush apa, malah dikasi engine cleaner. Mohon customer dimengerti. SA nya ditraining kalau ga tau engine flush pas ganti oli;;
A Google user;24/10/2019;1;BUTUT! aplikasi tdk bisa booking pdhl sdh pilih bbbrp bengkel n waktu yg kosong. Akhirnya pake sistem jadul, telpon lsg bengkel.;;
A Google user;23/10/2019;1;Susah sekali untuk booking melalui aplikasi ini. Sebaiknya belajar dari aplikasi auto 2000 toyota atau aplikasi honda fatmawati grup, aplikasi mereka jauh lebih oke.;;
A Google user;13/10/2019;1;Aplikasi ini kenapa membutuhkan read storage ya? Tidak ada hubungannya dengan booking dan lain lain;;
A Google user;05/10/2019;2;Mau install tapi ragu musti grant gps, write storage ,read storage , cell phone 😞 tak install aja deh. Manual by phone aja;;
A Google user;03/10/2019;5;Good aplikasi;;
A Google user;27/09/2019;4;Lebih bagus lagi jika dilengkapi dengan history servis.;;
A Google user;28/08/2019;1;Pada saat registrasi d apps, muncul pesan kendaraan tidak ditemukan atau belum terdaftar. Mhn saran nya?;;
A Google user;16/08/2019;1;gak bisa registrasi, katanya kendaraan tidak dikenal atau belum terdaftar, aplikasi yang aneh....;;
A Google user;16/08/2019;1;saya registrasi aja belum bisa, masa keterangannya kendaraan anda belum terdaftar.;;
A Google user;07/08/2019;2;Saya coba booking via phone Honda Pradana Sawangan 12-Agu-2019 jam 10.00 masih bisa, tapi via aplikasi tidak ada slot utk servis di jam tsb. Mohon dikonfigurasi ulang ya. Kalau bisa online dan semua jm slot servis terinfo, kalau berfungsi kan aplikasi ini bisa luar biasa manfaatnya. Saya uninstall deh.;;
A Google user;29/07/2019;1;registrasi ribet;;
A Google user;19/07/2019;1;booking service susah sekali dan di telp pada gak diangkat. Honda kalo belum siap untuk online service, mendingan dipending aja dulu e-care nya dari pada bikin kecewa customer. update : Di honda trio motor banjarbaru.;;
A Google user;16/07/2019;1;lupa password minfa ganti tp tetap ga bisa masuk,paraaahhhh;;
A Google user;13/06/2019;5;good app;;
A Google user;07/06/2019;1;dihapus saja aplikasi nya,percuma hanya buang buang waktu,daripada memberikan harapan sia sia buat costumer .nomor telepon tidak ada yang pernah diangkat.mobil honda saya mogok di jalan malah tidak memberikan solusi,lebih baik langsung cari bengkel pinggir jalan.;;
A Google user;13/05/2019;1;baru register aja gagal. Mobil tidak terdaftar katanya. sampah....;;
A Google user;26/04/2019;5;good appl. first using for booking service and get quick respon from call center for confirmation...;;
A Google user;25/04/2019;5;very good app .sangat membantu bgt! tingkatkan lagi;;
A Google user;11/04/2019;5;jgn lupa share like and subscribe;;
A Google user;10/04/2019;5;booking service jadi lebih mudah;;
A Google user;09/04/2019;5;Good apps Friendly user;;
A Google user;09/04/2019;5;Honda is the best;;
A Google user;09/04/2019;3;Mohon lebih dibenahi karena penggunaan aplikasi lebih diminati. Saya booking utk servis di Honda Nusantara MT Haryono tapi oleh SA tidak connect ke komputernya, wah kalah dong sama pesaingnya yg lbh canggih. Mohon ditambahkan juga riwayat servis utk memudahkan memantau kendaraan dan wa/email utk usul, pertanyaan dan saran. Makasih, semoga makin baik lagi. 😊;;
A Google user;06/04/2019;5;layanan yang bagus;;
A Google user;05/04/2019;1;Tidak bisa add dealer, bagaimana bisa booking?;;
A Google user;31/03/2019;5;booking jadi gampang bgt..;;
A Google user;29/03/2019;5;application that will make booking service easier and helpful.;;
A Google user;28/03/2019;1;mau registrasi tp gagal terus... katanya nomor mesin tidak terdaftar..capek deh;;
A Google user;28/03/2019;1;uninstalled. kebanyakan error nya daripada bener nya. exception error terus. don't bother to install guys.;;
A Google user;28/03/2019;1;sekelas honda bikin apps gini? kalah ama anak2 smk... parah;;
A Google user;16/02/2019;5;good;;
A Google user;13/12/2018;1;Kok kendaraan tdk terdaftar trus ya;;
A Google user;19/09/2018;1;Aktifasi email aja gak pernah sampai emailnya;;
A Google user;15/06/2018;2;Berberap hal yg harus diupdate 1. Honda cakra pangukir salemba tidak masuk ;;
ke dalam booking online 2. Honda autoland kelapa gading mau booking online ;;;;;
"tidak ada satupun jadwal yg tersedia""";;;;;
A Google user;07/06/2018;5;Good app provided by HPM;;
Steven;17/12/2025;5;Easy to use & very helpful for booking service;;
Luqman Hakim;23/03/2024;1;"After attempting to log in, the app goes to request personal data. However, I cant tap on the email address box and if all data is not filled the ""Confirmation"" button is still greyed out. Bottomline the app is not useful";;
Indrateruna Kelana Wijaya;18/08/2020;1;"I booked service on 18/08/20 at 07:30, but until 09:00 the bookint status still ""Tunggu konfirmasi"".Then, I called the workshop 3 times but no one answered. At around 10:15, I called the workshop again, and the officer who received my call said there's no booking on behalf of me. So, I have to make a new booking vis her for the service on the other day. Very disappointed. If you can't give the service via your app, please take the app down from tge Google Store.";;
A Google user;04/02/2020;1;I wish when else gave negative feedback, they will improve the app, unfortunately not yet... book service via app, waiting for confirmation until the next day, then I called, informed it was full...and when called to call centre, they said better via telp or WA...;;
Bobbity Bob Ross;03/07/2025;4;Good interface, easy to use. Sometimes it can be a bit slow but not affecting the usage too much;;
Glandy Immanuel;01/06/2025;1;i cannot click all the menu, please fix this application. this application is helpful, but now is not working. i'm running on android 15, i try use mobile data or wifi still cannot click any menu.;;
Edi Solihin Azman;19/08/2020;1;I'm booking in Padang by pass. Not give good service. He suggested to booking by phone. Delete application or give more training to them;;
Agun Gunardi;05/05/2024;1;I used this application for booking service, but now not working anymore with error message : javasecuritycert something like that.... Sound stinky.....;;
Alvie Syahrin;10/06/2023;5;I hope that every car color in this application can be adjusted to the original color, because my brio turns red, the original is white 😁;;
Reza;20/04/2021;1;Wasting my time playing around with this app. Submitted booking service appointment, waiting for confirmation forever. Wont use this anymore.;;
Sastra Anugraha;11/04/2021;1;Unable to see service record history in Honda e-Care app, need to benchmark Hyundai, I can see my Hyundai car service history, I think Honda is too secretive 😅;;
Mustakim _;23/02/2021;1;Useless apps, i need service histories of my car, I don't need to see my car number detail on that app.;;
Ardy Maulana;07/09/2023;5;Aplikasi nya lumayan bagus, bisa lihat service record mobil & booking service jd lebih mudah..good job!!;;
Super fruit;27/10/2022;1;Booking service slot is not aligned with offline booking. Seems like they are not ready to go online yet.;;
Martin Robinson;10/11/2024;4;Easy to use app but needs an English option.;;
A Google user;26/04/2019;5;good appl. first using for booking service and get quick respon from call center for confirmation...;;
Dody Satrianto;16/05/2023;3;Forced close app after clicking booking service. Fix the bug!;;
A Google user;29/03/2019;5;application that will make booking service easier and helpful.;;
A Google user;28/03/2019;1;uninstalled. kebanyakan error nya daripada bener nya. exception error terus. don't bother to install guys.;;
Hari Saputra;10/10/2021;1;Apps sekelas honda, nambahin data mobil aja gak bisa bisa.. uninstall deh. Dear Honda HQ, please review your apps-vendor and team.;;
Gusti Putu;16/03/2025;3;Server internal sering error, tidak bisa registrasi service mobil;;
HC VLOG;01/06/2025;1;Nge Bug can't Access Menu and Choose car;;
Nicholas Liong;14/04/2022;1;Poor develeloped apps, unable to book for service so whats the point for this apps;;
Danny Kurniawan;21/01/2026;4;Gambar Honda BRV saya tidak ada di menu drop-down My Honda.;;
A Google user;05/10/2019;2;Mau install tapi ragu musti grant gps, write storage ,read storage , cell phone 😞 tak install aja deh. Manual by phone aja;;
Pebri Ananta;29/01/2025;5;Aplication help full to know information detail Car and booking service;;
morning up;13/01/2022;5;Helpful app to do booking service at dealer.;;
Ependi Subeno;27/05/2023;1;Can't work after updated. I can't booking service at the moment. Ridiculous;;
Richard Saptabharata;24/11/2021;5;With or without this app, Honda still number one to buy. Because they care.;;
A Google user;06/02/2020;1;I do not want this apps to get many access to my cellphone.;;
Nick Lo;16/03/2025;1;Crash everytime I try to register a car.;;
cinggo sri;07/12/2020;2;Booking service confirmation respond too slow..;;
Kakael Nakano Saputro;09/11/2024;5;Nice Services and cozy place;;
Slamet Murdiyanto;08/12/2020;5;Usefull...and helpfull..;;
dyah utami;20/10/2020;1;the app is keep stoping and close;;
Zulfahmy;09/07/2023;2;Tidak bisa order Booking Service;;
subhan;28/03/2022;5;Nice, many improve idea next version;;
Dr. Yoyo;25/02/2025;5;Nice easy to use;;
Agus Sekti;02/07/2025;5;menu booking service memudahkan untuk menyesuaikan dg schedule pekerjaan;;
Herlandodi 101261;07/02/2025;5;the best service and maintenance;;
Rudy Susanto;29/12/2022;5;This is useful app for Honda Lover... just grab it 😁👍👍;;
arya yuda;30/10/2020;1;This application is so much bugs, couldnt use this app;;
Juniadi Dwipayana;21/01/2022;1;Force close ketika booking;;
Kelvin Christian;07/09/2020;5;User friendly and great app;;
Eka Taruna;08/01/2025;4;#NAME?;;
Arif Somawijaya;31/05/2025;1;not functioning after logging in;;
Prama Imran;18/10/2021;3;Sebaiknya ditambahkan service history;;
Rifqi Hanif Nandiwardhana;18/01/2022;3;Is it only for car services not motorcycle services?;;
Tjeng Christian;16/05/2023;5;This app help prevent unnecessary que at workshop;;
A Google user;05/04/2019;1;Tidak bisa add dealer, bagaimana bisa booking?;;
Rony Wardhana;23/12/2024;5;easy and registered;;
Sandy;22/12/2024;1;Honda BRV is not avalable in the apps;;
Sony Latuheru;01/02/2025;5;good & fast connection;;
Winny Gunantiani;01/07/2025;5;great apps.. really helpful;;
Robby Koesbiantoro;01/04/2026;5;good service for SA ( Ridwan);;
Triana Dewi;06/03/2025;5;easy to use;;
Gagan Gandara;23/01/2025;5;easy to use;;
Hardi Yono Nusawan;09/05/2021;1;Not helping customer;;
Joko Suprapto;18/01/2025;5;easy to use;;
Erwin Sanz;10/04/2025;1;force to update;;
Real;28/12/2022;2;Suka sign out sendiri;;
A Google user;09/04/2019;5;Good apps Friendly user;;
A Google user;11/04/2019;5;jgn lupa share like and subscribe;;
Fajar Setyawan;07/02/2025;5;Good Job, Honda 👍🏻;;
Kevin Prama;22/11/2020;5;Easy to used👍;;
Vino Rino;26/03/2025;5;nice very helpful;;
Deddy Hutagalung;22/06/2024;4;How to re-schedule???;;
Yudha Hendra Kamal;23/01/2025;5;more better at the next;;
jroe 19;04/03/2025;5;membantu dlm booking service & update info Honda;;
Ramli Rusli;24/08/2025;5;verygood in service;;
Riza;02/06/2025;3;min ngebug di home ga bs booking service hp samsung;;
A Google user;09/04/2019;5;Honda is the best;;
Allen Istalaksana;28/02/2025;5;Honda The Power of Dreams 🔥🏁;;
Hap Man;13/01/2025;5;good app honda;;
Kiki hikmat;18/11/2024;5;so far okay lach;;
felix felicis;20/04/2026;1;jelek dan lamban. loadingnya lamaaa sekali. saya isi booking saja nunggunya sampai 45 menit karena proses loading yg lama. promo juga sedikit. ga banget deh kalau pakai aplikasi honda.;;
Yanuar46;04/05/2026;1;Historynya tidak update dan pesan masuk tidak bisa dibuka, hanya ada notifikasinya aja (5/24/23) Update: setelah kirim email dgn lampiran masalah untuk saat ini history servis terlihat namun tidak seluruhnya, untuk yang per tanggal 28/3/23 blm tampil, terlihat langsung di servis terakhir tanggal 17/5/23. Selain drpd itu untuk note servis (saran servis) juga blm hilang, dgn kondisi saran servis perbaikan trsbt sdh dilakukan, selanjutnya pesan masuk blm terlihat. Per 1/5/2026 tidak bisa login;;
Alan Sarante;18/04/2026;1;lambat sekali, tolong perhatiannya;;
Miftachudin Chakiki;29/12/2025;5;mantapsss;;
Teuku Riyadhsyah;12/08/2025;2;Sering kali ketika di cek sudah dalam posisi terlogout. Biasanya aplikasi terlogout jika ada login tidak berhak pada device lain. Tolong diperbaiki supaya tidak terjadi login yang tidak berhak.;;
Edwan Team;29/06/2025;5;sekarang sudah bagus, bisa lihat service record sebelumnya. semoga makin bagus dan lengkap.;;
Hendro Mongi;01/07/2025;5;best;;
candra yudhatama;27/06/2025;5;mantab. sangat membantu;;
Alwi;24/06/2025;4;ok;;
Tatik Cahya;19/09/2025;5;keren;;
adha isori;05/07/2025;5;Sangat Membantu;;
silva dahono;17/06/2025;5;sip, sudah lancar semua;;
Ahmad Bashori;23/06/2025;5;mantap, bagus;;
trista wijayanti;12/06/2025;5;Tetap pertahankan kinerja baik ini, semua mudah tinggal klik saja;;
Quetz Channel;02/06/2025;5;Akhirnya dibenerin jg app nya. Kemarin sampe install ditablet buat booking service nya.;;
Enny Yunita;11/06/2025;5;mudah mudahan bs lebih baik lagi aplikasinya;;
Inggrid Maya;05/06/2025;5;pelayanan bagus;;
Nevy Nisrina;01/06/2025;3;membantu sih, tapi suka nge freeze, jadi stuck setelah masuk aplikasi, gabisa klik apa apa, dan kejadian kaya gini sering;;
Center klik;02/06/2025;2;Setelah update, menu jadi tidak bisa di klik. Mohon segera perbaharui lagi.;;
Roland Andreas;02/06/2025;2;halaman Beranda tidak ada icon yang dapat diakses.;;
Agustini Mashalim;02/06/2025;5;Memudahkan untuk booking service dll jadi tdk usah melalui telpon lagi, semua lewat ponsel saja;;
Riesca Risnendar;02/06/2025;3;Tidak ada history service yg pernah dilakukan;;
Aryoso Rahmayadi;08/05/2025;5;Aplikasi komprehensif untuk service berkala, bisa untuk booking service dan ada history service nya juga;;
satya yudha;04/05/2025;5;Apps yang membantu untuk booking service sehingga tidak mengantri dan langsung dihandle;;
weihan yao;06/05/2025;5;good service;;
Ryan Hardiyanto;16/05/2025;5;Booking cepat mantap 👍🏻;;
Mochamad Faizal Bachri;22/05/2025;5;👍;;
Pujo Sumantri;25/06/2025;5;booking mudah;;
Himawan Santoso;03/04/2025;1;Aplikasi bodoh. Reservasi tak dikonfirmasi-konfirmasi, tahu-tahu di-cancel.;;
Irsan Y Srigede;20/03/2025;5;appnya sangat bermanfaat dan convenience banget;;
Fery K Century21 Jogja Empire;27/02/2025;3;UI / UX nya masih membingungkan;;
Mirza Walad;22/03/2025;5;ada beberapa Fitur yang tidak bisa digunakan..;;
Munandar Setiawan;22/04/2025;5;good service;;
Tedy Arisandi;01/03/2025;5;good service;;
Alfian Adi Atmaja;23/03/2025;5;Good;;
Eric Sibarani;10/04/2025;5;good;;
Mr. Eman Jepara;09/04/2025;5;pelayanan ramah, bagus.;;
Yusron Surya Pranata;02/04/2025;5;mantap, update dan online;;
Kun H;16/03/2025;5;Membantu..;;
achmad junizar;20/05/2025;5;ok;;
andika restu;08/03/2025;5;mantap;;
Bagus Putra;17/04/2025;5;ok;;
aldi alchamim;08/04/2025;5;ok;;
Trisno Sugiyanto;15/03/2025;5;Ok;;
Fikhy Endriaz;07/04/2025;5;bengkel terbaik;;
Erick Tirtawarsita;02/01/2025;1;Aplikasi ga ada gunanya, emergency juga ga ada fungsi. Cuman buat mobil2 baru aja ini aplikasi. Buat mobil tua jangan berharap banyak. Kalo mau cari nmr kontak honda buka aja google map, lgs dpt posisi paling deket sm kita lengkap sm nmr kontaknya.;;
Irfandi;12/01/2025;1;UI UX sangat buruk, navbar tidak bisa diklik, map harus search exact name. Seperti build pakai template;;
Petronila Jean;15/02/2025;1;Aplikasi tidak bermanfaat sama sekali, dipakai buat booking aja ga bisa.;;
Taufik Ardani;14/01/2025;5;app mudah dipahami, mungkin kasi promo apa voucher diskon biar lebih semangat kalo service.;;
Veronica Devy;17/04/2025;5;good app😊👍;;
budi zan;24/01/2025;5;aplikasi yg sangat membantu bagi pemilik mobil honda;;
Granietooo;27/12/2024;5;good app;;
Ika Rakhmawati Hilal;16/02/2025;5;nice app;;
Indra Rukmana;16/01/2025;1;booking aja lama bgt;;
Teuku Mahendri;26/12/2024;5;good;;
Revorizar 46;24/12/2024;5;good;;
cup 10;09/01/2025;5;excellent;;
Badai Bayu Sasmito;09/01/2025;5;Good;;
Addi Gesang Sentosa;09/02/2025;5;sangat memudahkan..terima kasih;;
Heri Chang;29/01/2025;1;ribet;;
Much Do;25/01/2025;5;Mantaab 👍;;
felicia limantoro;31/12/2024;5;mempermudah proses booking;;
Indri Rakan;14/02/2025;5;mudah;;
Sunarto San;24/12/2024;5;ok;;
vina chandra;17/02/2025;5;ok;;
erik tan;22/01/2025;5;mantap;;
erick ariyanto;01/01/2025;5;ok;;
Suherman suhe;01/02/2025;5;sangat memudahkan;;
Willy adrianus;19/12/2024;1;Staff tidak memberikan solusi.. paketan servis honda juga tidak berlaku terlalu banyak syaratnya;;
Ano Narno;03/12/2024;5;simple, menu jelas, mudah penggunaannya. Tks;;
Andri Harianja;24/11/2024;5;Sangat membantu, khususnya untuk booking service.;;
M. Yani Syafei Kartawinata;03/12/2024;5;good jobs;;
Susanti Koh;29/11/2024;5;good;;
Heri Anggono;25/11/2024;5;aplikasi mudah dan lancar;;
tuti yuliani;07/12/2024;5;layanan ba gus;;
Judi Ridwan Pratama;16/11/2024;5;👍👍;;
mohamad sopian;13/11/2024;5;bermanfaat dan sangat membantu;;
Sahmudin;07/11/2024;3;Tidak ada fitur history services, isinya kosong ....kurang berguna apps ini;;
nafis farabi;03/11/2024;1;Tidak bisa isi tanggal Dan jam booking;;
didakusnovy novy;05/11/2024;5;aplikasi simple yg sangat membantu;;
fatma amalia;10/11/2024;5;terbaikk;;
nandar Junizaf;02/11/2024;5;bagus;;
Bong Arianto;28/10/2024;4;Tolong bagian IT Aplikasi, itu Logo BRV masa blank... Yg lain model aman, cuma BRV Blank;;
Patana Satya;07/10/2024;2;Kenapa sejak kemrn aplikasi tidak bisa running ya, sudah uninstall dan install ulang masih tidak mau masuk ke home... Alias tidak mau running...;;
akhmad fariz;28/07/2024;5;Sangat membantu untuk booking service;;
albert k;05/07/2024;1;Sudah reset password and masukin password Baru. Tapi waktu mau login no hp / passwords Salah. Sudah clear cache delete data. Coba login lagi salah. Sudah di bantu cs di toko 2 bulan lalu and sekarang juga sama kondisinya;;
Rowena Suryobroto;17/06/2024;3;Booking service bermasalah? Kemarin pesannya internal server error. Hari ini saya pilih dealer, tapi tidak bisa lanjut;;
Sulut Sehat;08/06/2024;1;Tanggal booking tidak tersedia padahal mau servis;;
Suluh Prihanto;05/05/2024;3;tidak bisa login aplikasi, keterangan java security not found 🤷🏻;;
syndicate kancil;05/05/2024;1;Habis update malah error;;
Gian Giovani;30/03/2024;2;Hbais update nge crash terus aplikasinya. Parah parah;;
Filipus Adityo;25/03/2024;1;Pembaruan yang banyak bug, entah lokasi dealer, pin, tidak bisa booking service online dll;;
Joshua Christian;03/03/2024;1;Versi terbaru error terus;;
Warno Mts;18/02/2024;5;Setelah di update dengan Honda e-care terharu, jadwal service berikutnya menjadi salah, justeru yang bener yang sebelumnya;;
Paulus Arka Triyoga;07/02/2024;2;Aplikasi tidak bisa digunakan. Baru memasukkan data mobil saja tidak bisa. Sudah memasukkan no rangka dan mesin, tetapi dikatakan salah data;;
Romi H.;24/01/2024;1;Gagal terus ketika upload foto stnk. Sdh restart hp dan reinstall aplikasi;;
Garda Al Haq;09/12/2023;1;Booking service di apps udh dr bbrp minggu lalu untuk jam 8 pagi, sampai bengkel status tidak terdaftar. Jd hrs tunggu lg sampai 8.45;;
Alex Hand;07/11/2023;3;Isi data kendaraan keterangannya, nomer rangka dan nomer mesin tidak cocok. Padahal sesuai buku servis dan bpkb. Knp bisa begitu min?;;
Iwan Sugiarto;03/01/2024;2;Data yg sudah diisi dan disimpan tapi jadi kosong/ salah lagi. Data yg sama diminta lagi bbrp kali.;;
Arief Maulana;21/01/2024;3;Tidak bisa nambah akses kendaraan..di notif hp istri saya nihil..tdk ada notif;;
Rian Septiana;15/12/2023;1;data kendaraan saat ini tidak tersedia. hadeuuhh..;;
Beny Hinadrayanto;22/10/2023;1;"Aplikasi bagus bisa dapat 4-5 bintang tapi diberikan 1 bukan maksud membenci tapi bintang 1 ini diberikan untuk menjadi perhatian, mohon diperbaiki ketika menekan tombol hapus diberikan peringatan dahulu ""Anda yakin akan dihapus"". Setelah ini akan saya buat menjadi bintang 5 kembali.";;
Satya Widhismara;22/10/2023;1;Tidak bisa mendaftarkan mobil karena entah bagaimana sudah terdaftar di akun lain. Ketika disubmit tidak ada pesan / notifikasi berhasil, tab pesan hanya menunjukkan layar kosong;;
Harry Moniaga;09/09/2023;5;Cukup puas selama ini dgn service dari Honda;;
danny febryana;17/09/2023;5;Bermanfaat bagi pengguna mobil Honda;;
Ramdanih;30/08/2023;3;tampilan biasa saja. mesti update dengan UI & UX yang lebih bagus. aplikasi sudah ketinggalan jaman.;;
A Google user;25/08/2023;5;Aplikasi sangat membantu dan mudah sekali dalam membuat Booking service 👍👍;;
Sotoy Kaiba;31/08/2023;1;Gak bisa memasukkan data mobil;;
taufan pradana;28/07/2023;1;Saya kasih bintang satu karena sekarang kalau mau tambah kendaraan selalu muncul notifikasi nomor rangka dan nomor mesin anda tidak cocok, mohon periksa kembali nomor mesin dan nomor rangka anda.. ga berguna aplikasi ini sekarang.. saya juga coba daftar mobil honda lain, namun hasilnya sama tidak bisa...;;
Gabriel Andrew Ng;04/08/2023;5;Useful;;
Ardoto Priyo;26/07/2023;5;Detail 👍;;
Anif RS;07/07/2023;5;Mudah digunakan, sangat mrmbantu..;;
Karin Ax;30/06/2023;1;Mau booking aja susah bener, disuruh nambah permintaan pelanggan tapi bs diklik. Payah banget appsnya. Applikasinya kayak kita mau ke honda buat service gratis aja. Ga beres.;;
Andra Hendria;24/07/2023;5;Cepat responnya sejauh ini,, teknisinya gercep.. untuk harga standar hanya nambah biaya pelayanan saja;;
Mariana Verdy;03/12/2024;5;Pelayanan baik, ramah dan memuaskan;;
Hero;05/06/2023;5;Sudah bisa dibuka, makasih kak;;
Januar Hadi;03/06/2023;3;Nggak singkron catatan servis di bengkel sma di aplikasi ini 😪🥴;;
Chae Ree;31/05/2023;2;Gak bisa book service , ada bug tulisnya;;
Sahri Rahman;27/05/2023;3;Awalnya bisa buat booking service, tapi sekarang gak bisa di buka, tolong di update lagi karna sangat membantu;;
hasan ngui;12/05/2023;5;ok dah. spesifik datanya;;
Donny SW;09/05/2023;5;Bagus;;
Titus Ciputra;02/05/2023;1;Mendadak info kendaraan saya hilang, coba daftar ulang kendaraan tetep tidak bisa.;;
Wibi Bee;20/02/2023;1;coba booking service 1 bulan, dah 2 hari status nya masih tunggu konfirmasi... padahal mau service nya di Indonesia om, bukan di jepang... ya mungkin made in Japan... always slow;;
Mikhayla Georgia;16/03/2023;2;Saya forget password ga bs ktny akun tdk terdaftar :(;;
Wilson Chen;05/02/2023;1;Kenapa tidak bisa mendaftarkan mobil? Disuruh periksa nomor rangka & mesin terus?;;
Nadira Erfira;20/02/2023;4;Good;;
Bayu Segara;08/03/2023;5;Mnrt ane Aplikasi bagus.ada vocernya;;
abi mbes;28/01/2023;5;Pelayanan prima;;
Revi Rosa Indah;27/12/2022;5;Pelayanan baik dan ramah;;
Daffa Adhika Widi Wardhana;27/12/2022;5;Berfungsi dengan baik;;
Lia Novita;07/08/2022;1;Aplikasi useless, CS menyarankan booking lewat aplikasi, jadwal penuh semua hanya tersedia hari Minggu. Saya sdh booking hari Minggu, bengkelnya tutup dan ga ada konfrimasi apa-apa. Kalau dealer ga siap dengan aplikasi, better nggak usah sarankan customer pakai app, buang2 waktu customer namanya.;;
andy rianton;16/04/2022;1;Booking service menggunakan aplikasi ini karena ada voucher. Sudah klaim dan booking via app nya, tapi saat klaim voucher tidak bisa. Ditunjukkan saat service jg katanya error gak muncul voucher nya. Jadi merasa ditipu untuk service di honda nya, mengecewakan.;;
Hansky Kie;15/02/2022;1;Daftarkan kendaraan diminta cek nomor rangka dan mesin kembali terus. Padahal sudah 3 orang bantu pastikan betul. Tetap aja diminta cek ulang nomor rangka dan mesin. Apa gara mobil saya yg daerah FTZ??;;
kak made;21/06/2022;1;Selalu gagal menambah kendaraan. Periksa kembali nomor mesin/rangka. Nampaknya serial database kendaraan belum diupdate dari pihak Honda HPM.;;
Darwin;18/09/2022;1;Aplikasi yang buruk.data kenderaan yang diinput sudah sesuai stnk untuk no rangka dan no mesin malah gk bs ditambahkan.klo aplikasi nya sdh bisa validasi sendiri ngapain srh nasabah input lg no rangka dan mesin.nasabah dah input malah validasi aplikasi diblg salah;;
Alif Fajar Rahman Sidiq;04/03/2022;1;Nambah kendaraan gak bisa !!! Suruh cek no mesin dan rangka, padahal udah bener !!! Apa gara2 mobil CBU ??? Gak guna sama sekali ini apps. !;;
Bayu Januar Rahayu; S.T.;23/03/2022;5;Tidak salah pilih honda (honda kumala karawang) , pelayanan service nya sekarang ramah dan bagus banget , bisa kerja sambil nungguin mobil di service karena ruang tunggunya di design untuk sambil kerja jga di laptop , dan booking service makin praktis(app honda e care) tanpa harus antri tanpa kepastian;
hendra ritonga;03/07/2022;5;Mantap, rekomendasi service dan riwayat pekerjaan lengkap... (kalo service resmi). Kalo nga resmi juga kelihatan... berarti ke service tidak resmi.;;
Prasetyo Aji;03/02/2022;3;Aplikasi force close ketika booking service (updt sdh ada tanggapan via email, blum dicoba);;
Arnoldus George Alexander Palar;27/09/2022;4;Tombol hapus kendaraannya tidak ada confirmation, kalau tidak sengaja ke-tap, kendaraan langsung kehapus;;
JS Permana;06/05/2022;1;Tidak bisa registrasi. Poor development;;
Rendy Pratama;22/09/2022;5;Aplikasinya mantap, pas dateng sesuai dengan schedule yang di tentukan, pelayanan seperti vip, terimakasih honda;;
Iman Lusion;02/10/2022;4;Sejauh ini cukup baik dengan data history terintegrasi;;
Yopi Suwanto;12/03/2022;1;Muncul error saat registrasi;;
Djoko Nurtjahjo;30/08/2022;5;Keren ... bisa liat histori service;;
Diajeng Putri Anggraini;01/10/2022;1;Useless;;
Bagus P;30/11/2022;5;Sangat terbantu dengan aplikasi ini;;
Zack Mokhid HIMALAYA Official;22/11/2022;5;Oke;;
Mang Darman;04/10/2022;5;Sangat Bermanfaat;;
legowo putro;26/01/2022;4;Habis update terakhir malah tidak bisa dibuka appsnya;;
Jimmy sudiro;26/01/2022;1;app error tdk bisa dibuka ????;;
Arya Pradana;08/01/2022;2;Tidak bisa booking servis. Sudaj mengisi semua data, klik simpan tapi balik ke menu utama.;;
yochan yochan;22/12/2021;1;Minta kode AKTIVASI tdk prnah dikirim. Folder spam & inbox kosong. Gimana mau login. 😪 Semoga honda segera hire ahli IT yg baru.;;
Aditya Andika;07/10/2021;1;Ga bisa update tambah kendaraan. Udah klik simpan ga bisa. Tampilan voucher kosong sama sekali pdhl saya mau ganti recall fuel pump;;
Andri Setiawan;06/10/2021;1;Tidak Bisa Menambahkan kendaraan, otomatis tidak bisa booking service.. aplikasi jadi tidak bisa digunakan.. honda kenapa tidak sync data di bengkel dan di apps, tiap ganti bengkel selalu daftar lagi.. kalah sama sebelah;;
Ben Dahyar;18/08/2021;1;Bangke lah aplikasi kalian. Kalian batalkan konfirmasi booking service saya saat tengah malam. Aplikasi tak guna. Menuh-menuhin handphone aja;;
SAGA pictures;14/12/2021;1;Login tidak bisa karena alamat e-mail tidak valid Daftar dg alamat email yg sama tidak bisa karena katanya sudah digunakan Ganti pasword tidak bisa diproses karena tidak ada tombol lanjut setelah menginput alamat email;;
afriza tela kurnia;10/07/2021;1;Tidak bisa complain Pada apliskasi, saya booking dan voucher pergantian fuel pump yg tidak di pakai saat service tetap hilang terpakai;;
Teten Sutendi;15/07/2021;3;Untuk booking servis bisa berjalan baik. Tapi akan lebih berguna aplikasinya jika user bisa melihat history servis dan pengingat jadwal servis berikutnya beserta estimasi biaya servisnya;;
Lucky Switch;04/07/2021;3;Aplikasi nya ditambahkan fitur Chat yg bisa jadi platfrom tanya jawab antara pengguna kendaraan dengan Honda, akan sangat bermanfaat bagi pengguna dan menjadikan service Honda lebih baik lagi pada pelanggan setianya.;;
Welly Hartanto;08/09/2021;4;So far ga ada masalah, mungkin bisa ditambah informasi mengenai histori perawatan kendaraan supaya customer bisa recheck apakah kendaraan udah saatnya perawatan;;
Aditya Indrawanto;27/09/2021;1;Baru juga install, registrasi..kode aktivasinya ga masuk2. Uninstall ajah;;
Elizabeth Sandra;28/12/2021;1;"Kode aktivasi ngga masuk ke email, walau sdh berkali"" di klik ulang";;
van klompen;25/10/2021;4;Saya booking service di Honda Tugu Yogya, sudah bbrapa jam gak di konfirm Min. Dah hampir jam nya;;
agung satria;23/09/2021;1;Masa Kendaraan CBU tidak ada dalam daftar. Payah;;
Yohanes Sulaiman;12/10/2021;1;Kata dealer aplikasi sampah. Voucher tak berguna.;;
Robby Manurung;11/12/2021;3;Email kode aktivasi ditunggu lama blm terkirim juga;;
Layla Fadhila;03/09/2021;1;App yang sangat tidak berfungsi dan sangat tidak berguna;;
Muhammad Ibnu Rabbani;14/12/2021;4;Akhirnya di konfirmasi;;
Aliandy Cherdy;20/12/2021;5;Manntappp;;
Alfanendya Safudi;05/06/2021;1;Kenapa cari lokasi dealer harus pakai map? Ini world map pula, siapa yg mau servis di Africa? Kenapa nggak pakai drop down list? Nggak user friendly.;;
indra wijaya;12/05/2021;3;Ga jadi pake, request permissionnya aneh, hanya untuk booking service masa kudu kasih info yg cukup sensitif? Maybe next time...;;
Ria angraini;25/02/2021;1;Tidak bisa booking Kendaraan sudah terdaftar tapi tidak bisa pilih. Sudah 6bulan masi ngaco. Feb 2021 App bodong Booking tetap manual.;;
Mario Wang;07/05/2021;1;Request lupa password tidak bisa. Sudah masukan email yang terdaftar dan benar. Email untuk reset passwordnya tidak pernah sampai;;
Yuliana Lee;23/03/2021;1;Tidak bisa nambah kendaraan, pas awal registrasi juga tidak dimintain isi nomor rangka dan mesin, mau booking ga bisa karna lom isi nomor tsb;;
rendy yusman;01/03/2021;3;Sebaiknya ad history perawatan berkala di honda dan estimasi biaya perawatan berkala;;
Muhammad Firdaus;18/04/2021;1;sama sekali tidak bisa membantu pengecekan riwayat perawatan;;
achmad hidayah;29/03/2021;5;Ok;;
Aditya J Sunandi;18/06/2021;5;Ok;;
Suparman Muliyadi;22/12/2020;1;daftar mobil sendiri berulang kali kaga berhasil, sampai hapal nomor rangka dan nomor mesin luar kepala. Aplikasi lambat , SQA harus bener2 proven sebelum release ke public. sangat mengecewakan;;
Leonardo Caesar;10/12/2020;1;Saya sdh booking dan dtg servis sesuai dg booking. Bbrp hari kemudian muncul notifikasi bookingan anda dibatalkan. Berarti ga sinkron donk aplikasi dan dealernya. Aplikasi ga guna percuma ada di playstore;;
Jony Lim;27/01/2021;3;Booking service via app ini kayak buang2 waktu. Ga dikonfirmasi jadi auto batal. Ini jg ga ada reminder service berkala? Yg paling penting gini masa ga ada?;;
Alexander Huang;10/12/2020;1;Booking service lewat aplikasi jadwalnya tidak sesuai dengan jadwal dealer, di aplikasi jadwal tersedia tetapi belum tentu di delaer tersedia, proses konfirmasinya belum otomatis, booking online disini sifatnya hanya memberikan pesan ke dealer untuk jadwal booking, untuk kepastian jadwalnya dealer yang tentukan, bukan aplikasi ini, jadi menurut saya buang waktu untuk melakukan booking service lewat aplikasi.;;
Harry Kurniawan;29/01/2021;4;Sudah mendingan dibanding versi sebelumnya, namun belum dipakai untuk booking;;
Andrian Soelistiyo;31/01/2021;1;Aplikasi sampah, register aja gak bisa hahaha;;
bahid gunawan;19/01/2021;2;Aplikasi setengah jadi, bugs...;;
Panji Kusuma;03/10/2020;1;Pilihan paket service ga sesuai saat ke dealer. Harganya lebih mahal.. ternyata cm bahasa marketing mulai dari.... selisih harganya jauh bgt..;;
David C;28/10/2020;1;Baru mau bikin akun. Udah nge crash, buka lagi, crash lagi. Udah pernah di beta test atau belum sih?;;
Revan Hernandy;13/10/2020;5;Sangat memudahkan untuk booking online untuk service, dan konfirmasi dealer sangat cepat;;
Stevannus Julio;07/09/2020;5;Mantep nih booking jd gampang dan ada pilihan waktunya 👍;;
Davin Hermanto;07/09/2020;5;Good Apps;;
Iqbal Raihan;08/11/2020;1;Gabisa login;;
A Google user;17/12/2019;1;6 bulan kemudian kejadian yg sama berulang. Sudah booking melalui app, mendapat pemberitahuan per telpon jadwal waktu service di reassign ke jam lebih lambat.... What a waste.....;;
A Google user;07/08/2019;2;Saya coba booking via phone Honda Pradana Sawangan 12-Agu-2019 jam 10.00 masih bisa, tapi via aplikasi tidak ada slot utk servis di jam tsb. Mohon dikonfigurasi ulang ya. Kalau bisa online dan semua jm slot servis terinfo, kalau berfungsi kan aplikasi ini bisa luar biasa manfaatnya. Saya uninstall deh.;;
A Google user;19/07/2019;1;booking service susah sekali dan di telp pada gak diangkat. Honda kalo belum siap untuk online service, mendingan dipending aja dulu e-care nya dari pada bikin kecewa customer. update : Di honda trio motor banjarbaru.;;
A Google user;09/04/2019;3;Mohon lebih dibenahi karena penggunaan aplikasi lebih diminati. Saya booking utk servis di Honda Nusantara MT Haryono tapi oleh SA tidak connect ke komputernya, wah kalah dong sama pesaingnya yg lbh canggih. Mohon ditambahkan juga riwayat servis utk memudahkan memantau kendaraan dan wa/email utk usul, pertanyaan dan saran. Makasih, semoga makin baik lagi. 😊;;
A Google user;31/10/2019;1;Membuatku Terharu...ketika mencoba apps ini. Sangat diluar ekspetasi, baru mau register selalu gagal padahal data udah valid.;;
A Google user;29/02/2020;1;Kejadian hari ini tgl 29 feb 2020 di Honda Soekarno Hatta Pekanbaru, sudah 1 minggu sebelum nya di booking, eh pas hari H nya di bilang staff adm service tidak terdaftar 🤐 ..... not recomended to install;;
A Google user;03/11/2019;1;Tidak bisa registrasi. Muncul notif : cURL error 7: failed to connect to....... Tolong diperbaiki sistem applikasi nya;;
A Google user;24/10/2019;1;BUTUT! aplikasi tdk bisa booking pdhl sdh pilih bbbrp bengkel n waktu yg kosong. Akhirnya pake sistem jadul, telpon lsg bengkel.;;
jtjahyono;19/05/2020;1;Aplikasi ini terlalu banyak meminta izin permission sementara itu aplikasi ini tidak mendeklarasikan syarat dan ketentuan dan kebijakan privasi. Padahal waktu register diminta mencontreng persetujuan syarat dan ketentuan dan kebijakan privasi. Uninstal !!!!!!!!;;
A Google user;30/10/2019;1;Kemarin ganti oli request engine flush, SA nya ga tau engine flush apa, malah dikasi engine cleaner. Mohon customer dimengerti. SA nya ditraining kalau ga tau engine flush pas ganti oli;;
A Google user;23/10/2019;1;Susah sekali untuk booking melalui aplikasi ini. Sebaiknya belajar dari aplikasi auto 2000 toyota atau aplikasi honda fatmawati grup, aplikasi mereka jauh lebih oke.;;
A Google user;07/06/2019;1;dihapus saja aplikasi nya,percuma hanya buang buang waktu,daripada memberikan harapan sia sia buat costumer .nomor telepon tidak ada yang pernah diangkat.mobil honda saya mogok di jalan malah tidak memberikan solusi,lebih baik langsung cari bengkel pinggir jalan.;;
A Google user;14/03/2020;1;Perlu banyak perbaikan, integrasi dengan semua bengkel honda. Masak iya, sudah klik disini, masih harus telpon juga.;;
Mining Mine;20/07/2020;1;Aplikasinya belum siap ya. Booking service smua ga bisa. Uninstall saja deh.;;
A Google user;28/08/2019;1;Pada saat registrasi d apps, muncul pesan kendaraan tidak ditemukan atau belum terdaftar. Mhn saran nya?;;
A Google user;28/03/2019;1;sekelas honda bikin apps gini? kalah ama anak2 smk... parah;;
A Google user;16/08/2019;1;gak bisa registrasi, katanya kendaraan tidak dikenal atau belum terdaftar, aplikasi yang aneh....;;
A Google user;13/05/2019;1;baru register aja gagal. Mobil tidak terdaftar katanya. sampah....;;
A Google user;28/03/2019;1;mau registrasi tp gagal terus... katanya nomor mesin tidak terdaftar..capek deh;;
A Google user;13/10/2019;1;Aplikasi ini kenapa membutuhkan read storage ya? Tidak ada hubungannya dengan booking dan lain lain;;
A Google user;25/04/2019;5;very good app .sangat membantu bgt! tingkatkan lagi;;
A Google user;02/01/2020;2;Isi data kenapa berbau rasis yah? WNI WNI KETURUNAN (CHINESE) WNI KETURUNAN (LAINNYA) WNI KETURUNAN (INDIA) WNA;;
Luthfi Ridho;04/08/2020;1;Setiap mau booking service harus masukan nomor rangka dan nomor mesin mobil yang sama;;
A Google user;16/08/2019;1;saya registrasi aja belum bisa, masa keterangannya kendaraan anda belum terdaftar.;;
A Google user;16/07/2019;1;lupa password minfa ganti tp tetap ga bisa masuk,paraaahhhh;;
A Google user;15/01/2020;2;Mo registrasi aja gagal,, mobil tidak terdaftar,, gmn mo pake... Hadeeehhh;;
Sudiono Pui;15/07/2020;1;Saya tidak bisa registrasi karena tidal terdaftar? Mhn arahannya;;
A Google user;27/09/2019;4;Lebih bagus lagi jika dilengkapi dengan history servis.;;
Alpha;03/07/2020;1;Mau booking service semua tidak tersedia;;
Giovano Rachmat;19/07/2020;5;Buat booking dan mantau lebih enak. membantu;;
Yana Cahyana;20/08/2020;2;Update profil tidak bisa save;;
Kevin Valentino;04/08/2020;1;Server nya lemot.;;
A Google user;13/06/2019;5;good app;;
A Google user;03/10/2019;5;Good aplikasi;;
Alland Duvry;16/07/2020;1;App tidak bisa diaktivasi;;
A Google user;19/01/2020;1;Error;;
A Google user;31/03/2019;5;booking jadi gampang bgt..;;
A Google user;10/04/2019;5;booking service jadi lebih mudah;;
Matthew Dio;23/07/2020;1;Parah sekali;;
A Google user;08/03/2020;4;Lambat;;
A Google user;06/04/2019;5;layanan yang bagus;;
A Google user;13/12/2018;1;Kok kendaraan tdk terdaftar trus ya;;
A Google user;16/02/2019;5;good;;
Iwa santoso;20/10/2022;5;Mantapp honda ecare;;
A Google user;15/06/2018;2;Berberap hal yg harus diupdate 1. Honda cakra pangukir salemba tidak masuk ;;
ke dalam booking online 2. Honda autoland kelapa gading mau booking online ;;;;;
"tidak ada satupun jadwal yg tersedia""";;;;;
A Google user;19/09/2018;1;Aktifasi email aja gak pernah sampai emailnya;;
Agung Wahyu Wibowo;30/05/2025;2;"Saran saya, minta kontak teknisi nya. Pengalaman pribadi, di saat darurat, dari aplikasi lama status ""mencari teknisi"", dihubungi CS berjam-jam setelah membuat permintaan hanya diminta untuk membatalkan permintaan dan diminta membuat ulang pada hari lainnya. Untungnya punya kontak teknisi, jadi teratasi. Walaupun sangat telat dan tidak memberi solusi, setidaknya ada tanggapan sih dari CS nya.";;
I Gede Bayu Bege;12/03/2024;1;Liat saja banyak bintang satu, sudah sangat merepresentasikan kualitas app nya. Mau daftar aja ribet, kopas kode verif salah, di ketik manual salah, situ yang ngirim, situ yang bilang kodenya salah. Maunya apa....;;
Hefi Hendri;16/11/2023;1;Ini aplikasi bobrok. Dulu pernah gunakan awal beli Honda. Ketika sing in lg setelah sekian tahun tidak, malah nama profil, no HP sdh milik org lain. Padahal emailnya gunakan email saya;;
Zaenal Mutaqien;28/07/2020;1;Seharusnya setiap field (picklist atau bukan) defaultnya blank dulu, bukan otomatis ngisi. Hal ini kalau user tdk melakukan update jd data yg salah (data sampah);;
Rayhan Ramadhan;16/04/2023;1;Appointment booking online, onsite, whatsapp dan telfon tidak real time integrasi. Booking online saya di cancel dengan alasan kurang jelas.;;
Budiyana Budi;25/05/2022;1;"Default kolom agamanya ""Katolik"" bikin sentimen ini team IT nya.. Bagus kosongkan saja, apa urusannya service mobil sama agama..";;
bayu sudarmantov;07/04/2023;3;"Saya instal Dan berhasil login, setalah saya masukan nomor mesin dll, lalu muncul notification ""mohon Menunggu persetujuan akses Dari pemilik lama"" Padahal saya beli baru lho... Solusinya gimana ya";;
Abdul Khaliq;19/12/2022;3;Saya kesulitan melihat history, sudah ikut petunjuk dari Honda untuk refresh, ternyata tetap historynya salah. Saya service di Batulicin, tertulis di Balikpapan.;;
Erwin Tri Su;24/09/2023;1;Sepertinya aplikasi ini hanya diperuntukkan bagi mobil honda keluaran terbaru ya? saya coba input mobil keluaran lama yang ada notifikasi nomer mesin dan nomer rangka tidak sesuai terus;;
winarso ns;14/03/2024;1;Aplikasi buat rubah profile aja gak bisa, sudah diisi email tetep error dan yg sudah diisi balik ke default lagi;;
it's me;15/01/2024;4;Setelah sy memberikan review langsung ada telpon dari CS dan mendapatkan solusi, tapi pemesanan service dikonfirmasi oleh pihak aplikasi ini, jadi order service melalui apps masih belum berhasil saat itu. Semoga berikutnya udah gak bermasalah lagi;;
Jatmika Rico;22/08/2021;1;Baru sekali booking kemudian tidak jadi datang. Setelah itu tidak bisa booking lagi dengan alasan kendaraan ini sudah digunakan untuk booking dengan kode xxx.;;
Bobby Irwanza;16/05/2024;1;Pas mau tambah kendaraan, disuruh masukkin tanggal berakhir STNK. Tapi tanggalnya ga bisa di tap. Kalo ga disii ga bisa lanjutin;;
Ellya Widjaja;19/04/2026;1;masuk ke app susah, tidak user friendly, tidak bisa dipakai appnya. tolong diperbaiki, nge bug parah.;;
Andi Asmara;19/04/2026;1;tolong perbaiki app nya, sudah instal ulang, tetap tidak bisa di lanjutkan untuk order service. tks;;
Nces 2606;24/12/2022;1;Jelek sekali..saya sudah booking dan datang ke honda..tidak ada kode booking saya..kejadian ini sudag 2x;;
Andry Prianto;03/05/2020;1;Sekelas Honda aplikasi mobile sangat jelek dibandingkan kompetitor. Mungkin yg bikin anak magang di HPM;;
Vicky Cheka;14/10/2020;1;Kenapa di bagian kewarganegaraan harus ada Pilihan Warga Negara Keturunan ya? Aplikasi sampah!!!;;
Lita S;20/05/2022;1;Tdk berhasil memulihan username krn lupa password. Sejak install pertama kali juga gagal akses;;
william;09/11/2020;1;Agak gk berguna appnya. Mau add mobil buat booking service aja gk bisa;;
Trayudi Darma;30/12/2020;2;Gak ada record service nya ya ? Seperti merk tetangga ada menu record service or penggantian part yg telah dilakukan;;
Kuswo Wahyono;04/09/2022;2;Apliksasi sukar dipakai, hati² dng data pribadi, aplikasi tampaknya kurang aman;;
Budianto;25/07/2020;1;Minta customer install. Tapi tidak bisa dipakai.;;
Muhammad Nurrahman;26/01/2022;1;baru download, dibuka aja g bisa;;
Ahmad Syahda Fuadi;19/08/2023;2;Booking servis tapi ga masuk antrian booking..;;
A Google user;16/11/2019;2;Tidak dapat registrasi, kendaraan tidak terdaftar;;
A Google user;07/06/2018;5;Good app provided by HPM;;
R R;16/12/2024;2;masih perlu banyak peningkatan fitur;;
A Google user;22/12/2019;1;Selalu gagal untuk registrasi;;
alex Ferdian;04/11/2024;5;ok banget . pelayanannya;;
Nurdiansah Dwi Sulistiawan;13/10/2020;5;Booking jadi gampang ya;;
dany sie;14/12/2021;1;Aplikasi kolot;;
A Google user;29/07/2019;1;registrasi ribet;;
Chalidin Abubakar;14/01/2023;5;Sangat berguna;;
hari yanto;21/02/2023;5;Mamtap lah;;
obral Tas;18/04/2026;1;aplikasi error, tulisannya handshake failed, di android 9;;
Rochman Wijayanti;14/04/2026;5;okey;;
Mr 13;14/04/2026;1;sering error aplikasinya;;
zero enternity;13/04/2026;2;app membantu dan mempermudah customer .mau dikasih *7 ga ada, saya kisih ** dulu, app Honde e care loadingnya ngesot;;
Lukman Hakim;28/03/2026;5;good;;
Kartidie. E;25/03/2026;4;bagus dan bagus;;
IBenk Suyudi;18/03/2026;3;aplikasi nya eror yakk;;
Ki Suwandi;18/03/2026;5;sangat membantu;;
Farrij Odie;10/03/2026;1;"aplikasi tidak berfungsi dengan kendala ""tidak ada jaringan"" padahal koneksi internet baik wifi maupun seluler tidak ada kendala";;
Fadli Rahman;09/03/2026;5;aplikasihnya bgus;;
Yandri Gen;07/03/2026;5;Pelayanan dan informasi sangat baik;;
Didin Suhayadi;05/03/2026;5;puas bgt lah;;
joko sulistomo;05/03/2026;2;tgl 3-3-26 selasa kmrn servis tapi history belum nambah yg baru lemot amad nih aplikasi;;
A; Roy;03/03/2026;5;awesome;
Feri Sudirman;28/02/2026;5;pelayanan bagus terutama pak Budi selles nya cara marketingnya keren;;
Galih putra;30/01/2026;1;aplikasi tidak berguna, login berulang kali tidak bisa.;;
Ahmed Setiawan;19/01/2026;5;ok;;
Yoesuf;17/01/2026;5;ok;;
Galih Afrianto;07/01/2026;5;sangat sangat memuaskan;;
Muhammad Choiri;05/01/2026;5;Sangat baik pelayanannya;;
Atep syahreja official;02/01/2026;5;pelayanan nya luar biasa bagus banget;;
Rudi Salam;31/12/2025;4;aplikasinya sangat membantu konsumen seperti saya;;
Robet Sianturi;31/12/2025;5;Pelayanan sangat baik dan informasi yang di berikan sangat memuaskan;;
Armi Hindratno;30/12/2025;4;pelayanan bagus,Zachsaid4 welcome..komunikatif..;;
Muhamad Indra;30/12/2025;5;aplikasi ini bagus cepat dan cara menanggapi nya bagus;;
Imam Ahmad;29/12/2025;5;pelayanan bagus;;
Nunung Sukaeti;29/12/2025;5;pelayanan baik dan ramah;;
Kusuma Ulin;29/12/2025;5;customer service bengkel sangat membantu, ramah dan byk kasih inpit baik ttg kondisi kendaraan kita. trima kasih;;
Jeka Putra;23/12/2025;5;pelayanannya ramah,ruang tunggunya dan menu yg tersedia mantap dan pastinya gratis snacknya. pokoknya puas;;
Mamur Deden;22/12/2025;5;pelayanan mwmuaskan;;
tar toe;20/12/2025;2;satu slot jam booking bisa diisi lebih dari satu mobil...antre2 juga tidak ada bedanya dengan tanpa booking untuk honda bintaro tolong dibenahi;;
Muhammad Zaini;19/12/2025;5;terbaik;;
ofiq fauzi ridwan;16/12/2025;5;bagus nih cs honda pelayanannya;;
Tega Wiratama;15/12/2025;5;aplikasi nya sangat membantu;;
rendy juna;12/12/2025;1;gagal terus, udh scan barcode udh data d nopol bener tetep aja salah pdhl kan ini motor data y bener d STNK;;
Limeria Sangga;08/12/2025;5;oke;;
zahidi kamaluddin;06/12/2025;5;pelayanan penjelasan cukup jelas , ramah dan menunggu sambil minum kopi.terimakasih.;;
Lindu Purnomo;01/12/2025;5;memuaskan;;
Fransisca Cas;18/11/2025;5;Pelayanan nya ramah dan bagus mengerjakan nya..;;
anna Nuraena;06/11/2025;5;pelayanannya bagus, sangat memuaskan👍;;
Dufia galon Dufia;04/11/2025;5;pelayanan nya sangat bagus,sales nya jg baik;;
sulis handoko;03/11/2025;5;bagus;;
Edi Nadia;30/10/2025;5;terima kasih;;
Rifka Argandini;29/10/2025;5;Baik, pelayanan bagus;;
Reza Aprianto;23/10/2025;5;bagus;;
Muh Taqwa;09/10/2025;1;Nopol tidak sesuai dengan data sebelumnya, berubah sendiri, di update tidak bisa;;
ALBERKO;07/10/2025;5;memuaskan;;
zainal jo;07/10/2025;5;sangat baik ,...;;
Heru Widodo;07/10/2025;5;penyampaian informasi mudah di mengerti, ramah dan nyaman.;;
elfridagusti gultom;05/10/2025;5;good service;;
Ani lim;01/10/2025;5;sangat bagus pelayanannya;;
Widi Fafa;22/09/2025;5;Honda magelang, Pelayanan service berkala ok, selalu mengingatkan customer dan melayani customer dengan baik, mantap honda tunas jaya magelang;;
jang fjr;13/09/2025;5;ramah2x smuanya ruang tunggunya nyaman skali;;
Aries7an;17/08/2025;5;Aplikasi cukup membantu proses service;;
Dafan Andriansyah;15/08/2025;1;gabisa masukin data kendaraan. ngebug trus force close;;
Doni Kurniawan;15/08/2025;1;habis di uptade , tidak bisa boking servis data2 ilang semua udh dimasukin ulang tetep g bisaa;;
Arjat Waiswa;12/08/2025;5;Cukup membantu;;
Dedi Supandi;10/08/2025;5;membantu;;
Sandi Kurniawan;28/07/2025;5;good;;
nani rosianingsih;26/07/2025;4;bermanfaat, tidak perlu ribet, tinggal catat semua keluhan ,pilih jam service beres;;
Dema Wikatama;15/07/2025;5;good app, easy to our car maintenance booked.;;
Adi Nugroho;14/07/2025;5;teknisinya ramah dan komunikatif dalam melakukan tugasnya,serta ruang tunggunya nyaman jaga terus kualitas pelayanan.;;
Kunto Aji;13/07/2025;5;aplikasi jelas membantu;;
Mas Bro;12/07/2025;5;layanan baik;;
Anton Lirpa;09/07/2025;5;sangat puas,dgn pelayananya.👍👍👍;;
Tody F;08/07/2025;4;praktis;;
Fatha Rachmana;08/07/2025;5;Bagus;;
Nasrum P2tl;08/07/2025;5;Sangat membantu untuk layanan service;;
Kusmulyadi Yadi;08/07/2025;5;mantap;;
Khairuddin;08/07/2025;5;Mantap;;
Muhammad Farikhin;07/07/2025;4;lumayan ok;;
Nasril Afriandy;07/07/2025;5;keren;;
Abam Sudrajat;07/07/2025;4;area untuk penulisan, penjelasan permasalahan, sangat terbatas. tambahkan jumlah kata yang bisa ditampung! misalnya maksimal 500 atau 700 huruf!;;
Wawan Gernawan;07/07/2025;5;mantap trus ya honda makassar indah;;
Trimana Trimana;06/07/2025;5;responsif;;
EMY CORINA;04/07/2025;5;puas;;
ning seputro;03/07/2025;5;pelayanannya sangat memuaskan;;
Echa Okdinata;03/07/2025;5;bagus;;
kartika dewi;03/07/2025;5;sangat efisien;;
Eka Cerya panca karsa;02/07/2025;5;mantap;;
soe onedy;02/07/2025;5;ok;;
muhammad jamil;01/07/2025;5;biasanya di Honda Union kini beralih ke Honda Bin tang Cimone;;
Andre Ferdian;01/07/2025;2;Pelayanan di Gajah Motor Bypass Padang kurang bagus, saya booking via aplikasi jam 08.30 padahal saya sudah standby sebelum jam 08.30 tetapi jam 08.45 baru dilayani, kalau karyawan Customer Service masuk jam 08.30 kenapa terima layanan service sebelum jam 08.30 ada, kan Customer jadi menunggu cukup lama untuk dilayani..;;
liberti siahaan;01/07/2025;3;Pelayanan memuaskan;;
Arif Hidayat;29/06/2025;5;ok;;
wahid efendi;27/06/2025;5;good;;
R Han;27/06/2025;4;ok;;
zaenal arifin;27/06/2025;5;good aplikasi;;
Komandan Crowns;25/06/2025;2;habis upgrade sering lelet;;
Sekarningsih aksa;24/06/2025;5;pelayanan baik;;
Amir Samsung;24/06/2025;5;pelayanan baik;;
Tri Pratiwi;24/06/2025;1;tidak bisa mendaftarkan mobil padahal sudah di coba berulang kali;;
Harmoko Studio;23/06/2025;5;membantu;;
Azalea Umaiza;23/06/2025;4;bagus;;
iwan jtk;23/06/2025;5;mantap praktis;;
Hms Team;23/06/2025;5;aplikasi bagus;;
noor ichsan;22/06/2025;5;adanya app ini memudahkan saya booking;;
Achmad Bustomi;22/06/2025;4;praktis;;
Yoga Asprila;20/06/2025;5;good;;
heru santoso;19/06/2025;5;layanan prima dan memuaskan;;
Milfa Yetti;17/06/2025;5;sangat baik;;
Setyawan ahmad;16/06/2025;5;good;;
eko kustiyanto;16/06/2025;5;sangat membantu customer;;
Soegiyanto Soelaiman;14/06/2025;5;Booking Service lewat Honda e-care nya sangat membantu sekali.;;
Arrayan Arrahahman;12/06/2025;5;Perfect;;
Gunawan Varta Adrian;11/06/2025;5;ok;;
Nanu Rudiyana Official;11/06/2025;5;Respon cepat, pengerjaan cepat dan sesuai;;
Pepen Ependi;10/06/2025;5;service berkala di Honda paling mantap;;
Victor Immanuel;09/06/2025;5;Pelayanan yang selalu memuaskan;;
Albar El Fajry;09/06/2025;5;memudahkan dalam booking service 😁👍;;
Bob Yanto;09/06/2025;5;Bagus;;
pancer lumbantoruan;08/06/2025;5;pelayanannya mantap;;
elpina Simanjuntak;07/06/2025;5;Honda Prima Harapan Indah pokoknya keren dan bagus bisa dipercaya🙏;;
turyanto 81;07/06/2025;5;mudah dan cepat;;
Tri M;05/06/2025;5;ok;;
ini iqbal;05/06/2025;5;sangat membantu aplikasi. sukses honda. masukan perbaikannya agar ditindaklanjuti;;
Indra Iriandi;05/06/2025;5;bagus;;
Garin Hendro;04/06/2025;5;pelayanan yg ramah , & serfis yg memuaskan;;
Santo Zen;03/06/2025;5;memudahkan booking service;;
MJ PRASETIO;03/06/2025;5;oke banget;;
HIDAYATULLAH AMK;02/06/2025;2;hbis update, menu tdk bisa klik apa²;;
Putu Kresna;02/06/2025;3;layar halaman utama tidak merespon ketika dipencet;;
Agung Praka;02/06/2025;5;ok pelayanan ny;;
Kasmudji Suprijanto;01/06/2025;5;Aplikasi nya mudah dan sederhana serta applicable....;;
Soekarno Hatta;30/05/2025;5;Aplikasi Mantap;;
florentina merry;30/05/2025;5;ok;;
Dedi Ramadhana;30/05/2025;3;menu aplikasinya tdk bisa d sentuh...;;
Lia Dahlia;29/05/2025;5;aplikasi ini sngat membantu;;
Edie Yang;29/05/2025;5;tanggal 27 update tiba2 pilihan dalam aplikasi tidak bisa di klik seperti booking,iklan dan voucher... namun ketika logout iklan bisa di klik...;;
Lexi Tular;29/05/2025;5;keren;;
Ririn Rahayu lestari;28/05/2025;5;semoga selalu terdepan dan amanah deker Honda Ahmad yani;;
sulistyo s;28/05/2025;5;mantap sangat membantu praktis booking service;;
Cepi BKK SMK Tri Mitra;28/05/2025;5;good;;
sukma pt;27/05/2025;5;Tempatnya nyaman;;
roza edison;27/05/2025;5;Terimakasih;;
Sumarsono PLN;27/05/2025;5;mudah dan menarik tampilannya;;
Muhammad Rozali;26/05/2025;5;Good Services;;
afdal wirakusuma;24/05/2025;5;sangat membantu;;
alex jhon;24/05/2025;5;bagus, informasi lengkap;;
Galih Surahamdani;23/05/2025;5;bagus pelayanan nya;;
alfan dikhwan;22/05/2025;5;Pelayanannya bagus;;
rikki saing saing;21/05/2025;5;pelayanan baik;;
akmal mulia;21/05/2025;5;aplikasinya sangat membantu;;
Yeyentimalla Edison;21/05/2025;5;Honda e-Care amat memudahkan booking servis. Keren!;;
Emile Parapat;21/05/2025;5;mudah navigasinya. sangat memudahkan;;
Djati asromo;21/05/2025;5;APROVE;;
Koes Rhiada;21/05/2025;5;👍👍👍👍👍;;
Terang Bersinar;19/05/2025;5;Sangat membantu sekali dengan adanya aplikasi ini.;;
Jannes Jans;19/05/2025;5;service di Honda IBRM cimahi luar biasa pelayanannya..;;
Yayan Prasetiyo;19/05/2025;5;pelayanan Bagus;;
Suddradjat Edy;19/05/2025;5;baguss dan cepat.;;
Kiki Hadi Wiratno;19/05/2025;5;oke;;
Fiko Perina;17/05/2025;5;terbaik;;
Nur Jaini;17/05/2025;5;sangat membantu;;
Husain Muchsen;15/05/2025;5;pelayanan selama ini baik;;
Kota Marabahan;14/05/2025;5;sangat baik pelayanan nya👍👍👍;;
Sukoyo;13/05/2025;5;aplikasinya mudah digunakan;;
Yadi andini;13/05/2025;5;pelayanannya sangan baik;;
heskiano goeltom;12/05/2025;5;good;;
yosep kusnandar;12/05/2025;5;good;;
Nopriati upit;12/05/2025;5;bagus sekali baru pertamakali;;
Dewa sugiarta;11/05/2025;5;baik;;
Ratna Saridewi;10/05/2025;5;dengan booking servis kita tidak perlu menunggu terlalu lama;;
Bambang Sunardi;09/05/2025;5;service excellence;;
Agung Gumelar;08/05/2025;5;good;;
Ade Sulaeman;08/05/2025;5;ok;;
Heru Prasetya;08/05/2025;5;bermanfa at;;
deni djanuar;07/05/2025;5;Mantap banget pelayanannya;;
Jaka;07/05/2025;5;pelayanan bagus;;
udine aladiners;07/05/2025;3;selama ini masih cukup puas pelayanannya;;
david aritonang;07/05/2025;5;mantap;;
Panca Adi;06/05/2025;5;bagus aplikasi nya;;
Amir Hamzah Amir;06/05/2025;5;pelayanan yg ramah dengan fasilitas yang nyaman;;
Hani Sofiyur;06/05/2025;4;the best;;
Jimmy Willis;06/05/2025;5;pelayanan service yg prima;;
Hendra Bayu (Bayu);06/05/2025;5;mudah daftarnya dan pelayanannya ramah;;
RMF Chanel;05/05/2025;5;mantap;;
Hery Rasya;05/05/2025;5;sangat sempurna;;
agus zulkipli;04/05/2025;5;Sangat Membantu;;
rijek sinambela;04/05/2025;5;bagus;;
Febrian Handayani;01/05/2025;5;simpel dan praktis;;
Abdul Hamid;30/04/2025;5;pelayanan dan service mantap;;
Muhammad Paksi Handoyo;29/04/2025;5;sangat membantu aplikasinya;;
teguh wahyudi - Kalila;28/04/2025;5;mudah digunakan dan informatif;;
M Kemal Tarikh;27/04/2025;5;aplikasi yang bagus untuk pengguna mobil Honda;;
Sah adam;27/04/2025;5;pelayanan sangat bagus, dan fasilitas nyaman;;
Fitri lestari;26/04/2025;5;pelanan baik dalam penyampaian juga detail murah senyum ok pokok nya;;
Saeful Anwar;24/04/2025;2;harusnya ada marketplcae suku cadang beserta harganya dari mulai bamper serta stir dll biar kami bisa ada rezeki tambahan Takutnya mahal kalo udah tahu harganya kan bagi kaum pas2an sudah bisa mengira-ngira kurang lbh segitu kalo datang ke ahas;;
Asep Syaripudin;22/04/2025;4;pelayanan baik tingkatkan lagi....;;
Mulkan Matondang;22/04/2025;5;service excellent;;
Adit Revan;22/04/2025;5;sangat mmbantu;;
Budi Hartana;21/04/2025;5;pelayanan selama ini sangat bagus;;
Moekayat File;20/04/2025;5;Memudahkan apabila mau booking, sementara belum ada kendala;;
Ilham Malik;20/04/2025;5;Aplikasi berfungsi baik dan sangat membantu.;;
Nono Sudiono;19/04/2025;5;ok;;
herrico pebriansah;19/04/2025;5;sangat membantu;;
Lukman Cahyadi;19/04/2025;5;good;;
Ambo Enre;18/04/2025;5;Good;;
Fran Nordiansyah;18/04/2025;5;Sangat membantu sekali, kedepan semoga lebih ditingkatkan lagi;;
Avica Cyi;18/04/2025;5;bagus;;
Aida Novianti;18/04/2025;5;pelayanan baik;;
Joko Bintang;17/04/2025;5;membantu sekali untuk booking service;;
ENJANG MUNIP;17/04/2025;5;Aplikasi user friendly;;
RikaSaswanti;16/04/2025;5;baguss;;
Eli Suhaeli;16/04/2025;5;setiap servis dari mulai penerimaan sampai pelayanan sangat memuaskan terimakasih Honda auto serang...;;
RUSDIANTOLaw advokat;15/04/2025;5;ok;;
Rita Trisno;15/04/2025;5;good job cepat aplikasi;;
Soeparna Soeparni;15/04/2025;5;pelayanan memuaskan;;
Grestya Ratu;14/04/2025;5;lokasi strategis;;
nilam sari;14/04/2025;5;baik;;
Dara Darel;14/04/2025;5;Kemudahan dalam penggunaan;;
Tico Wijaya;13/04/2025;5;bermanfaat;;
sou trisno;12/04/2025;5;sangat membantu dengan aplikasi ini;;
ahmad lanang;11/04/2025;5;sangat membantu;;
Iyan Rubiyana;10/04/2025;5;terbaik;;
Syamsul Bahri;10/04/2025;5;cukup memuaskan kami berharap ke depan lebih baik lagi;;
b fahd;09/04/2025;5;bagus;;
Resa Ahyadi; ST;09/04/2025;5;good;
kholili cnc;08/04/2025;5;booking service lebih mudah 👍👍👍;;
Fakih Fauzan;08/04/2025;5;lancar;;
agung Aminudin;08/04/2025;5;pelayanannya bagus;;
Nofvy Atmojo;08/04/2025;5;sangat membantu;;
Ramdani oke oke;08/04/2025;5;bagus;;
Husain Abdul Alim;07/04/2025;5;cara booking servisnya mudah;;
Angga Nugraha;07/04/2025;5;sangat membantu;;
Purwanta;06/04/2025;5;Pelayan bagus dan tepat waktu;;
Ernawatidrg Purwaningsih;04/04/2025;5;Service baik dan profesional;;
Abdi Negara;04/04/2025;5;sangat membantu sekali untuk perawatan maupun perbaikan mobil.. good job..;;
Win Saukani;02/04/2025;5;dengan booking service lebih enak dan ga ribet...stiap service berkala selalu mamakai aflikadi ini..👍👍;;
Ernie Taning;02/04/2025;5;Layanan Service Gratis Pertama sangat memuaskan;;
Andreas Tulus;02/04/2025;5;bagus;;
roissudin muhammad;01/04/2025;5;Tempat yang menyenangkan untuk kebutuhan Honda Anda;;
ricky po;28/03/2025;5;good app;;
Sondi Musa Sonjaya;27/03/2025;5;keren;;
Ariyonas Kristianto;27/03/2025;5;sangat membantu;;
priyo hardono;26/03/2025;5;mantabs... smooth bener aplikasi ini😃;;
mr kubond;26/03/2025;5;good;;
Zara Shaqueena Maharani;26/03/2025;5;👍🏼;;
Muhamad Nuroddin (PauL);25/03/2025;5;good;;
Artha labu91;25/03/2025;5;mantap;;
Master AssassiN;25/03/2025;5;nice;;
Senandung cantik;25/03/2025;5;mempermudah;;
Eni Hartini;25/03/2025;5;mudah untuk booking nya, 👍;;
Iman Kafadriansyah;25/03/2025;5;mudah, cepat dan tidak antri;;
Agus Widarto;25/03/2025;5;App Usher Friendly;;
Trisno Noer;24/03/2025;4;sangat bermanfaat;;
ronnurus shiddiq;22/03/2025;5;membantu sekali app ini;;
Eduard Ambarita Edo;22/03/2025;5;good;;
Naiva Zahra;21/03/2025;5;bagus;;
Ghufran Ardiansyah;21/03/2025;5;mantap;;
Taj Erwin;21/03/2025;5;mantab pelayanannya;;
agus izoer;20/03/2025;5;pelayanan yang sangat di butuhkan penggunaan kendaraan;;
Hendra Hadi;19/03/2025;4;proses booking cepat;;
Budiyanto Musafir;19/03/2025;5;very helpfull;;
Kusumastuti Lailiyah;19/03/2025;4;sangat membantu booking service;;
Wisty Wisty;18/03/2025;4;pelayanannya cepat;;
Herlim;18/03/2025;5;sangat membantu untuk booking servis berkala;;
eko hardiyanto;17/03/2025;5;mantab;;
Agoes Joko;17/03/2025;5;mantab;;
MR Bahua;16/03/2025;5;overall fasilitas honda e-care sangat membantu, thanks Honda kedepan lebih maju lagi;;
Joko Sulistiono;15/03/2025;5;bagus mantap;;
Adrien Presto;15/03/2025;5;ok;;
Agus Winarso2024;15/03/2025;5;semakin mudah booking servive;;
DEDDY OCTORA WIJAYA;14/03/2025;5;simple dan mudah;;
Soeswantoro Soeswantoro;13/03/2025;5;ok;;
Rinto Sdb;13/03/2025;5;mantap dan membantu;;
sulastri;13/03/2025;5;fast respon Terima kasih;;
Brian Mokolomban;13/03/2025;5;sangat membantu;;
Nandar Yanuar;13/03/2025;5;sangat membantu saat booking service, jadi ngak usah kebengkel pagi pagi;;
Cahyadi Harjanto;13/03/2025;4;sejauh ini lumayan;;
Dwi Agus Ardianto;12/03/2025;5;mantab dan terus dikembangkan;;
Haicel Chrisiyanto;12/03/2025;5;cool guys, no ribet;;
sugi harto;12/03/2025;5;Booking service mobil Honda yang mudah dan cepat tanpa kendala jarak dan waktu;;
Andy Jayanto;12/03/2025;5;memudahkan pecinta honda untuk service;;
agung pratama;11/03/2025;5;sangat membantu;;
Yuli Yuli;11/03/2025;5;mudah dan memuaskan;;
fajar hidayat;11/03/2025;5;melakukan service harus sesuai sop agar kebersihan. keamanan, perlengkalan kendaraan terjaga dg aman/baik.;;
Nendi Permana;10/03/2025;5;keren gak perlu antri;;
SOLEH HARTADI;10/03/2025;4;Mudah mudah cepet dan ga banyak biaya;;
Muhamad Rifani;10/03/2025;5;bagus sangat membantu;;
muhammad mahdhar;09/03/2025;3;voucher tidak bisa kami tulis;;
lukmanul hakim;08/03/2025;5;ok;;
Sayuti Ahmad;08/03/2025;5;bagus dan mempermudah untuk pelayanan service dan informasi lain nya;;
Ana Bell;07/03/2025;5;Pelayananya baik ,dengan hasil servic yg baik.;;
Aufar Quinsa;06/03/2025;5;great app,, memudahkan service mobil;;
Moch Fauzi;06/03/2025;3;Pada hp saya tab profil, kendaraan dan pesan tidak bisa di klik. Hp:poco x3 pro. Please Fixing a bugs. Thanks;;
Nadine Azkiya;05/03/2025;5;pengerjaan sangat teliti;;
Dimas Kartaraja;05/03/2025;5;SDH hampir 2 bln saya ajukan cleam waranty terkait Shok belakang brv prestige 2022 sya di Honda auto serang TDK ada kelanjutan, minimal ada pemberitahuan KPD knsmn harus gmn? Jadi saya anggap kebohongan waranty Honda nya TDK terbukti apalagi nanti ada masalah di bagian part lainya ( mesin) no saya terdaftar di Honda dan gampang menghubunginya;;
Reni Anjani;05/03/2025;5;mantab sangat membantu;;
widodo jiwanggo;04/03/2025;5;pelayanan yang sangat baik ke Customer;;
Yulian Yulian;04/03/2025;4;pelayanan cukup baik;;
Bambang Hermawanto;04/03/2025;5;cukup bagus;;
Herman Syah;03/03/2025;5;lebih praktis;;
Bradewa Garudatullah;03/03/2025;5;mantap;;
Alfi Rahmanto;03/03/2025;5;Sangat Bermantaat & Membantu, Terima Kasih;;
Sri Warmayanti;03/03/2025;5;Pelayanan Honda sangat bagus terhadap pembeli, cepat, dan informaainya mudah di mengerti, sehingga pembeli meras puas belanja di honda.;;
BOS BESAR;03/03/2025;1;krg dengan org bengkel tepatnya honda kumala karawang;;
Gayus Sumarno;03/03/2025;5;Tempat nyaman dan pelayanan cepat;;
andrie prajuniartho;03/03/2025;5;ini sangat membantu sekali;;
Nurkhanah Harmaji;02/03/2025;5;mudah bokingnya;;
Zenless Project;02/03/2025;1;Ga bisa di daftarkan kendaraan nya;;
agus kuncoro;01/03/2025;5;Sudah 4 kali service berjalan dengan baik, kecuali service terakhir disarankan spooring... 🤭;;
Fredy eka;01/03/2025;5;merasa puas...;;
Perkumpulan Sanggar Silibet;28/02/2025;5;mantap;;
Gunadi Saputra;28/02/2025;1;harus di perbaiki lagi mau masuk login kata sandi aja susah dan kenapa ada waktu di jatah 5 menit sedang kn kita mau servis mobil aja harus ribet seperti ini,gimana mau bersaing dengan yg lain;;
Dede Kusnandar;28/02/2025;5;Ok memudahkan booking servis, dll;;
Capt Moralis;28/02/2025;5;oke;;
Asep Slamet;28/02/2025;5;oke;;
kartini amainah;28/02/2025;5;cepat sigap ramah dan teliti dlm service;;
Maria Ulfa;27/02/2025;5;pelayanan bagus;;
IRWAN TEZA;27/02/2025;5;terbaiiiiiiikkkk......;;
Andri Yanto;27/02/2025;5;Alhamdulillah bermanfaat;;
far dholi;26/02/2025;5;alhmdllh pelayanan sagat baik dan tempat tunggu sangat yaman;;
Andi_Awan Chanel;26/02/2025;5;informatif dan Solutif;;
Arui Ramadhani;26/02/2025;5;pelayanan ok;;
NUR SODIK;26/02/2025;5;good;;
rahyu rahayu;26/02/2025;5;sangat mudah sekali;;
Jo Vanka;25/02/2025;3;sering error aplikasi ini ga bisa di gunakan;;
Pranata Kesuma;24/02/2025;5;Sangat membantu;;
Putu Anindita Saraswati Wiguna;24/02/2025;5;bagus;;
Nas Rullah;24/02/2025;5;sangat memuaskan;;
Cam Copyright;24/02/2025;5;mudah dan praktis;;
robi vernandes;23/02/2025;5;baik;;
Syahripul Mahya;23/02/2025;5;mantap;;
Urip p;23/02/2025;5;ok;;
MR Kurnia;22/02/2025;5;kereen;;
Pahmi Ami;21/02/2025;5;memuaskan;;
mukhammad toha;20/02/2025;5;good;;
Heri kLunting;18/02/2025;5;sipp, memudahkan pelayanan;;
Hendra Alfaridzi;18/02/2025;5;Pelayanannya memuaskan;;
Prarit Subratha;18/02/2025;5;ok, tingkat kwalitas perbaikan;;
Putu Shyera;18/02/2025;5;sangat bagus;;
Arik Purnomo;17/02/2025;5;lebih mudah;;
Valcres;17/02/2025;5;jossss;;
Sigit Wahyudi;17/02/2025;5;Sangat membantu👍;;
Jeje Mulyana;16/02/2025;5;mempermudah untuk jadwal servis dll;;
Rudi yanto;16/02/2025;5;mantap;;
miki mahardi;15/02/2025;5;ok;;
maryadi lagi;15/02/2025;5;menpermudah ambil no antrian;;
Deni Tujuh Sembilan;14/02/2025;5;mantap;;
Rizky Syahdan;13/02/2025;5;sangat membantu aplikasinya;;
Widiono pinot;12/02/2025;5;Service Honda selalu di sini. Tempatnya nyaman. Pelayanan baik.;;
rifki ade;12/02/2025;5;mantap;;
ALPATH story;12/02/2025;5;pelayanan sangat bagus skali,detail bagus;;
Arvin Wijianartha;12/02/2025;5;Honda i-Care adalah layanan purna jual yang ditawarkan oleh Honda untuk memberikan kepuasan pelanggan. Layanan ini mencakup berbagai aspek, mulai dari perawatan berkala hingga perbaikan kerusakan. Pengalaman saya dengan Honda i-Care cukup positif, meskipun ada beberapa poin yang bisa ditingkatkan. Kelebihan: - Kemudahan Akses: Menjadwalkan servis melalui aplikasi atau website Honda i-Care sangat mudah dan praktis. Sistem online ini memberikan informasi yang jelas tentang jadwal, biaya, d;;
Muslihin Muslihin;12/02/2025;5;sangat baik;;
Happy Trisna;12/02/2025;5;Ok;;
Rumah Baru;12/02/2025;5;Pelayanan profesional;;
iank Febriansyah;11/02/2025;5;Menu Inbok tidak bisa di buka.;;
DVT;11/02/2025;5;sangat baik;;
kabar viral borneo;10/02/2025;5;aplikasi ini sangat membantu untuk booking service tanpa harus repot antri lg..bisa tentuin sendiri waktu buat service nya;;
Juan Apriyana;10/02/2025;5;mempermudah;;
TEGUH PUJIATMOKO;10/02/2025;5;aplikasinya enak di pakai;;
dwi mazanova;09/02/2025;5;mudah, mantap Honda;;
Yadi Suharyadi;09/02/2025;4;Sangat membantu;;
ERIANSJAH LESMANA;08/02/2025;3;Butuh penjelasan respon Honda utk kebocoran ban bagi CRV Hybrid krn tidak punya banyak serep;;
Wahid Surahman;07/02/2025;5;ok sangat bermanfaat;;
beni oktopiansah;07/02/2025;5;Aplikasi ini sangat membantu saat mau service berkala dan layanan darurat. terus sempurnakan fiturnya;;
Rifqi Ahmad;07/02/2025;5;bgus;;
edwin gustiawan;06/02/2025;5;top;;
suyadi cakra;06/02/2025;4;idem;;
Rizal Falani;06/02/2025;5;siiip;;
Vera Wati;05/02/2025;5;mempermudah;;
Uum Pajriah;05/02/2025;5;ok;;
sugeng 1575;05/02/2025;4;aplikasi bagus, membantu dan memudahkan customer;;
Emha Hussein;04/02/2025;5;Pelayanan cukup bagus;;
Stepanus Catur Prasetyo;04/02/2025;5;mantap;;
Open World;03/02/2025;5;Pelayanan Honda yang sangat ramah;;
Angga eka ardhista;03/02/2025;5;sangat membantu untuk booking servis;;
Romli Romli (asep);03/02/2025;5;bermanfaat sekali;;
Mamun Nawawi;03/02/2025;5;pelayanan nya baik dan ramah;;
nanda Najmi;02/02/2025;5;detailnya lengkap mudah diakses trnsparan dlm pengerjaan service kendaraan👍;;
Ninis Anggraini;02/02/2025;5;bagus;;
Rahayu Sri wastuti;01/02/2025;5;semuanya jadi lebih mudah dan cepat;;
erwin susanto;01/02/2025;3;sering diminta update app;;
emir muslim;01/02/2025;5;pelayanan cepat;;
Ruwadi Budiman;01/02/2025;5;Lancarkan semua situs;;
Marcho Vicenso;31/01/2025;4;sejauh ini aplikasinya berjalan dengan baik;;
bramantya kurniawan;30/01/2025;5;mantap;;
Erna Londa;30/01/2025;5;Respon cepat;;
Mecca channel;30/01/2025;5;pelayanan prima;;
Munib Al Ikroom;30/01/2025;5;Pelayanannya sangat baik dan ramah tempatnya nyaman👍👍👍👍👍👍👍;;
dian anggraeni;30/01/2025;5;Simple;;
wahyu eko;29/01/2025;5;bagus untuk semua keseluruhannya;;
Dhani Darmawan;29/01/2025;5;sampai saat ini aplikasi ini sangat membantu 👍🏼;;
Dennis Sitompul;29/01/2025;5;nice;;
Usman Yusup;28/01/2025;2;Aplikasi tidak ada reminder booking, klo lupa ya percuma saja.. harusnya ada reminder dan menu re-schedule.;;
yahya setiawan;27/01/2025;5;good;;
nyimas dewi;27/01/2025;5;sangat membantu dengan adanga honda e-care;;
Ahmad Latif;27/01/2025;5;sangat membantu;;
erwin ardiansyah;26/01/2025;5;oke;;
Yobi Efrizal;25/01/2025;5;siip;;
Enal UMTL;25/01/2025;5;penanganan cepat;;
Rinaldi Afriyanto;24/01/2025;5;mudah digunakan.;;
Yuli Nurul;24/01/2025;5;memudahkan untuk booking service;;
Gusti Herry;24/01/2025;5;keren;;
Leo Firlianda;23/01/2025;5;ringkas dan mudah digunakan;;
Wahyu Perdana;23/01/2025;5;mantap;;
Wahyu Trihandoko;23/01/2025;5;Aplikasi sangat membantu sekali walaupun ganti atau tambah unit mobil Honda lainnya;;
Agus Suherie;23/01/2025;5;dengan adanya booking service memudahkan pelanggan untuk daftar antrean online.;;
Dandan Wicaksono;22/01/2025;5;Bagus dan ada catatan maintenance;;
Budi yanto;22/01/2025;5;good;;
Edy Hate;21/01/2025;5;mantap lancar;;
Ridwan Habri;21/01/2025;5;Terpercaya;;
Shandy Sorby;20/01/2025;5;Sangat bagus;;
Yanti;20/01/2025;5;Sangat bagus;;
Rudiyanto java;20/01/2025;5;sangat mudah;;
Sapto Nugroho;18/01/2025;5;sangat responsip dan membantu dalam booking service;;
Hanif Aufa Diony Nandana;18/01/2025;5;keren..;;
DEDY WIDODO;17/01/2025;5;lebih mempermudah;;
YOGA SETYAWAN;17/01/2025;5;good Job;;
Mahmud Yunus;16/01/2025;5;mantap;;
Hadi Prabowo;16/01/2025;4;pada pengisian : tanpa service berkala hanya satu pilihan yaitu 72 bulan/120.000 km. Sebaiknya bisa diisi sesuai km mobil;;
Ayam penyet ABP;15/01/2025;5;Mantep;;
Deddy Winoto;15/01/2025;5;adanya booking service dari honda e-care sangat membantu sekali, good job👍👍👍;;
Nasyiah 73;14/01/2025;4;masih agak bingung;;
marsen renold;14/01/2025;5;sangat puas;;
Arief Rian Abidin;14/01/2025;5;bagus aplikasi sangat membantu;;
Rohmat Hidayat;14/01/2025;5;ok;;
Floriberta Binarti;13/01/2025;4;agak ribet di awal karena harus nunggu verifikasi data;;
Imam Nurwahyudi;13/01/2025;5;mantap;;
raeli rofsasantani;13/01/2025;5;bagus;;
Didin Ruhudin;13/01/2025;5;honda e care memudahkan customer;;
Rafael Benjamin93;13/01/2025;5;mempermudah proses booking service 👍;;
Mohammad Idris;13/01/2025;5;ok sangat berguna;;
Delila Sandra;11/01/2025;5;pelayanan maksimal;;
GenoL Sudarsono;11/01/2025;5;Booking service yg mudah dan tidak ribet;;
Sony Petrus;09/01/2025;5;pelayanan cepat ...pertahankan selalu;;
supri iday;08/01/2025;5;baik;;
Rizal Fadli;08/01/2025;5;pelayanan sangat baik;;
Yundy Tamulu;08/01/2025;5;sangat membantu;;
Vicko Devino;08/01/2025;5;sangat membantu;;
MyCR-V;07/01/2025;3;Sudah bagus, hanya perlu di maksimalkan lagi keterangannya, Contoh Asal mobil dudapatkan dari mana atau tempat pembelian Mobilnya/Motornya, Mutasi dserahnya, atau riwat lengkap terkait Mobil/motor termasuk pindah tangan. Ok Terima Kasih;;
Mank Oedjank;07/01/2025;3;klu playanannya baik tambah jd bintang 5;;
Yoga Purnomo;07/01/2025;4;lebih berguna dan bermanfaat jika ada asumsi rincian biaya service yang di perlukan;;
Aroy Sandria;07/01/2025;5;mantapp;;
Yosep Arif Budiawan;06/01/2025;5;Ok;;
Franky Gerungan;06/01/2025;5;good;;
Sayogi88 Yogi;06/01/2025;5;oh yes banget;;
Gede Data;06/01/2025;5;Pelayanan sangat bagus cepat di mengerti memuaskan;;
Andreas Mulyatno;06/01/2025;3;agak ribet;;
Dizi Budianto;06/01/2025;5;tidak perlu menunggu antrian service;;
Abdullah Shahab;06/01/2025;5;praktis;;
Tri Krisdianto;06/01/2025;5;Mantabs;;
Sudirman Iman;05/01/2025;5;mntappp;;
Hamruni;04/01/2025;5;bagus dan membantu costumer dalam melakukan booking service dan lain2;;
rakha rajendra;04/01/2025;5;pelayanan bagus;;
Machnun Kediri;03/01/2025;5;ok mantap.;;
ibnu mukhlis;03/01/2025;4;ok.mantap;;
Nuir isra Arahap;03/01/2025;5;sangat membantu dan the best untuk honda;;
Tirta Sudirmam;02/01/2025;5;pelayanan ramah,,dan sangat baik;;
Yakub Usuli;02/01/2025;4;sejak sevice berkala yg pertama s.d sekarang sy sllu menggunakn aplikasi Honda e-Care ut booking service, sbb lebih mudah & sllu mendapatkn prioritas dlm pelayanan...;;
Fahrurazi Tarok;02/01/2025;5;mantap;;
Ifan;01/01/2025;5;boking lancar;;
masrul nazaruddin;01/01/2025;5;Aplikasi bagus, sangat membantu;;
Kurnia Endah Lestari;31/12/2024;5;ok punya swipp;;
Liston Sirait;30/12/2024;5;Sangat puas;;
ZAENUDDIN EFFENDI;29/12/2024;5;Dijelang akhir tahun 2024 dan memasuki awal tahun 2025, semoga Honda IKM Ciledug semakin ber JAYA dan semakin SUKSES di tahun 2025 ini. Aamiin.;;
Zainul Irfan;29/12/2024;5;Bisa booking Service Online disini;;
mashudi;29/12/2024;5;pelayanannya sangat memuaskan;;
Bendul Merisi;28/12/2024;5;menu mudah dipahami;;
jj a;28/12/2024;5;okay;;
Muhammad Roffi;28/12/2024;3;Biasa saja;;
Muhammad Ali;27/12/2024;5;sangat membantu terutama untuk pemesanan boking services kami yg berlokasi jauh dari dealer/bengkel honda;;
Prima Hikmat Septian;27/12/2024;5;Mantapp aplikasinya, memberikan kemudahan dalam pendaftaran service;;
Riyan Indriyanto;27/12/2024;5;ok;;
Loeysito Sie;27/12/2024;5;aplikasi nya oke sih;;
Riyadi Santoso;26/12/2024;1;aplikasi tidak bisa di pakai;;
M.R. Ibnu Romadhan;26/12/2024;5;Memudahkan dalam booking service dan update informasi layanan honda lainnya;;
Heru Subroto;26/12/2024;5;good;;
Taufiq Rachman;26/12/2024;5;aplikasi nya bagus dan sangat membantu untuk service dan emergency;;
Eko Agustian;25/12/2024;5;Fast dealer response, good problem handling & solving, comfortable communication;;
Estiyanto Sri Nugroho;25/12/2024;5;aplikasi cukup membantu, kekuranganya adalah tidak ada menu perhitungan estimasi biaya service;;
jane stanley;24/12/2024;1;Aplikasi tidak mendukung LOG IN SIDIK JARI;;
Cahyono Puspodiharjo;23/12/2024;5;pelayanan nya bagus, baru booking 1 hari langsung di kerjain ama beres 👍;;
Abdul Dolah;23/12/2024;5;GooD Aplikasi from Honda e care...;;
bagus sharp denpasar;23/12/2024;5;Mau tanya itu bagaimana cara membuka dan mau baca kotak pesan ya , kok gak bisa di klik sama sekali min;;
Ade Irfan;23/12/2024;4;jadi lebih cepat dan efisien;;
Melly Aryani;22/12/2024;4;Ini kenapa ya aplikasinya ngga bisa dibuka, minta di update tapi ngga muncul ngga bisa di-update. Jadinya sekarang di-update ga bisa, dibuka juga ga bisa. Gimana ni?;;
Christian Bernhard;22/12/2024;5;ok;;
Fachry Amirudha;21/12/2024;5;mantapp;;
Ardi Nugroho;20/12/2024;5;Good !!!;;
Hery Trijantan;20/12/2024;5;Pelayanannya sangat cepat dan baik,pertahankan dan tingkatkan.;;
wahyudiyono yudi;18/12/2024;4;susahnya menganti nopol lama dgn nopol baru;;
Nafthalena Lena;17/12/2024;5;sangat baik dan mudah;;
Andri Christian;17/12/2024;5;sangat membantu;;
Tri Wahyuni;17/12/2024;5;Mantap. Sangat membantu sekali;;
Frandika Septa;17/12/2024;5;mantap;;
Arif Permono adi;16/12/2024;5;Sangat membantu untuk pengecekan;;
Fajrin Hutabarat;16/12/2024;5;keren utk layanan konsumen;;
WhydblacK;16/12/2024;3;sparepart cab palu maaih kurang ready;;
Jumrah Suherman;15/12/2024;5;good;;
Budi Manfaat;15/12/2024;5;Terimakasih atas layanannya yang selalu memuaskan.;;
Ridwan Rosyadi;15/12/2024;5;bagus service appsnya;;
Agus Setiono;15/12/2024;5;bagus banget;;
Yoqi Muttaqien;14/12/2024;5;sangat mudah dan membantu;;
ZKZ;14/12/2024;5;mantul banget;;
Ardan Syarifuddin Kadir;14/12/2024;5;good;;
Maryanti Tirtowijoyo;14/12/2024;3;masih membingungkan;;
Andrian Bella;14/12/2024;2;Sering logout sendiri dan susah untuk login kembali;;
Yudi Hendra;13/12/2024;5;mantap, cepat dan gampang;;
Diandra Raditya;13/12/2024;1;Bug nya banyak banget sinyal full plus wifi gak konek² bener² ni aplikasi;;
Andik Blueagel;13/12/2024;5;booking lebih efisien;;
Mokhamad Sirojudin;12/12/2024;5;mantap;;
Sigit Aryanto;12/12/2024;5;jhoss gandhos;;
Firman Sitohang;12/12/2024;5;Coba dlu;;
Dani HD;12/12/2024;5;aplikasi yg mendukung mempermudah booking service dan informasi informasi yang lainnya;;
Alex;10/12/2024;5;Baik;;
jackson jackson;10/12/2024;5;mantap sekali;;
ROMMY SULING;10/12/2024;5;oke oke Mantap;;
Euis Selvia;09/12/2024;5;Jadi gampang buat boking servicenya;;
Gufron Alkiandra;09/12/2024;4;sepp dah..;;
M Tri Wardoyo;09/12/2024;5;ok sangat membantu;;
Mkdarhdm;09/12/2024;5;👍🌹;;
zay zay;08/12/2024;5;good;;
supriyadi;08/12/2024;5;pelayanan bagus;;
M khoirul Hamzah;08/12/2024;5;sudah memadai dan pertahankan;;
Fearman Syah;07/12/2024;5;sangat membantu. trimakasih;;
Slamet Munaji;07/12/2024;5;good;;
al hafi;07/12/2024;5;ok;;
Ami Seba;06/12/2024;5;pelayanan baik dan cepat respon petugasnya, ruang tunggu dan fasilitasnya baik;;
sarniti apt;06/12/2024;5;sangat mudah di mengerti;;
Jeane Ratunuman;06/12/2024;5;Sangat membantu;;
Lufthy Safwan;04/12/2024;5;good;;
Neils Hunt;04/12/2024;5;Keren layanannya;;
widarto darto;04/12/2024;5;mudah dalam melakukan pendaftaran;;
Danny Setyanto;04/12/2024;5;App yang memudahkan;;
ben sasongko;02/12/2024;5;fungsional banget;;
Abas Basrurowi;02/12/2024;5;Mudah digunakan, dan berguna banget. Saran : Hp Android Tema Gelap, kursor huruf tidak muncul;;
rismawati wati;02/12/2024;5;Menarik;;
Ferry Nurdiansyah;02/12/2024;5;nice APP;;
Opik Gaming;02/12/2024;5;mantul;;
Nasution Iqbalkadir;01/12/2024;5;mantap;;
Agus Suroto;01/12/2024;5;Gampang akses dan prosedur nya. Membantu memudahkan pemilik Honda merawat mobil. Banyak Promonya juga.;;
BAYANAKA Susanto;29/11/2024;5;aplikasinya bagus mempermudah customer dan maintenance kendaraan;;
Edi Wicaksono;29/11/2024;5;Baik;;
Gianluigi Gibran;29/11/2024;5;good aplikasi;;
Pangadilan Sinaga;28/11/2024;1;Gila cuman ngecek2 aja GK ad d lihat mahal x bayaran a mending ke bengkel yg d kenal aja dri pada ke dealer;;
Ferdinand Simamora MSc;28/11/2024;5;memuaskan;;
King Alekdjuma;28/11/2024;5;harus byk yg free dan promo;;
Hendricus PJ;26/11/2024;5;durasi waktu pengerjaan service rutin kalau bisa lebih cepat;;
Erik Gian JRA FAMILY OFFICIAL;26/11/2024;5;Salah satu aplikasi yang sangat bermanfaat untuk perawatan kendaraan Honda. Alur proses yang simple sehingga memudahkan customer untuk berinteraksi👍Sukses untuk Honda💪;;
Andika Gifari Dwitama;25/11/2024;5;Aplikasi yang sangat membantu untuk servis mobil. Prosesnya mudah dan cepat;;
Ahmad Syafii;25/11/2024;5;Baik;;
Rian Rizaldi;25/11/2024;3;system masih slow respond;;
HMBE68;25/11/2024;5;honda e-care is excellence services.....👍;;
Maman Sadapotto;25/11/2024;5;mudah Di Akses;;
Didi Saputra;25/11/2024;5;oke juga;;
Fasih Fasih;21/11/2024;5;ok;;
Esa Adetama;20/11/2024;5;baru coba;;
mang kadick;20/11/2024;5;mantap;;
ns 71;20/11/2024;5;Bagus aplikasi nya , mudah digunakan;;
Handi Speed;19/11/2024;5;terbaikkkkkkk;;
Arya Hakiem;19/11/2024;5;pokoke is the best;;
Miftaqul Ulum;19/11/2024;5;👍;;
BASARI BACHRI;19/11/2024;5;layanan profesional;;
ibrahim triadi wibowo;17/11/2024;5;aplikasi sangat ok;;
Istahal Ammar;16/11/2024;5;bagus;;
jhonveris alvredo;14/11/2024;5;respon cepat;;
Pia Kinaa;14/11/2024;5;Aplikasi sangat membantu;;
Muhammad Nur;14/11/2024;5;ringkas;;
Fahma Kurniasih;14/11/2024;5;pelayanan baik;;
diskop_ukm jeneponto;13/11/2024;2;kalau bisa waktu pengerjaannya lebih pendek lagi;;
Togu Manurung;13/11/2024;5;sangat membantu..;;
Arman Hermawan;13/11/2024;5;pelayanan nya ramah, bagus, keren dah LPPM;;
Sarah;12/11/2024;5;sangat bermanfaat;;
yudhi suryanata;11/11/2024;5;bagus dan terpercaya;;
Sarti Ningsih;11/11/2024;5;bagus;;
Bungaa Gwoon;10/11/2024;5;mempermudah proses dlm antrian boking service;;
euisaat sukandar;09/11/2024;5;terimakasih atas pelayanan yang luar biasa;;
• KawaiiCookieCupcake •;02/11/2024;1;berulang2/sering minta verifikasi berulang2.& ganti2 password;;
syihab mochza;02/11/2024;5;aplikasi yang membantu proses service berkala ajib bre;;
Bobby Orboy;30/10/2024;5;Bagus;;
Bhien90 Sip;30/10/2024;5;membantu dan cepat;;
Muhammad diah;22/10/2024;5;Amal didunia;;
didiet dinarta;22/10/2024;4;Memuaskan;;
Priyo Utomo;10/10/2024;5;Pelayanan baik;;
Eka Prasetya;07/10/2024;3;setelah update kemarin kok malah tidak bisa dibuka.;;
BUDI SANTOSO;07/10/2024;1;Jelek banget;;
bambang heryanto;03/10/2024;5;Memuaskan;;
Januar Chandra;18/09/2024;5;Sangat membantu;;
Pudjianto Pudjianto;07/09/2024;5;Sy selaku pelanggan Honda HI selama ini tdk ada kendala yg berarti yg saya temukan...tks;;
Muhammad Irham;03/09/2024;5;ok;;
Ferry Widjaja;31/08/2024;5;Sebenarnya bagus, hanya tidak ada feature progress servicenya;;
Lili;28/08/2024;2;Error terus saat mau booking service - pemilihan dealer;;
alec jeep;28/08/2024;5;Mantap;;
Selfidevira 16;13/08/2024;5;Sangat memuaskan ramah dan baik semua petugas nya .selalu berikan yg terbaik buat belanggan nya;;
prasetyo 8787;04/08/2024;5;aplikasi ini sangat bagus;;
Dharma Yasa;29/07/2024;5;Sangat memuaskan petugasnya sangat ramah dan cepat dalam pelayanan;;
Yusuf Hadikusumah;18/07/2024;5;Pelayanan ramah dan cepat;;
Dicky Andrianto;25/06/2024;5;Pelayanan ramah dan profesional;;
UGENG GENA A PUTRI;23/06/2024;5;Sangat memuaskan;;
Malaikat Shubuh;23/06/2024;5;Nice Nice;;
Haerul Hamka;19/06/2024;5;Pelayanan Sales sangat memuaskan;;
Har Min;18/06/2024;5;Tanks atas petunjuknya;;
Samsung J7;16/06/2024;5;Pas;;
Danny Depramez;11/06/2024;5;Mempermudah proses booking service;;
Tonni Budiardjo;30/05/2024;5;Good;;
ali hanafi;27/05/2024;3;Tidak ada estimasi biaya servis, kedepannya mungkin bisa ditambahkan;;
Muhamad Farhanreal;18/05/2024;1;Suruh daftar tapi nungguin kode verifikasinya lama amat si;;
Kenzy Vip;14/05/2024;1;Kok gk bisa tandain lokasi gps aktif semua mau boking service maah susah;;
amiruddin abbas;11/05/2024;5;Responnya Cepat dan tepat waktu;;
Lexy Lusiono;08/05/2024;4;Mhn pencerahannya utk memindah mobil dari akun orang ke satu karena saya membeli mobil yg sdh terdaftar di honda ecare. Tks;;
Wardiar Mento;06/05/2024;5;Terima kasih saya sudah bisa register, sudah satu Minggu dicoba baru bisa hari ini, setelah di call me dari Honda pusat terimakasih Honda pusat bantuan nya;;
Sunaryo;05/05/2024;5;Oke;;
Jupriansyah;05/05/2024;1;Setelah update malah tidak bisa di buka ,error path;;
Fari Suriady;05/05/2024;1;Aplikasinya jelek, ndak beres, akhirnya di hapus.;;
Nola Ponsel;25/04/2024;5;Baik;;
Boby Permana;23/04/2024;1;Tolong bantuannya, aplikasi honda saya logout sendiri dan login lagi tidak bisa, keterangannya user id dan password salah. Di reset password dengan user id yg sama berhasil diubah, tapi di login dengan password yg sudah diubah keterangannya user id dan password salah. Dicoba berulang2 kali reset password dan login kembali keterangannya masih tetap sama.;;
Ali Yusuf Tumanggor;19/04/2024;4;Apk cepat respon;;
Tn. Triardi Syamsudin;15/04/2024;5;Servis kendaraan jadi mudah;;
Way Nonong;09/04/2024;1;Sebaiknya tdk usah pakai lampiran KTP, stnk saja cukup, jadi makin susah registrasi nya, padahal dulu sy sdh download dan kendaraan sdh terdaftar...skr malah susah memasukkan daftar kendaraan, tlg dibantu;;
Toni Men;05/04/2024;2;hari ini benar2 berasa dirugikan, mau service berkala tapi tiba pas mau bayar, tagihan nya di service tambahan banyak yg kita ga tau, tiba2 ada, sperti, wax body, cleaning glass dan perbersihn ac dll, sampai 2 jutaan, total 5 jutaan, di awal ga di kasi tau, knp bisa di masukin service tambahan sperti itu, padahal mobil sy pakai stiket wrapping full body, apa nya yg mau di wax body dan cleaning glass, mahal lagi, nipu2 halus caranya bgitu, @hondatebet;;
Murahmat Jansen;02/04/2024;4;Memudahkan bagi konsumen untuk melakukan perbaikan atau penggantian spare part mobil, bisa melihat riwayat perbaikan yang telah diperbaiki;;
tode kanasaki;02/04/2024;5;izin kak, booking tidak bisa di hari H, apakah menjamin dapat antrian jika langsung datang (pagi) ? trus masukan aja kak, untuk ketersediaan sparepart, alangkah baiknya sesama honda bisa nge-link (berkordinasi via telp, wasap), jadi kita konsumen ga random datangi cabang hanya untuk menanyakan ketersedian spare part, terimakasih, maaf bila ada kata yg kurang berkenan;;
Risang Ardi Toni P;01/04/2024;2;Aplikasi berhenti di 99% ketika di update, lalu aplikasi di hp tampilan info nya menjadi kosong. Akann kembali klo sudah diperbaiki;;
Ar Wahyu Pradana;30/03/2024;3;Sering crash bg dev keluar2 sendiri, terutama waktu di home page. Ada bug notif juga, semua pesan sudah diklik tp masih ada notif pesan tertinggal. Sudah coba relogin masih sama hasilnya.;;
zakia ridwan;22/03/2024;1;Aplikasi susah dipahami;;
Kanda Cong;22/03/2024;5;Sangat baik;;
Anggi Herdianto;18/03/2024;1;Gak bisa masuk, kolom email tidak bisa di isi;;
Wiwit Priyo S;16/03/2024;1;Mau masuk pertama kali, malah baris email-nya nggak bisa di klik..jadinya nggak bisa masuk.. trus gimana ini? Niat mau servis ke beres, nggak jadi akhirnya..;;
mura muri;12/03/2024;5;Ok sip;;
Wilryansaputra Ryan;06/03/2024;1;Update app ngebug;;
RR Aksesoris Sumbawa;27/02/2024;1;Vitur terbaru (rem/berhenti otomatis) new HRv benar2 membayahakan, hampir 3x saya dibuat celaka;;
yos suryadharma;12/02/2024;1;Kolom email tidak bisa dimasukan saat hendak menambahkan kendaraan pada aplikasi , tidak bisa disimpan karena email belum terisi;;
Raisza Ayunda;12/02/2024;1;Susah banget untuk tambah kendaraan semua salah, harua dibenahi lagi aplikasinya sangat tidak bermanfaat;;
Luky Ariesta;07/02/2024;1;sdh ke tujuh kali.... tetap tidak masuk;;
Aal Abdullah;07/02/2024;5;Pelayanan di Honda Komala Karawang, puas..bagus.. ramah2 pokok nya keren!!;;
Asep Septiawan;06/02/2024;1;Nomer mesin 3 dijid apaan ini . Di STNK aja bnyak aneh ny aplikasi .;;
Anas Rafiuddin;05/02/2024;1;Hadeuh gimana sih ini? Mau Daftar Mobil Kok Ga bisa bisa hadeuh bikin ribet aja. Dah dicoba 4x tetep ae ga bisa;;
Dwinta Rusdyawati;19/01/2024;5;bagus pelayananya memuaskan;;
Elite Sniper;17/01/2024;5;Service di union Honda Tangerang, Alhamdulillah aman lancar, pelayanan prima. Mantap terimakasih;;
Ikin Sadikin;11/01/2024;5;Pelayanan yg ramah dan memberikan penjelasan yg tepat, akurat dan pergantian sparepart yg original pada waktu service kendaraan,,,;;
Mahendra Yt;28/12/2023;1;Pengalaman saya ketika membeli paket mini 80rb km, (kesempatan terakhir membeli paket mini krn 90rb km tidak dapat beli lagi) di tgl 16 Des 23 saya tdk dapat datang servis utk ambil 1x servis lagi dan itu hangus. Saya tdk bs karena diluar kota dan sdh telp cs internusa cibinong dan pusat. Tetap tidak bisa. Apakah perusahaan besar sekaku ini? Untuk mempertahankan nasabah loh ini anda tetap kaku terhadap kebijakan anda. Padahal cuma minta kelonggaran sampai 29 Des 23, saya beli loh bkn hutang;;
Arta Deco;20/12/2023;5;Selalu puas dengan honda;;
Imam Kamalik;19/12/2023;4;STNK lambat;;
Maulana Ibrahim;18/12/2023;5;mohon update'an nya jgn lama. sudah service, tapi di aplikasi belum update.;;
Slamet Hidayat;17/12/2023;5;Best;;
Eko Rachmat Priyadi;15/12/2023;5;Memuaskan;;
Sartika Napitupulu;14/12/2023;5;Pelayanannya sangat bagus;;
Budi Setriana;13/12/2023;1;atm danamon nomor rekening:500000plat nomor civic hondaD1234DA;;
Cucu Latipah;12/12/2023;1;Daftar doang ge susah bener , no rangka atau mesin salah mulu padahal udah bener , heran sama apk ini;;
Ibnu bs;07/12/2023;1;gagal registrasi di otp.. sudah email ke ecare nunggu di follo up utk update bintang lagi;;
Dani Haryadi;06/12/2023;5;Sangat membantu untuk booking service;;
Farhan M;29/11/2023;5;Sangat memuaskan. Pelayanannya ramah. Sangat baik..;;
Irwan Efendi;25/11/2023;5;Jempol 4 Buat Mas Muhkti Sales Honda Gajah Mada.;;
ccoanugerah kasihputera;23/11/2023;5;Ok;;
panca wahyudi;22/11/2023;5;"hari ini ganti oli mobil sekaligus recall front passenger's @honda kencana keranji. good experience u/ tingkat pelayanannya.mulai dari tindakan security sampai ke Service Advisor nya, Mb Talitha Ivana dibantu sekali & diberi penjelasan yg baik recomen u/ yg ada kebutuhan terkait kendaraan ""Mobil"" Honda hold on untuk services baiknya👌🏻☕️";;
Deni dwi prasetyo;20/11/2023;1;Bintang 1 karna untuk update pengerjaan mobil yg d service ngk ada.. Apk cuma bisa buat boking doang .. menuh menuhin memory hp doang. Harusnya apk ini bisa untuk pengecekan pengerjaan mobil sudah selesai atau belum di servicenya&total biaya .. Jadi sbg pengguna H-ECARE terbantu dengan adanya info tersebut.;;
Merwan Kristian;15/11/2023;5;Keren lebih mudah, untuk jadwal servis tidak menunggu antrian lagi. Saya sudah mencoba sekali, menggunakannya bagus kok tinggal klik boking, waktu dan jamnya. Tinggal ke loket tunjukin boking kita, langsung dilayani tanpa ngambil no antrian lagi. Buat rekan2 yang baru membeli mobil, emang agak lama verifikasinya karena satunya menunggu STNKnya di verifikasi dari aplikasi. Tq ini review saya kalau saya pribadi puas dengan pelayanan aplikasi ini.;;
RMabroy;09/11/2023;1;No rangka dan mesin ga sesuai padahal ngikutin yg d stnk. Aneh wkwk;;
Dadan Budiana;09/11/2023;2;masih susah registrasi dan approve verifikasinya bertele tele menyulitkan kita semuanya 🤔 segini dulu ratingnya;;
Zie Fauzi;09/11/2023;1;Sekelas HONDA punya aplikasi sampah begini ya, mau daftar susah bener, malah di notif kalau mobil sdh pernah di daftarkan, lah.... baru jg di instal ini aplikasi, baru jg pny mobil merk HONDA, plat nomer jg blm ada sebulan umurnya... ya mobil nya, ya bengkelnya, ya aftersales nya, bahkan smpe aplikasinya jg sampah.. nyesel bner ambil ni mobil.. mobil baru sebulan jg trouble nya udh bejibun...;;
Samir Abdullah;08/11/2023;5;Nilai 10 dah pelayanan terbaik salesnya juga sangat ramah;;
Sulardi D5ku;31/10/2023;4;Mantap pakai Mobil Honda.;;
Budi Santoso;29/10/2023;5;Good aplication;;
Wawan Her;26/10/2023;1;B AJA. ga ada yg berguna. Malah bikin pusing para seles minta tolong aplikasi kasi bintang 5. Gua sih ogah. Pelayanan kurang bagus;;
Yustinus Feriady;16/10/2023;5;Terima kasih sudah dibantu mendaftarkan unit.;;
Ary Andriyan;13/10/2023;1;Kalo ada bintang 0, sy kasih 0 aja. Berulang2 masukin nomor mesin dan nomor rangka bilangnya kendaraan tidak tersedia, padahal jelas sudah ditulis sesuai STNK tetap gagal, ilegal apa motor gw beli??? Gak jelas banget;;
Ketut Sedanarata;10/10/2023;5;Bagus.....;;
Joko Iswoyo;09/10/2023;5;Pelayanan bagus dan ramah , dan hasil service bagus , juga tempat menunggunya nyaman sekali;;
Dany JPC;09/10/2023;5;Mantabb;;
Sanggar laut Selatan 2;04/10/2023;5;Pakai aplikasi ini jadi memudahkan banget Sukses terus yaa hondaaaa;;
Eddy Wiyose;29/09/2023;4;👍👍👍👍;;
Zadila Collection;29/09/2023;5;Makasih pelayanan bagus;;
Elyta Nova;29/09/2023;5;Honda e-care paling oke;;
Hadadi Hadadi;26/09/2023;5;Ok;;
Zia Rachmat;25/09/2023;5;Top markotop;;
Alloy Doank;17/09/2023;3;Mau cek histori service aja susah.;;
Basri Lantehceh;12/09/2023;5;Bagus;;
Darussalam Usman;06/09/2023;4;Mohon ditambah fasilitas cancel dan reschedule booking servisnya;;
Muhammad Ikbal;05/09/2023;1;Dengan adanya aplikasi ini, saya kira memudahkan konsumen untuk melakukan booking ternyata BOBROK. Terimakasih Honda sudah membuang kuota data saya, fix uninstal;;
Ali Sabana;31/08/2023;1;Untuk booking service respon konfirmasi lama;;
robby pratama;24/08/2023;5;Good;;
Jones Aritonang;23/08/2023;5;Kemudahan layanan aplikasi;;
Zayyid M;15/08/2023;5;Aplikasi masih butuh pengembangan . Pelayanan luar biasa baik, diantar sampai mobil, dijelaskan detail pembayaran, pegawai ramah sekali, waiting room mantap . walaupun saran , di waiting room next smg ada kue2 selain snack. Tingkatkan terus dan pertahankan pelayanan ya;;
JUANDA SAPUTRA;09/08/2023;5;Sangat Membantu bagi pengguna Mobil Honda;;
Czz Ikmal;08/08/2023;5;Mempermudah;;
Sukses Bahagia (profitrader);02/08/2023;5;Sangat baik dan cepat dalam response pelanggan..;;
Rasianur Nur;25/07/2023;5;Biar lebih mudah;;
Herman A;24/07/2023;5;Aplikasi membantu;;
Wiyono Yono;19/07/2023;5;Bearing compresor honda freed;;
Taopik Robina;15/07/2023;4;Mantap;;
sumardi 01;04/07/2023;5;kemarin saya gk booking servis lgsung datang aja .alkhamdulillah pelayanan cepat dan bagus;;
Dedy Lovina;28/06/2023;1;Susah ribet..mw booking service hrs ulang2 isi data,no mesin, no rangka,isi profile Lg..udh sejam muter2 aja...d buat simple dong..kan mw booking bukan mw beli..masukin plat,jam booking aja cukup kali ya..ga PK ribet..mohon d rubah syatemnta ya..tnx;;
Joko Budi S;26/06/2023;1;Udah daftar di aplikasi tapi tapi service nya full antri terus ngapain buat aplikasi untuk service kalau kek gini;;
Gemilang Ritel Abadi;24/06/2023;5;Terbaik, sangat membantu, trust worty;;
Ainur Rofiq Habibie;10/06/2023;1;Aplikasi tidak berguna mau booking jam service ga bisa semua sudah merah dan silang semua;;
Wa ode Kurnesi;10/06/2023;5;Sangat membantu buat pemula;;
Ferdinand Fernando;07/06/2023;1;Sangat slow respon, dari membuka aplikasi sampai dengan menunggu konfirmasi. Tingkatkan kembali pelayanannya.;;
Amir Udin;27/05/2023;1;Halo kak. Saya pengguna baru di honda dan di arahin suruh pake APK ini tapi kenapa ga bisa di buka ya APK nya cuma mentok sampe LOGO doank. Trimakasih;;
Arif monggo cassablnca99;27/05/2023;5;Ok;;
A M (I'am Dayak);27/05/2023;3;Aplikasi saat ini gak bisa di buka, mohon penjelasan dari pihak honda e care;;
Gamar Pratama;27/05/2023;2;Update sebelumnya force close, sekarang stuck di loading;;
Jhonny Wijaya;27/05/2023;3;Kenapa ga bs masuk ke aplikasi y loading logo awal sudah setengah jam tetapi g masuk2 ke aplikasi? Makasih;;
TRI NUR WIDJAYA;26/05/2023;1;Setelah di update malah gak bisa masuk ini gimana hello honda saya mau booking service gak bisal,ini sudah 2hari loging SUSAH;;
Bang Zhai;18/05/2023;5;thanks, mempermudah saya sebagai konsumen honda.;;
Ilham Selamat;16/05/2023;1;Aplikasi belum matang. Register tdk bisa;;
JK Halim;12/05/2023;1;Sudah beberapa kali Booking via Honda E Care selalu di bilang nya jadwal nya penuh oleh Cust Service HJC Pangjay . Padahal di jadwal nya masih kosong di Honda Ecare, Jadi buat apa booking di aplikasi tapi setelah itu selalu di rubah jadwal nya oleh CS HJC Pangjay. Tolong dong ini dari Pihak manajement di perhatikan lagi kinerja nya. Ada kasus lagi di Honda ECare saya dapat notifikasi utk upgrade software tape Audio tapi di bengkel nya bilang enggak ada yg perlu di upgrade.;;
Pandu Agung Pambudi;12/05/2023;5;Riwayat servis sudah muncul tahun 2023;;
Arif Imam Taufik;10/05/2023;4;Kemaren tidak bisa di daftarkan, minta bantuan lewat email akhir nya di bantu, ternyata di sistem tercatat no mesin nya harus di sisipkan garis strip (-) dan pendaftaran berhasil , terimakasih CS honda e-care;;
Jaka Purnadi;10/05/2023;1;Sekelas honda ngeluarin aplikasi ko seperti hanya pelengkap saja, tidak diperhatikan kemudahan dan fiturnya. Mestinya yang menjadi keluhan pelanggan segera di sempurnakan, mendaftarkan kendaraan aja susah jangan sampai pelanggan resah seakan kendaraannya tidak terdaftar di honda nya sendiri. maaf mohon ditingkatkan...;;
Laode Maulidin;06/05/2023;5;Sangat membantu customer.;;
Kartini Dewi;03/05/2023;5;Kak.., ini aplikasi update, log out sendiri. Saya lupa kata sandi, kok tidak bisa di klik lupa sandi dan kirim email dinotif, data pengguna tidak ditemukan. Gimana yaa kak? Tks;;
Anthoni Susanto;01/05/2023;1;Ribet;;
Nazrin Auto;27/04/2023;1;Ribet;;
Velissa NK (Velissa);27/04/2023;1;Pingin service bayar aja kok tambah ribet,;;
Okana Dian;26/04/2023;5;Pelayanan baik dan ramah, Utk makin diperbanyak paket hemat servisnya biar bikin tdk kantong kering☺;;
Muh Asri;17/04/2023;1;Jadwalnya booking service tdk singkron dengan dealer,..tdk update. Auto delete;;
Logam Mulia;13/04/2023;5;Bagus;;
Saepudin 3009;11/04/2023;5;Sangat memudahkan saat booking service.;;
Benedictus Sudianto;02/04/2023;4;Ni bingung cara daftarin,mental terus dan di minta cek nmr rangka dan nmr mesin pdhal sdh bener isi nya,bagaimana cara nya agar ngga mental terus isi nya;;
Nova Mulianita;28/03/2023;1;Aplikasi payah, sangat susah dbuka.;;
Handoko Syahputra;17/03/2023;5;Sangat bagus dan membantu konsumen dalam melakukan booking service;;
Enang Solehudin;16/03/2023;1;Applikasi ini sungguh beban sekali mau daftar z salah terus no rangka..padahal sudah sesuai no di sntk..mungkin ini aplikasi WAJIB DI PERBAIKI ,KALAU ADA MINUS STAR AKU TARO TUH;;
Ahmad Hyundai Aceh;15/03/2023;5;Buat yg daftarin dn gk bisa. Dia tunggu 2 minggu dulu dri serah Terima unitnguys. Ada namanya surat jalan kalau sdh masuk sistem. Baru data surat jln sementara tersebut dpt di pakai sebagai dta sementara buat daftarkan ke aplikasi e care. Semoga bermanfaat.;;
Trisna Permatasari;10/03/2023;5;Service Jadi lebih Mudah dan Test Driver juga bisa langsung di aplikasi ini, keren banget;;
Vania Febrianti;08/03/2023;1;Mau daftarin kendaraan aja sulit. Padahal nmr udah bener tapi kagak bisa, di suruh periksa kembali terus. Aneh sama aja gabisa digunain.;;
SW Chanel;08/03/2023;1;Data service history mobil saya tdk pernah diupdate, kasih bintang 1 aja.;;
Min Sia;03/03/2023;5;Sangat Membantu👍;;
Rojalul Webb;28/02/2023;5;Mantap;;
Agoes Choirul Alim;25/02/2023;5;Mantap;;
Kantoni Iis;20/02/2023;4;Sangat membantu, utk pemilik mobil honda;;
Maria Ulfah;18/02/2023;5;Sangat membantu untuk pengguna honda,dtingkatkan terus performa aplikasinya;;
Jhon Lee;15/02/2023;5;👍;;
Heni Susanto;14/02/2023;5;sangat membatu;;
Mohamad Rahmatullah Siddiq;02/02/2023;5;Aplikasi ini sangat membantu sekali bagi pemilik mobil honda. Kemudahan dalam perawatan kendaraan baik informasi produk, bengkel jg servis bisa diakomodasi melalui Honda e-care. Semoga bisa dipertahankan kualitasnya dan menjadi lebih baik lagi;;
IRWAN SAFARI (Irwan);02/02/2023;5;Memudahkan;;
Misbahul Mustofa;01/02/2023;1;SAYA UDAH DOWNLOAD UDAH MASUKAN NO RANGKA UDH MASUKAN NO MESIN NO POL MASA GA BISA TAMBAHKAN KENDARAAN DENGAN ALASAN PERIKSA KEMBALI NO MESIN DAN NO RANGKA ANDA UDAH JELAS JELAS SAYA SESUAIKAN DENGAN YANG DI BPKB;;
Erlandsyah Fajri;01/02/2023;1;Aplikasi ngaco, udah regist dan isi data lengkap mobil segala macem sampe no KTP dan berhasil regist. Tapi, setelah sehari gak dibuka data regist mobil saya hilang lagi, mesti regist ulang. Kalo punya aplikasi belum siap launching gausah launching, awas aja kalo sampe data saya bocor di pake sama oknum. Saya somasi nih aplikasi.;;
Elvin;30/01/2023;1;Udah booking status 2 hari menunggu konfirmasi terus tidak ada pihak dealler yg menghubungi pas hari H malah dibatalkan sepihak;;
Riana Dwi Suryani;27/01/2023;5;Aplikasi yg sangat memudahkan pelanggan, terutama untuk proses booking servis;;
honda Perdana;19/01/2023;5;Sangat membantu;;
Inoue Putra;16/01/2023;5;Sangat membantu sekali untuk proses servicenya dan klaim;;
Nova Juliana;16/01/2023;5;Sangat memuaskan & membantu sekali terbantu sekali dengan aplikasi nya saat mau booking service lebih mudah. 👍👍👍👍👍👍👍;;
Zahra nazula;12/01/2023;5;Mohon bantu dong kenapa aplikasinya tidak bisa digunakan. Padahal udah pernah dipakai juga. Tp semuanya hilang. Sudah isi no rangka dll nya. Tp pas masukin email tidak bisa dibuka. Sudah coba registrasi ulang malah sudah terdaftar;;
syahruddin S.;26/12/2022;5;Bagus;;
Davit Nugroho;20/12/2022;1;Tolong ga usah kirim2 pesan sok mengingat untuk server, gara2 pesan itu saya debat sama orang rumah, jadi jangan menggangguku kenyamanan terimakasih!!!;;
Hikma Rahmania;20/12/2022;4;ada yang bisa jawab, saya daftar kendaraan baru saat pengisian nomor rangka, muncul pemberitahuan kendaraan sudah didaftarkan akun lain dan muncul dua opsi 1.saya pemilik baru 2. permintaan akses data kepemilik utama. pertanyaannya siapa pemilik utama sedangkan saya beli yang baru?;;
Chalik gerra athallarefa;08/12/2022;5;Aplikasinya lengkap;;
Heri Sanjaya;06/12/2022;5;Mempermudah custemer;;
Yanto Sugianto;02/12/2022;3;Fitur Booking Service tidak bisa digunakan, pengisian data terhenti;;
Erlin Taty;01/12/2022;5;👍👍👍👍👍👍👍👍👍;;
Korneles Wellikin;23/11/2022;5;Sangad membantu;;
Wiranto Anto;16/11/2022;5;Ok pokoknya;;
Ade Yoviansyah;10/11/2022;5;Honda ada tidak aplikasi untuk bisa mengecek spareparts dan harga per part seperti merk mobil lain?;;
SANDI ADAM;30/10/2022;5;Apk mantap;;
Rudy D;28/10/2022;3;Agak ribet yah untuk masuk Honda e-Care;;
Laksono Hendri Kuncoro;21/10/2022;5;Aplikasi yang bagus, bermanfaat sekali untuk pengguna mobil honda;;
Jo La;20/10/2022;5;trimakasih ats pelayanan nya dan servis nya sekali lagi trimakasih telah mewujudkan impian mobil kami trim honda Sukses terus yah Gbu;;
Tito Sujati;15/10/2022;3;Respon dari booking service lama banget, sepertinya dealer servis tidak semua peduli dengan aplikasi ini.;;
Sun Sun;14/10/2022;5;Mantap honda;;
Sunarto Adi;12/10/2022;5;Bagus;;
Bilal Hamizan;10/10/2022;5;Pelayanan lumayan memuaskan.;;
Azwar Azwar;07/10/2022;5;Bagus;;
Valentino Rosi;03/10/2022;1;Aplikasi ini sbenarnya bagusss Tapiiiiiiii..... Knp...knp... Kok saya baru dikasih tahu sama pihak hondaaaaa adanya apk ini lah wong saya sebagai memiliki mobil Honda pembelian th2018 Sudah habisssssss dan lewatttt free servic nya alias expired sunguh2 sangat menyesal sama pihak Honda Alisa tidak pernah saya pakai fre servisnya Sungguh keterlaluan managmen Honda Saya tidak pernah dikasih tahu sama pihak Honda kalo ada free servis sungguh keterlaluan Kalo sudah lewat baru dikasih tahu menyebalkan;;
widodo ade nugraha;29/09/2022;5;Mobil Honda Brio RS urbanit kwalitas bagus dan memuaskan;;
suharno spd;13/09/2022;5;It's ok;;
Latifah Sonia;13/09/2022;5;Bagus bgttt sgt membantu;;
Satiya Satuhu;06/09/2022;5;Good;;
Reza Mirza;03/09/2022;5;Mantap;;
R. Eko Prasetyo Adi Pranoto Spn;03/09/2022;5;Siiip;;
Ester Bkl;31/08/2022;5;Aplikasi sangat membantu;;
pasfm pati;31/08/2022;5;Sangat membantu dan mempermudah servis dan pemeliharaan mobil.. hanya saja kalau bisa beaya servisnya diturunkan....shg lebih menjamin kendaraan honda.;;
makhrus muhammad;25/08/2022;5;Sangat membantu dalam memanage mobil honda tercinta;;
Seiko Herlambang;25/08/2022;5;semakin mudah untuk pelanggan;;
Sapta Nugroho;25/08/2022;5;Sangat memudahkan informasi mengenai mobil Honda ...mantabbb;;
metharis hervi;25/08/2022;5;Nice aplikasi;;
Ahmad Mukhlisin;25/08/2022;5;Sangat bermanfaat;;
Aris Wicaksono;25/08/2022;5;Mantap;;
Andy Honda Semarang;25/08/2022;5;Mantap;;
icaroos pandu;23/08/2022;2;Lumayanlah...dari pada tidak ada, huruf kekecilan sulit membaca keterangannya. Bisa tidak untuk sparepart ada info harganya, terima kasih🙏👌;;
Hada Husaeni;16/08/2022;5;Top markotop....👍👍👍;;
Aris bastian steel;16/08/2022;5;Sangat memudahkan;;
Nito Sun;11/08/2022;1;Permintaan akses ke pemilik utama itu melalui apa, sms atau wa?;;
Ahmad Ismail;06/08/2022;5;👍;;
Vony Arissa;05/08/2022;4;Lumayan membantu untuk booking servis;;
Kamaludin Al Yafiie;05/08/2022;5;Untuk booking servis terkendala..;;
Mohammad Subhan;27/07/2022;5;Aplikasi nya sangat mempermudah pengguna Honda;;
Panji Syahputra;25/07/2022;5;Mantappp;;
coco_ time;23/07/2022;1;Gak bisa dipake :(;;
MADE HENDRA;20/07/2022;1;Ribet;;
Yulianti Agustina (C.2310227);11/07/2022;5;Muhammad Gunawan Pulungan;;
Erik S. M. Hutauruk;09/07/2022;1;Booking service seminggu sebelum jadwal dan sudah dikonfirmasi setuju oleh IDK 2 Medan, sehari sebelum jadwal dicancel tanpa ada solusi. Apa gunanya booking? After sales honda klo udah dibeli mobilnya jd begini, sbelum beli mobil kayanya bagus2 aja.;;
abah latif (canvasmas);01/07/2022;1;Sekelas Honda , HPM , buat aplikasi banyak error , Saya masukan nomer rangka All New Civic RS yang terdeteksi aplikasi Civic HB , Informasi service berkala juga ga akurat, Ga ngerti ini Honda sedunia apa cuma di indo saja , Sama halnya simpang siurnya informasi aftersales, service , product knowladge yang selalu beda antara dealer , dan call cantre HPM , PENTING : HARUSNYA ADA MANUAL BOOK tersendiri Tentang HONDA SENSING karena ini fitur semiotonomus yg bisa berbahaya kalau tidak Paham.;;
irmy satria;22/06/2022;1;Semakin Ribet. Kemarin bisa cek service record dengan mudah. tanpa isi data diri atau kirim persetujuan ke pemilik sebelum nya. Sekarang harus isi data diri / kirim persetujuan ke pemilik sebelum nya. Bagaimana kalau misal nya calon pembeli mobil bekas tau kalau itu mobil kilometer masih asli dan mobil selalu terawat di honda kalau proses nya ribet. Semoga Di Kembalikan Seperti Kemarin Aplikasi Nya. Thx U;;
Deivy Pangemanan;09/06/2022;1;Tidak bisa login. Kayaknya jadi malas melayani;;
Debby Stevany;09/06/2022;1;masa gabisa booking sih, hahahaa trus gunanya aplikasi apaaa dongggg;;
DENNY MEDIA;02/06/2022;5;Mantap;;
Andi Sinawan;24/05/2022;5;Ok;;
ADK118 TV;15/05/2022;1;Dulu sempat bisa booking servis, skrg dah ga bisa..data kendaraan hilang, input lgi suruh konfirmasi pemilik, pdhl saya pemilik pertama.. smpe skrg blm bisa ... Mohon solusinya..;;
Zilong Savage;11/05/2022;1;Rak cetho;;
Samsu Alam;03/05/2022;5;Sangat membantu;;
sutarno drs;25/04/2022;4;Cepat, tepat dan memuaskan;;
Hendri Restianto;16/04/2022;3;Saya ko ga bisa booking service yah? Bisa milih tanggal yang tersedia tapi ga ada button simpan/submit booking;;
Rizki Jan;15/04/2022;5;Mantap digitalisasi dibidang industri otomotif,...;;
farhan hijazi;15/04/2022;1;nomor rangka dan nomor mesin selalu salah, padahal udah isi dengan benar;;
Aji Monstrologist;12/04/2022;3;Voucher nya kok gk dapet sih, misal gratis apa gitu kek;;
Issirep Sumardi;10/04/2022;5;Sangat memuaskan.petugas ramah2;;
Ahmad Fikri Zulfikar;07/04/2022;5;Sudah bagus;;
calvin marcellino;25/03/2022;1;Update malah data kendaraan hilang,apk payah;;
Sam Neutron;16/03/2022;5;Sekarang saya kasih bintang 5, aplikasinya respon, ringan dan info yang ditampilkan lengkap Sangat membantu;;
David Debora;14/03/2022;1;Tidak bisa login;;
Muhammad Zahran;13/03/2022;2;Gabisa login;;
Ar Syah29;09/03/2022;5;Forr busnesss;;
mulyani ulhy;05/03/2022;2;Tidak bisa di tambahkan padahal sudah isi nomor rangka dan lain2nya Perbaikan dong min, biar lebih mudah;;
dhipo widian;01/03/2022;3;untuk fungsinya apa yah ini applikasi??... booking disini malah lebih antri dari pada datang langsung. sudah booking dan dateng sampai di perbaikin tapi malah pesannya booking di batalkan... dan juga tidak masuk histori perbaikan.. kalau di bengkelnya pelayan ok. honda permata hijau.;;
Jeremia Bimo;27/02/2022;1;"Saya sudah memasukan Noka dan Nosin dengan benar tapi muncul notifikasi ""periksa kembali Nosin dan Noka anda"". Lalu bagaimana cara saya membooking kalau kaya gini??";;
Hilfi Villar Risya;19/02/2022;1;Ini real apk Honda? Brand mobil besar itu? Sejelek ini? Mau booking service aja Gk bisa hadeh;;
Rangga Mahaputra;17/02/2022;1;Ko sayah gak bisa login yaa, padahal sudah pake email cuma disitu keteranganya masukan nomor yang benar, padahal nomor saya sudah benar tapi tetep tidak bisa masuk..;;
9D17 Imanuel Putra F.;15/02/2022;1;Kurang membantu bos;;
Achmad Triyanto;05/02/2022;5;Yang baru ini sudah lebih banyak fiturnya;;
Rahman Wahyudi;05/02/2022;5;Fungsinya sudah bagus dan informasinya komplit;;
Azis SFN;05/02/2022;5;Nice app;;
Agus Rosidi;04/02/2022;5;Semoga bermanfaat;;
Bozt Maul;02/02/2022;1;Semenjak update Honda e-Care kacau, mulai dari data kendaraan hilang sehingga tidak bisa booking service. Setelah di input kembali, yang keluar harus konfirmasi kepemilikan... Hingga kini belum ada SOLUSI;;
Rendi Fernando;26/01/2022;1;Closing mulu,,, ini real punya Honda, brand besar itukah??;;
herlandani herlandani;26/01/2022;4;Update terbaru tgl 26/01/2022 malah tidak bisa tampil;;
Moh Haerul Anwar;26/01/2022;1;𝚂𝚎𝚝𝚎𝚕𝚊𝚑 𝚍𝚒 𝚄𝙿𝙶𝚁𝙰𝙳𝙴 𝚊𝚙𝚕𝚒𝚔𝚊𝚜𝚒 𝚐𝚊𝚔 𝚋𝚒𝚜𝚊 𝚍𝚒𝚋𝚞𝚔𝚊..??;;
Suwardi;19/01/2022;5;Ok;;
Elvynza Fernanda30;13/01/2022;1;Masih banyak para teknisi yang mempermainkan konsumen. Sangat mengecewakan!!!;;
latifah tif;08/01/2022;1;Ada gak mobil honda freed ke;;
Koswara -;08/01/2022;5;Ok;;
Kode Tan Sun Ie;07/01/2022;1;Ini kenapa not responding ? di update gak bisa log in juga.;;
Faisal Faisal;30/11/2021;5;Layanan baik;;
Akbar Rizki;22/11/2021;1;Apk sampah;;
Dika Alnas;21/11/2021;1;Nggak bisa registrasi kendaraan, keterangannya kendaraan tdk ditemukan;;
fery fernando;30/10/2021;1;Jelek;;
Heri Pramono;26/10/2021;1;Dear Honda, mendingan gak ush buat aplikasi di android kalo ga fungsi dan gak siap buat di pake jutaan orang di indonesia ini, udah di instal ga bisa di apa2in.;;
Rizqa Karima;26/10/2021;1;"Sudah berhari-hari coba mendaftar kan kendaraan sesuai dengan yang di STNK selalu jawabannya ""kendaraan tidak ditemukan atau anda belum mendaftar"" padahal jelas2 sudah mendaftar..coba dengan email lain..ternyata sama saja... tolong di perbaiki";;
Donny Alexandra;25/10/2021;1;Parah.......;;
Raden Rozali;20/10/2021;5;App mantap 👍;;
Almar R Khansa;07/10/2021;5;Almar Rajendra Khansa;;
Arief Hidayat;29/09/2021;1;Aplikasi sampah !!! Registrasi aja gagal mulu. Udah ngisi surel alamat email dengan benar, trus pas waktu minta kode aktivasi tapi gak ada juga dikirim lewat email! Pecat aja tuh yg bikin aplikasinya!!!;;
asraf kiw;24/09/2021;5;K up my j ng g ng b my the! K mhee my m my ng mhee kit;;
On ranS;13/09/2021;1;Gak bisa mendaftarkan kendaraan.;;
abdullah fatin;02/09/2021;1;Responnya lambat;;
Sugi Anto;07/08/2021;5;Bagus;;
Ardiles Gosal;03/08/2021;1;Erdfaae;;
abenk byon;14/07/2021;2;Serius aplikasi ini dibuat untuk memberi kemudahan customer? Sampai kapan aplikasi ini akan bisa di akses? Mungkin ada solusi pengganti aplikasi ini, agar bisa diakses dan memberi kemudahan customer 🙏;;
Johnson Pasaribu;13/07/2021;1;Aplikasi abal2 Dalam aplikasi disuruh milih waktu yg tersedia....tapi dari call center..bilang waktu tdk tersedia dan seenaknya aja merubah waktunya. Seharusnya kalau slot waktu tdk tersedia lagi...maka customer tdk bisa lagi memilih waktu yg dicantumkan dalam aplikasi.;;
Agus Priyono;05/07/2021;5;Simple;;
TOTOK WIJATMOKO;30/06/2021;5;Ok;;
dede rusmana;17/06/2021;1;Gak bisa log-in, padahal awal masih bisa, setelah diperbaharui malah gak bisa sama sekali... Tolong di perbaiki lagi.;;
Benny eck;08/06/2021;1;Aplikasi sampah, udh coba ulang2 masukin data tetap aja kendaraan blm terdaftar.;;
A.Yuly Asriaman (Aman);06/06/2021;2;Booking hanya dibatasi sekitar sebulan, bagusnya sudah support booking 6 bulan kemudian, riwayat service kita tidak ditampilkan, bagus juga disediakan list part yang akan di periksa dan ganti di service berikutnya sera lebih bagus lagi jika disediakan dengan estimation biaya service berkala kendaraan kita, semoga bisa jadi masukan buat pengembang app Honda e-Care, dan terealisasikan.;;
Firman Abdullah hartono;04/06/2021;5;Daftar dulu masbro baru login kok payah. Voucher ada di kolom voucher;;
Indra Jaya FX;24/05/2021;1;Aplikasi tdk bsa d pake,, aplikasi Tolol!! Bagaimana kita mau daftar recall, Login arahnya kemana dan tdk bsa, app sampah!! Ttitik GPS tdk bsa, app anjingg;;
Faiez Alvino;21/05/2021;1;Parah parah. Udah instal 2x tapi ga bisa log in. Gila sih ini bikin apk buat ngabisin kuota customer ajah;;
Karisma Jaya;18/05/2021;5;Sangat membatu;;
Ade Sandra;08/05/2021;4;Sekalian bikin katalog harga spare part HONDA;;
Ruslantapin Rantau;05/05/2021;5;Terima kasih telah memberikan pelayanan dengan baik;;
Baskoro Setiyo;17/04/2021;5;Dapat melakukan booking service, tanpa antri ke dealer dan menunggu lama..;;
syahril sasak;02/04/2021;5;Dapat info dari honda;;
Yati Rohayati;19/03/2021;1;kode voucher sudah dimasukan saat booking tapi tidak bisa dipakai saat sampai di dealer karena tidak muncul kodenya di aplikasi dan malah menyalahkan hp user. padahal tinggal cek di dashboard atau lngsung saja query databasenya kalau tidak ada dashboard sistemnya!;;
muhammad hasyim;08/03/2021;5;Ok;;
Budi Santosa;27/02/2021;5;Memberi kemudahan pelayanan service;;
Acenk Hasan;20/02/2021;5;Sangat memuaskan.;;
Herman Yosef;19/02/2021;5;👍;;
Senyum Sangmentari;17/02/2021;1;Ga bisa login, Api tidak ditemukan. lokasi perkotaan, tolong diperbaiki servernya. Kalo sudah bisa login bintang ya kutambah;;
Nurkholis;16/02/2021;3;Error : Http 500 internal server error;;
Muhammad Desri Murdianto;14/02/2021;1;Ulasan apk saya dm di ig HPM aja..disini ga di tanggapi..;;
ZACRAS channel26;13/02/2021;1;aplikasi jagan di unduh egk bisa di pake percuma;;
Sembuang 88;09/02/2021;5;Oke;;
Shelvy elvaira Putri;08/02/2021;5;Top 👍👍;;
ali hanafi;16/01/2021;1;Aplikasi cacat, gak bisa login;;
Abdul Haris;15/01/2021;2;Aplikasi ini nggak baik. katanya promo diskon khusus sampai 50/25 sampai tempat servis nggak ada potongan voucher nya,;;
AngeL JS;10/01/2021;5;Suka bgt sama aplikasi ini.. Disaat mau service berkala mobil tinggal booking dr aplikasi trus 5 menit kemudian dpt telp dr Honda.. Hari H mau service mobil tdk antri lg langsung ke pelanggan prioritas.. Trus dpt info2 yg berguna misalnya mobil sdh habis masa service gratis ehh ga taunya di aplikasi tercantum pembelian mobil dr Agustus 2018 free service mobil selama 4thn. Klu kita tdk tau info ini n tidak sampaikan ke pihak bengkel Honda,kita sampai di bengkel Honda tetep kena cas service nya;;
Heru Santosa;30/12/2020;3;Mau registrasi aja susah;;
Nanda Noviandi;11/12/2020;5;Thanks promonya Honda;;
Sukrons Kron;10/12/2020;5;Okeh;;
Henri SE; M;Si;10/12/2020;5;Pelayanan maksimal
any santy;09/12/2020;5;Mantab;;
Samuel Umbu Moto;09/12/2020;4;Tidak perna buat masalah;;
AGUST TISABILAGA;08/12/2020;5;Makasih aplikasi nya sangat menyenangkan dan membantu banget;;
Hasanuddin;05/12/2020;2;"No. Polisi, No. Rangka dan No. Mesin sudah diisi dengan benar, tapi waktu diklik SIMPAN selalu muncul pesan ""Kendaraan tidak ditemukan atau belum terdaftar"" Mohon info selanjutnya... Sementara ⭐⭐ dulu... Kalo sudah terdaftar, saya kasih ⭐⭐⭐⭐⭐";;
Tiorly Sitorus;02/12/2020;5;Sukses utk honda... tingkatkan terus pelayanannya;;
Fikri Nugraha;26/11/2020;5;Great apps;;
Mierza Junianto;18/11/2020;5;Aplikasii yg muthakirr ,luar biasa saya sangat terbantu sebagai pengguna Honda. Gokksssss!;;
Mardi Burhan;07/11/2020;3;Kasih Bintang 3 sjaa.. Aplikasi cuma membantu Untuk booking saja... Sebaiknya hasil pengecekan detail kendaraan juga bisa ditampilkan...termasuk informasi permasalahan kendaraan yg ditemukan. Masih perlu pengembangan aplikasinya...bukan cuma bisa booking saja...;;
herik Purwanto;01/11/2020;1;Saya kapan hari service diberes honda dengan pilihan paket 3. Saya kecewa karena disitu penggantian oilnya tidak sama dengan apa yang di sampaikan dikolom promosi. Dikolom promosi untuk penggantian oil tercantum kemasan 5liter, dan ternyata sampai di beres diganti pakek oil drum2man. 😑;;
Manik Raja (AfterMidNite);28/10/2020;1;Aplikaainya gak jelas arah dan tujuannya;;
Randy Kokong;23/10/2020;1;Aplikasi ngak guna, masa mau registrasi aja ngak bisa, tiap kali mau simpan data langsung force close aplikasinya... gimana mau booking service kayak gini 👎👎👎;;
Indra Shieventri;21/10/2020;1;Sudah berbulan bulan registrasi mobil nya tapi gak bisa-bisa dan gedeknya nya lagi buat booking service juga gak bisa;;
Harnanto Sukmantoro;20/10/2020;1;Aplikasi abal-abal. Tidak ada tombol booking di halaman booking, cepat perbaiki!;;
Sefi Rijal;18/10/2020;1;Mau registrasi tetapi tidak bisa;;
Tri Agus Tyo;16/10/2020;1;Ini aplikasi buat gemes ingin dibanting, ko bisa ya?? Minta tolong dong Tim Honda, aplikasinya malu-maluin Pemilik Honda, masa aplikasi tidak ada tombol save/ok/no/konfirm, sudah diinput hilang, pilih type ga tau tombol di umpetin dimana, hadeuhhh;;
Daeng nyao;15/10/2020;2;Kok lokasi palopo tidak bs booking... Padahal beres sanggar laut selatan ada;;
Purwanto Sri;11/10/2020;1;Sudah registrasi katanya voucher di SMS, di tunggu gak ada... Dan tanya ke Honda, mereka gak tahu apa2...;;
Tony Paser;10/10/2020;2;tidak bisa registrasi. saat masuk registrasi,minta kode aktivasi tidak pernah muncul. tolong disempurnakan aplikasinya;;
Priliansyah Ma'ruf Nur;22/09/2020;1;Tidak bisa mendaftar booking servis;;
Rafael Darmawan;19/09/2020;5;😊😊GOOD NILAI 800;;
Key Kurniawan;17/09/2020;5;Nice Apps;;
Toto Apriyanto;16/09/2020;1;Aplikasi ini harus bisa mengCek Histori kendaraan, seperti aplikasi Kompetitor.. Dgn menginput NIK dan no. Pol nya. Agar minimal ada remaindernya juga jika lupa schedule service berkala;;
Arief Aditya rifandy;08/09/2020;3;Permintaan pelanggan terbatas hanya sekitar 50 huruf pada kolom format booking service..;;
Edwin Rusli;07/09/2020;5;Sudah semakin baik & lebih user friendly dr versi sebelumnya;;
Niti Syachrenggo;05/09/2020;5;Ok;;
Budiman PGL;04/09/2020;1;Sudah berbulan2 coba tetap gak bisa registrasi. Tanya ke bengkel resmi juga tidak bisa membantu. Lebih baik tidak usah mengeluarkan aplikasi tapi tidak siap dan menyusahkan pemilik kendaraan. Seperti hanya ikut2an punya aplikasi, biar dianggap keren dan melek teknologi😠;;
Rizqy Octaviano;03/09/2020;1;Ngga bs registrasi....diulang2 smp berkali2...jawabannya tetep mbl blm terdaftar...trus mksdnya bikin aplikasi ini buat apa kl registrasi aj ga bisa;;
Indra Kuswandi;28/08/2020;1;Tidak bisa register, no rangka no mesin tidak terdaftar;;
Eka Sulistyo;22/08/2020;1;Saya owner Mobilio dan mhn ditingkatkan service care nya. Klo pelayanan purnajual Honda seperti ini, jgn salahkan konsumen yg pindah ke merk sebelah;;
Indra Mahendra;17/08/2020;1;Ternyata bukan gw aja yg susah registrasi di app ini. OMG ini beneran app Honda 🤕🙈;;
Recky Lala;07/08/2020;1;Tidak bisa diinstal;;
Anton Triantoro;04/08/2020;1;Gimana deh, udh milih jam sama hari, tetep aja gabisa booking, katanya proses terlalu lama..kadang2 muncul 2 errors occure;;
desfitriady sikumbang;02/08/2020;1;Susaaaaah banget registrasinya ya... Koq Honda yg sudah mempunyai teknologi terkini tapi IT nya sepertinya abal-abal... Benerin atuh biar Honda tetap keren...;;
Agus Sugiyanto;01/08/2020;1;Yth. Pengelola Honda e-Care, kenapa selalu terjadi eror ketika saya mau daftar di aplikasi ini?;;
Muhamad Dede Sa'dullah Almubarak;31/07/2020;1;Gak bisa search lokasi dealer...;;
Rian kusuma Akbar;29/07/2020;5;Aplikasi yg bagus kita bisa lihat kapasitas di dealer;;
Hidayat Rahmad;28/07/2020;1;Gimana mau booking pilih jam nya aja gak bisa, aplikasi tidak membantu sama sekali;;
Pengguna Google;28/07/2020;4;Bagus;;
Mulki Siswanto;28/07/2020;2;Aplikasi ngga bisa dipakai... ngga niat amat bikin pelayanan konsumen 👎;;
syandana channel;20/07/2020;1;Buat booking servis tidak bisa aplikasi apaan ini buat emosi aja;;
Aif Ariefin;19/07/2020;1;Pelayanan Honda payah banget masa kendaraan anda belum terdaptar.;;
Erfan Arsy;19/07/2020;1;2 exceptions occurred.. Ko gini terus . Tidak di beri tau hal apa yang di tolak biar bisa di perbaiki .. Tiba2 aplikasi tidak bisa di gunakan . Padahal blom pernah di gunakan untuk booking . Seharus nya klo ada hal yang tidak di setujui di beri tahu liat pemberitahuan. Atau email.;;
Agus Untoro1;18/07/2020;1;Jelek..udah daftar isian sdh lengkap tp gak bisa2 jg;;
Arifinara Wibowo;17/07/2020;5;Semoga lebih mudah;;
Ahmad Surgahadi;16/07/2020;1;Tidak bisa registrasi, kendaraan tidak terdaftar;;
Ibni Maulia priantono;16/07/2020;1;Tidak bisa registrasi ,kendaraan tidak terdaftar alias tidak di ketemukan;;
Supriyadi Djami;16/07/2020;1;Dicoba dulu, kalo dpt membantu baru ditambah bintangnya;;
Anton alhakim;11/07/2020;5;Ok;;
Kang Sandra Yudistira;29/06/2020;1;Kendaraan Anda Belum Ditemukan Padahal Sudah 5 Tahun Saya Pakai;;
دني جونيار;17/06/2020;1;Coba instal aplikasi ini. Kalo jelek uninstal lagi.;;
Andreas Budiono;15/06/2020;5;👍🏻 good;;
MUHAJIRIN;28/05/2020;5;Sangat membantu;;
Noris Hidayat;13/05/2020;1;Aplikasi bisa diintal tp registerasi gagal terus padahal sedah menhikuti arahan;;
achmad joni afriyanto;04/05/2020;5;Mantap tap 👍🤝;;
Pengguna Google;21/04/2020;5;top;;
Pengguna Google;16/04/2020;5;Cepat bgt..bgus;;
Pengguna Google;06/03/2020;1;Bengkel resmi honda kualitasnya SANGAT JELEK, bahkan di bengkel BINTANG CIMONE kemungkinan ada indikasi PENIPUAN. Saya dijanjikan untuk pengecatan ulang ternyata hanya dipoles. Dan saya mengalami kerugian bertambahnya kilometer mobil, pdhal diawal sy blg tidak mau mobilnya dibawa, sy minta bagian yg bermasalah dicopot. Dan tindakan dari DIREKTUR nya bernama PETER dan KA BENG nya sangat tidak terpuji dengan membentak2 saya dan dalam posisi ingin memukul saya! HONDA PAYAH JELEK MENGECEWAKAN !!!!!;;
Pengguna Google;01/03/2020;1;Cukup membantu untuk booking..tqoi mohon di tambah lagi fitur nya guna memantau perbaikan mobil untuk mengerahui progress perbaikan karena kebetulan mobil kami 10 hari repair body di sana..( dealer honda );;
Pengguna Google;03/02/2020;5;First to try;;
Pengguna Google;28/01/2020;1;APLIKASI GEJE mau mendaftar ko ga bs 👎;;
Pengguna Google;13/01/2020;1;Udah di install.. registrasi tp ga bisa, keterangan motor tidak ditemukan, padahal dah ngisi sesuai stnk.. Parah;;
Pengguna Google;06/01/2020;1;Knpa ga slalu berhasil setiap sy registrasi alasnnya nomor kendaraan blum terdaftar;;
Pengguna Google;02/01/2020;1;Ternyata hanya untuk sekedar pesan servis. Sy kira ada Info2 tentang berkendara. Aplikasi unfaedah;;
Pengguna Google;25/12/2019;1;Aplikasi apa ini, di download tidak bisa, belum di gunakan aja sudah bikin susah apalagi pas di pelayanan nya;;
Pengguna Google;22/12/2019;1;Mau registrasi saja tidak bisa katanya tidak terkoneksi internet padahal wifi lancar jaya. Mohon diperbaiki. Terimakasih.;;
Pengguna Google;17/12/2019;1;Ga bisa registrasi, payah;;
Pengguna Google;16/12/2019;1;"Ga bisa booking service, padahal tanggal dan jam yg dipilih tersedia, dealer pun juga tersedia. Tapi tetep ga bisa pesan. Lah kemarin"" disarankan buat booking lewat aplikasi. Ini malah ga bisa. Piye ya.";;
Pengguna Google;09/12/2019;1;Aplikasi Trial Error.. mobil tidak terdaftar.. input data salah terus.. Parah.. bikin malu honda saja..;;
Pengguna Google;07/12/2019;1;Tidak bisa mendaftar bilang eror terus padahal mobilku baru. Mau boking service susah. Capedeh...........;;
Pengguna Google;29/11/2019;1;Kenapa kok pada saat pilih menu....misal booking service lama banget loading nya....dan akhirnya gagal;;
Pengguna Google;23/11/2019;5;Ok;;
Pengguna Google;21/11/2019;1;Tdk bisa registrasi;;
Pengguna Google;11/11/2019;1;Tidak bisa aktivasi, tolong bantu...;;
Pengguna Google;16/10/2019;2;Kenapa registrasi pengguna baru sdh di masukan nomor rangka nomor mesin tdk bisa juga masuk ada yg bisa jelaskan;;
Pengguna Google;21/09/2019;1;Saya registrasi kok nggak bisa ya...pesanya kendaraan anda blm terdaftar;;
Pengguna Google;27/08/2019;1;Booking service untuk area Kab. Semarang (Honda semarang s/d honda salatiga) pinggir tidak ada yang bisa semua, percuma ada menu booking service;;
Pengguna Google;26/07/2019;1;ngga bisa registrasi...hueheuuhueehheee;;
Pengguna Google;26/07/2019;2;entar kalau bagus jadi bintang 5;;
Pengguna Google;24/07/2019;5;"tidak dapat melakukan aktifasi profil sehingga tidak dapat melakukan booking service, setiap dimasukkan kodenya selalu gagal, tapi ketika meminta untuk mengirim kembali kode, kode tidak terkirim malah muncul pop up dr aplikasi mengatakan ""selamat, akun anda telah aktif"" tapi masih tidak dapat melakukan booking service. kacau, harap diperbaiki";;
Pengguna Google;19/07/2019;3;poin pertama, baiknya segala historical perbaikan di beres tercatat pada app. poin ke dua, baiknya disiapkan katalog sparepart agar cstmr dapat memesan part yg di perlukan jika terjadi kerusaka. di luar beres.;;
Pengguna Google;19/07/2019;5;good;;
Pengguna Google;17/07/2019;5;mannnnnntaaaaaap;;
Pengguna Google;08/07/2019;3;bagusss;;
Pengguna Google;07/07/2019;2;mantap;;
Pengguna Google;30/06/2019;1;Gua kecewa sm sales. 1 Dari DP 19 juta lebih tiba2 keluar PO DP 27 juta tanpa ada konfirmasi sm gua.2 perjanjian stnk keluar baru cicilan jalan.malah mobil blm kasih unit ke gua sm stnk malah sdh berjalan cicilan.gua ngomong baik2 sm salesnya.sales lebih galak sm gua .keluar uang gua bukan sales.sales kayak tai.bilang stnk keluar 14 hari kerja.sabtu sm minggu tuh gua tau nggak di hitung.gua mau tau sj stnk pasti keluar 14 hari kerja apa nggak.kalo nggak gua masukin ke sosial biar orang tau;;
Pengguna Google;18/06/2019;1;udah masukin noka nosin masa kendaraan blom terdaftar .. aplikasi aneh;;
Pengguna Google;10/06/2019;5;ok;;
Pengguna Google;08/06/2019;5;Boking jadi lebih mudah via online;;
Pengguna Google;29/05/2019;2;ko tidak bisa daftar.pdahal saya sudah masukin semua dengan benar???;;
Pengguna Google;27/05/2019;2;booking service gagal terus, padahal tertulisnya tersedia. tapi suruh rescedule terus;;
Pengguna Google;15/05/2019;5;ook;;
Pengguna Google;06/05/2019;1;untuk aktivasi nya tidak pernah kode terkirim ke email saya;;
Pengguna Google;28/04/2019;1;"tidak bisa login fail terus, pesannya ""Proses terlalu lama silahkan coba lagi""";;
Pengguna Google;26/04/2019;4;ok;;
Pengguna Google;24/04/2019;5;sangat membantu waktu service;;
Pengguna Google;24/04/2019;5;mantthuull;;
Pengguna Google;13/04/2019;5;good job thanks😁😇😎;;
Pengguna Google;12/04/2019;4;utk aplikasi sebenarnya sudah membantu karena ada info lokasi dealer atau bengkel resminya, nah kedepannya harapan saya history service kendaraanya jadi fitur di dalamnya. jadi kalau mau service bisa kebaca kapan nih waktunya service (reminder) dan apa saja yg sudah di service pd waktu sebelum sebelumnya termasuk biaya atau harganya. bagus lagi didalam apps tsb ada pricelist sparepartnya. cuman saran sih :);;
Pengguna Google;11/04/2019;5;mantul nih,,, gk perlu antri lama, gk perlu repot cari bengkel buat service. honda is the best.;;
Pengguna Google;11/04/2019;5;sangat membantu pengguna mobil honda untuk mencari dealer sejabodetabek;;
Pengguna Google;09/04/2019;5;Good;;
Pengguna Google;09/04/2019;5;Dealer jadi mudah mengatur shedule service booking sehingga customer tidak antri lama, customer bisa menentukan sendiri jadwal booking service sesuai kebutuhan dan jg customer tidak antri pada saat service di dealer. Online booking menjadikan customer priority.;;
Pengguna Google;05/04/2019;5;bagus;;
Pengguna Google;05/04/2019;5;apknya sangat bagus sekali, tidak ada iklan sama sekali.;;
Pengguna Google;04/04/2019;5;ameziiinnggg;;
Pengguna Google;04/04/2019;5;aplikasi yg menguntungkan bagi customer karena sangat mudah dalam melakukan booking. top 5 bintang ...;;
Pengguna Google;03/04/2019;5;cakep n mantap jadi gampang nga perlu tanya2 gi;;
Pengguna Google;03/04/2019;5;baguss...;;
Pengguna Google;02/04/2019;5;sangat membantu;;
Pengguna Google;01/04/2019;1;Semua field sudah diisi sesuai dokumen. Tapi sistem reply kendaraan belum terdaftar. plus susah diakses.;;
Pengguna Google;01/04/2019;5;ok;;
Pengguna Google;30/03/2019;1;kendaraan tidak terdaftar. jadi tidak bisa masuk. padahal sudah masukan no yg sesuai;;
Pengguna Google;29/03/2019;5;ok;;
Pengguna Google;29/03/2019;5;bagus;;
Pengguna Google;29/03/2019;5;siip;;
Pengguna Google;29/03/2019;5;terus ditingkatkan fiturnya;;
Pengguna Google;28/03/2019;1;ga bisa register;;
Pengguna Google;28/03/2019;5;sangat bagus dan bermanfaat;;
Pengguna Google;28/03/2019;1;ok;;
Pengguna Google;16/02/2019;1;apps ngga jelas, ngga bisa daftar padahal data sudah sesuai tpi katanya kendaraan belum trdaftar. uninstall lah;;
Pengguna Google;15/02/2019;5;ok;;
Pengguna Google;10/02/2019;1;ga bisa daftar mohon d perbaiki;;
Pengguna Google;03/01/2019;5;muantap;;
Pengguna Google;19/12/2018;5;bagus;;
Pengguna Google;28/11/2018;5;Mantap honda;;
Pengguna Google;15/11/2018;1;Payah banget aktivasi berkali kali tetap ga bisa, percuma aplikasi nya belum sempurna. Membingungkan...;;
Pengguna Google;03/11/2018;1;Yang bisa akses cuma yang punya mobil yang lagi nyari mobil ga bisa lihat katalog mobil nya Harus log in pake no rangka sama plat nomor;;
Pengguna Google;22/10/2018;5;sangat membantu;;
Pengguna Google;02/10/2018;1;Aplikasi belum sempurna sudah dilaunch...regristasi aja gak dikenal...payah;;
Pengguna Google;14/09/2018;1;Mo regist keterangan kendaraan tdk terdaftar?? Pdhal udh bner nmor2 kendaraan ssuai stnk. Ga like;;
Pengguna Google;17/08/2018;5;Josht Gandos;;
Pengguna Google;28/07/2018;3;Aplikasi nya ga bisa lgs dibuka, selalu lewat play store, knp ya..;;
Pengguna Google;19/07/2018;5;Mantap;;
Pengguna Google;03/07/2018;3;Bintang 3 dulu, aplikasi nya sudah lebih baik dari yg sebelum nya, hanya ;;
saja belum bisa pilih dealer saat melakukan booking untuk wilayah Padang ;;;;;
"Sumatra barat.""";;;;;
Farrij Odie;10/03/2026;1;"aplikasi tidak berfungsi dengan kendala ""tidak ada jaringan"" padahal koneksi internet baik wifi maupun seluler tidak ada kendala";;
tar toe;20/12/2025;2;satu slot jam booking bisa diisi lebih dari satu mobil...antre2 juga tidak ada bedanya dengan tanpa booking untuk honda bintaro tolong dibenahi;;
zero enternity;13/04/2026;2;app membantu dan mempermudah customer .mau dikasih *7 ga ada, saya kisih ** dulu, app Honde e care loadingnya ngesot;;
Robet Sianturi;31/12/2025;5;Pelayanan sangat baik dan informasi yang di berikan sangat memuaskan;;
zahidi kamaluddin;06/12/2025;5;pelayanan penjelasan cukup jelas , ramah dan menunggu sambil minum kopi.terimakasih.;;
A.Yuly Asriaman (Aman);06/06/2021;2;Booking hanya dibatasi sekitar sebulan, bagusnya sudah support booking 6 bulan kemudian, riwayat service kita tidak ditampilkan, bagus juga disediakan list part yang akan di periksa dan ganti di service berikutnya sera lebih bagus lagi jika disediakan dengan estimation biaya service berkala kendaraan kita, semoga bisa jadi masukan buat pengembang app Honda e-Care, dan terealisasikan.;;
Mardi Burhan;07/11/2020;3;Kasih Bintang 3 sjaa.. Aplikasi cuma membantu Untuk booking saja... Sebaiknya hasil pengecekan detail kendaraan juga bisa ditampilkan...termasuk informasi permasalahan kendaraan yg ditemukan. Masih perlu pengembangan aplikasinya...bukan cuma bisa booking saja...;;
joko sulistomo;05/03/2026;2;tgl 3-3-26 selasa kmrn servis tapi history belum nambah yg baru lemot amad nih aplikasi;;
Ar Wahyu Pradana;30/03/2024;3;Sering crash bg dev keluar2 sendiri, terutama waktu di home page. Ada bug notif juga, semua pesan sudah diklik tp masih ada notif pesan tertinggal. Sudah coba relogin masih sama hasilnya.;;
Zayyid M;15/08/2023;5;Aplikasi masih butuh pengembangan . Pelayanan luar biasa baik, diantar sampai mobil, dijelaskan detail pembayaran, pegawai ramah sekali, waiting room mantap . walaupun saran , di waiting room next smg ada kue2 selain snack. Tingkatkan terus dan pertahankan pelayanan ya;;
Hasanuddin;05/12/2020;2;"No. Polisi, No. Rangka dan No. Mesin sudah diisi dengan benar, tapi waktu diklik SIMPAN selalu muncul pesan ""Kendaraan tidak ditemukan atau belum terdaftar"" Mohon info selanjutnya... Sementara ⭐⭐ dulu... Kalo sudah terdaftar, saya kasih ⭐⭐⭐⭐⭐";;
Deni dwi prasetyo;20/11/2023;1;Bintang 1 karna untuk update pengerjaan mobil yg d service ngk ada.. Apk cuma bisa buat boking doang .. menuh menuhin memory hp doang. Harusnya apk ini bisa untuk pengecekan pengerjaan mobil sudah selesai atau belum di servicenya&total biaya .. Jadi sbg pengguna H-ECARE terbantu dengan adanya info tersebut.;;
Pengguna Google;12/04/2019;4;utk aplikasi sebenarnya sudah membantu karena ada info lokasi dealer atau bengkel resminya, nah kedepannya harapan saya history service kendaraanya jadi fitur di dalamnya. jadi kalau mau service bisa kebaca kapan nih waktunya service (reminder) dan apa saja yg sudah di service pd waktu sebelum sebelumnya termasuk biaya atau harganya. bagus lagi didalam apps tsb ada pricelist sparepartnya. cuman saran sih :);;
Pengguna Google;24/07/2019;5;"tidak dapat melakukan aktifasi profil sehingga tidak dapat melakukan booking service, setiap dimasukkan kodenya selalu gagal, tapi ketika meminta untuk mengirim kembali kode, kode tidak terkirim malah muncul pop up dr aplikasi mengatakan ""selamat, akun anda telah aktif"" tapi masih tidak dapat melakukan booking service. kacau, harap diperbaiki";;
Rizqa Karima;26/10/2021;1;"Sudah berhari-hari coba mendaftar kan kendaraan sesuai dengan yang di STNK selalu jawabannya ""kendaraan tidak ditemukan atau anda belum mendaftar"" padahal jelas2 sudah mendaftar..coba dengan email lain..ternyata sama saja... tolong di perbaiki";;
Zahra nazula;12/01/2023;5;Mohon bantu dong kenapa aplikasinya tidak bisa digunakan. Padahal udah pernah dipakai juga. Tp semuanya hilang. Sudah isi no rangka dll nya. Tp pas masukin email tidak bisa dibuka. Sudah coba registrasi ulang malah sudah terdaftar;;
Johnson Pasaribu;13/07/2021;1;Aplikasi abal2 Dalam aplikasi disuruh milih waktu yg tersedia....tapi dari call center..bilang waktu tdk tersedia dan seenaknya aja merubah waktunya. Seharusnya kalau slot waktu tdk tersedia lagi...maka customer tdk bisa lagi memilih waktu yg dicantumkan dalam aplikasi.;;
Toni Men;05/04/2024;2;hari ini benar2 berasa dirugikan, mau service berkala tapi tiba pas mau bayar, tagihan nya di service tambahan banyak yg kita ga tau, tiba2 ada, sperti, wax body, cleaning glass dan perbersihn ac dll, sampai 2 jutaan, total 5 jutaan, di awal ga di kasi tau, knp bisa di masukin service tambahan sperti itu, padahal mobil sy pakai stiket wrapping full body, apa nya yg mau di wax body dan cleaning glass, mahal lagi, nipu2 halus caranya bgitu, @hondatebet;;
Erfan Arsy;19/07/2020;1;2 exceptions occurred.. Ko gini terus . Tidak di beri tau hal apa yang di tolak biar bisa di perbaiki .. Tiba2 aplikasi tidak bisa di gunakan . Padahal blom pernah di gunakan untuk booking . Seharus nya klo ada hal yang tidak di setujui di beri tahu liat pemberitahuan. Atau email.;;
Tri Agus Tyo;16/10/2020;1;Ini aplikasi buat gemes ingin dibanting, ko bisa ya?? Minta tolong dong Tim Honda, aplikasinya malu-maluin Pemilik Honda, masa aplikasi tidak ada tombol save/ok/no/konfirm, sudah diinput hilang, pilih type ga tau tombol di umpetin dimana, hadeuhhh;;
Risang Ardi Toni P;01/04/2024;2;Aplikasi berhenti di 99% ketika di update, lalu aplikasi di hp tampilan info nya menjadi kosong. Akann kembali klo sudah diperbaiki;;
Hikma Rahmania;20/12/2022;4;ada yang bisa jawab, saya daftar kendaraan baru saat pengisian nomor rangka, muncul pemberitahuan kendaraan sudah didaftarkan akun lain dan muncul dua opsi 1.saya pemilik baru 2. permintaan akses data kepemilik utama. pertanyaannya siapa pemilik utama sedangkan saya beli yang baru?;;
Way Nonong;09/04/2024;1;Sebaiknya tdk usah pakai lampiran KTP, stnk saja cukup, jadi makin susah registrasi nya, padahal dulu sy sdh download dan kendaraan sdh terdaftar...skr malah susah memasukkan daftar kendaraan, tlg dibantu;;
Erlandsyah Fajri;01/02/2023;1;Aplikasi ngaco, udah regist dan isi data lengkap mobil segala macem sampe no KTP dan berhasil regist. Tapi, setelah sehari gak dibuka data regist mobil saya hilang lagi, mesti regist ulang. Kalo punya aplikasi belum siap launching gausah launching, awas aja kalo sampe data saya bocor di pake sama oknum. Saya somasi nih aplikasi.;;
Bozt Maul;02/02/2022;1;Semenjak update Honda e-Care kacau, mulai dari data kendaraan hilang sehingga tidak bisa booking service. Setelah di input kembali, yang keluar harus konfirmasi kepemilikan... Hingga kini belum ada SOLUSI;;
irmy satria;22/06/2022;1;Semakin Ribet. Kemarin bisa cek service record dengan mudah. tanpa isi data diri atau kirim persetujuan ke pemilik sebelum nya. Sekarang harus isi data diri / kirim persetujuan ke pemilik sebelum nya. Bagaimana kalau misal nya calon pembeli mobil bekas tau kalau itu mobil kilometer masih asli dan mobil selalu terawat di honda kalau proses nya ribet. Semoga Di Kembalikan Seperti Kemarin Aplikasi Nya. Thx U;;
Budiman PGL;04/09/2020;1;Sudah berbulan2 coba tetap gak bisa registrasi. Tanya ke bengkel resmi juga tidak bisa membantu. Lebih baik tidak usah mengeluarkan aplikasi tapi tidak siap dan menyusahkan pemilik kendaraan. Seperti hanya ikut2an punya aplikasi, biar dianggap keren dan melek teknologi😠;;
Dedy Lovina;28/06/2023;1;Susah ribet..mw booking service hrs ulang2 isi data,no mesin, no rangka,isi profile Lg..udh sejam muter2 aja...d buat simple dong..kan mw booking bukan mw beli..masukin plat,jam booking aja cukup kali ya..ga PK ribet..mohon d rubah syatemnta ya..tnx;;
Usman Yusup;28/01/2025;2;Aplikasi tidak ada reminder booking, klo lupa ya percuma saja.. harusnya ada reminder dan menu re-schedule.;;
Mahendra Yt;28/12/2023;1;Pengalaman saya ketika membeli paket mini 80rb km, (kesempatan terakhir membeli paket mini krn 90rb km tidak dapat beli lagi) di tgl 16 Des 23 saya tdk dapat datang servis utk ambil 1x servis lagi dan itu hangus. Saya tdk bs karena diluar kota dan sdh telp cs internusa cibinong dan pusat. Tetap tidak bisa. Apakah perusahaan besar sekaku ini? Untuk mempertahankan nasabah loh ini anda tetap kaku terhadap kebijakan anda. Padahal cuma minta kelonggaran sampai 29 Des 23, saya beli loh bkn hutang;;
Yati Rohayati;19/03/2021;1;kode voucher sudah dimasukan saat booking tapi tidak bisa dipakai saat sampai di dealer karena tidak muncul kodenya di aplikasi dan malah menyalahkan hp user. padahal tinggal cek di dashboard atau lngsung saja query databasenya kalau tidak ada dashboard sistemnya!;;
Toto Apriyanto;16/09/2020;1;Aplikasi ini harus bisa mengCek Histori kendaraan, seperti aplikasi Kompetitor.. Dgn menginput NIK dan no. Pol nya. Agar minimal ada remaindernya juga jika lupa schedule service berkala;;
Zie Fauzi;09/11/2023;1;Sekelas HONDA punya aplikasi sampah begini ya, mau daftar susah bener, malah di notif kalau mobil sdh pernah di daftarkan, lah.... baru jg di instal ini aplikasi, baru jg pny mobil merk HONDA, plat nomer jg blm ada sebulan umurnya... ya mobil nya, ya bengkelnya, ya aftersales nya, bahkan smpe aplikasinya jg sampah.. nyesel bner ambil ni mobil.. mobil baru sebulan jg trouble nya udh bejibun...;;
MyCR-V;07/01/2025;3;Sudah bagus, hanya perlu di maksimalkan lagi keterangannya, Contoh Asal mobil dudapatkan dari mana atau tempat pembelian Mobilnya/Motornya, Mutasi dserahnya, atau riwat lengkap terkait Mobil/motor termasuk pindah tangan. Ok Terima Kasih;;
Andre Ferdian;01/07/2025;2;Pelayanan di Gajah Motor Bypass Padang kurang bagus, saya booking via aplikasi jam 08.30 padahal saya sudah standby sebelum jam 08.30 tetapi jam 08.45 baru dilayani, kalau karyawan Customer Service masuk jam 08.30 kenapa terima layanan service sebelum jam 08.30 ada, kan Customer jadi menunggu cukup lama untuk dilayani..;;
Pengguna Google;06/03/2020;1;Bengkel resmi honda kualitasnya SANGAT JELEK, bahkan di bengkel BINTANG CIMONE kemungkinan ada indikasi PENIPUAN. Saya dijanjikan untuk pengecatan ulang ternyata hanya dipoles. Dan saya mengalami kerugian bertambahnya kilometer mobil, pdhal diawal sy blg tidak mau mobilnya dibawa, sy minta bagian yg bermasalah dicopot. Dan tindakan dari DIREKTUR nya bernama PETER dan KA BENG nya sangat tidak terpuji dengan membentak2 saya dan dalam posisi ingin memukul saya! HONDA PAYAH JELEK MENGECEWAKAN !!!!!;;
Merwan Kristian;15/11/2023;5;Keren lebih mudah, untuk jadwal servis tidak menunggu antrian lagi. Saya sudah mencoba sekali, menggunakannya bagus kok tinggal klik boking, waktu dan jamnya. Tinggal ke loket tunjukin boking kita, langsung dilayani tanpa ngambil no antrian lagi. Buat rekan2 yang baru membeli mobil, emang agak lama verifikasinya karena satunya menunggu STNKnya di verifikasi dari aplikasi. Tq ini review saya kalau saya pribadi puas dengan pelayanan aplikasi ini.;;
Pengguna Google;16/12/2019;1;"Ga bisa booking service, padahal tanggal dan jam yg dipilih tersedia, dealer pun juga tersedia. Tapi tetep ga bisa pesan. Lah kemarin"" disarankan buat booking lewat aplikasi. Ini malah ga bisa. Piye ya.";;
Rangga Mahaputra;17/02/2022;1;Ko sayah gak bisa login yaa, padahal sudah pake email cuma disitu keteranganya masukan nomor yang benar, padahal nomor saya sudah benar tapi tetep tidak bisa masuk..;;
Saeful Anwar;24/04/2025;2;harusnya ada marketplcae suku cadang beserta harganya dari mulai bamper serta stir dll biar kami bisa ada rezeki tambahan Takutnya mahal kalo udah tahu harganya kan bagi kaum pas2an sudah bisa mengira-ngira kurang lbh segitu kalo datang ke ahas;;
ADK118 TV;15/05/2022;1;Dulu sempat bisa booking servis, skrg dah ga bisa..data kendaraan hilang, input lgi suruh konfirmasi pemilik, pdhl saya pemilik pertama.. smpe skrg blm bisa ... Mohon solusinya..;;
Boby Permana;23/04/2024;1;Tolong bantuannya, aplikasi honda saya logout sendiri dan login lagi tidak bisa, keterangannya user id dan password salah. Di reset password dengan user id yg sama berhasil diubah, tapi di login dengan password yg sudah diubah keterangannya user id dan password salah. Dicoba berulang2 kali reset password dan login kembali keterangannya masih tetap sama.;;
Gunadi Saputra;28/02/2025;1;harus di perbaiki lagi mau masuk login kata sandi aja susah dan kenapa ada waktu di jatah 5 menit sedang kn kita mau servis mobil aja harus ribet seperti ini,gimana mau bersaing dengan yg lain;;
Wiwit Priyo S;16/03/2024;1;Mau masuk pertama kali, malah baris email-nya nggak bisa di klik..jadinya nggak bisa masuk.. trus gimana ini? Niat mau servis ke beres, nggak jadi akhirnya..;;
Anton Triantoro;04/08/2020;1;Gimana deh, udh milih jam sama hari, tetep aja gabisa booking, katanya proses terlalu lama..kadang2 muncul 2 errors occure;;
Arief Hidayat;29/09/2021;1;Aplikasi sampah !!! Registrasi aja gagal mulu. Udah ngisi surel alamat email dengan benar, trus pas waktu minta kode aktivasi tapi gak ada juga dikirim lewat email! Pecat aja tuh yg bikin aplikasinya!!!;;
Vania Febrianti;08/03/2023;1;Mau daftarin kendaraan aja sulit. Padahal nmr udah bener tapi kagak bisa, di suruh periksa kembali terus. Aneh sama aja gabisa digunain.;;
Ahmad Hyundai Aceh;15/03/2023;5;Buat yg daftarin dn gk bisa. Dia tunggu 2 minggu dulu dri serah Terima unitnguys. Ada namanya surat jalan kalau sdh masuk sistem. Baru data surat jln sementara tersebut dpt di pakai sebagai dta sementara buat daftarkan ke aplikasi e care. Semoga bermanfaat.;;
Jaka Purnadi;10/05/2023;1;Sekelas honda ngeluarin aplikasi ko seperti hanya pelengkap saja, tidak diperhatikan kemudahan dan fiturnya. Mestinya yang menjadi keluhan pelanggan segera di sempurnakan, mendaftarkan kendaraan aja susah jangan sampai pelanggan resah seakan kendaraannya tidak terdaftar di honda nya sendiri. maaf mohon ditingkatkan...;;
Arif Imam Taufik;10/05/2023;4;Kemaren tidak bisa di daftarkan, minta bantuan lewat email akhir nya di bantu, ternyata di sistem tercatat no mesin nya harus di sisipkan garis strip (-) dan pendaftaran berhasil , terimakasih CS honda e-care;;
Pengguna Google;09/04/2019;5;Dealer jadi mudah mengatur shedule service booking sehingga customer tidak antri lama, customer bisa menentukan sendiri jadwal booking service sesuai kebutuhan dan jg customer tidak antri pada saat service di dealer. Online booking menjadikan customer priority.;;
Moch Fauzi;06/03/2025;3;Pada hp saya tab profil, kendaraan dan pesan tidak bisa di klik. Hp:poco x3 pro. Please Fixing a bugs. Thanks;;
Enang Solehudin;16/03/2023;1;Applikasi ini sungguh beban sekali mau daftar z salah terus no rangka..padahal sudah sesuai no di sntk..mungkin ini aplikasi WAJIB DI PERBAIKI ,KALAU ADA MINUS STAR AKU TARO TUH;;
Erik S. M. Hutauruk;09/07/2022;1;Booking service seminggu sebelum jadwal dan sudah dikonfirmasi setuju oleh IDK 2 Medan, sehari sebelum jadwal dicancel tanpa ada solusi. Apa gunanya booking? After sales honda klo udah dibeli mobilnya jd begini, sbelum beli mobil kayanya bagus2 aja.;;
Yandri Gen;07/03/2026;5;Pelayanan dan informasi sangat baik;;
Galih putra;30/01/2026;1;aplikasi tidak berguna, login berulang kali tidak bisa.;;
Randy Kokong;23/10/2020;1;Aplikasi ngak guna, masa mau registrasi aja ngak bisa, tiap kali mau simpan data langsung force close aplikasinya... gimana mau booking service kayak gini 👎👎👎;;
Muhamad Indra;30/12/2025;5;aplikasi ini bagus cepat dan cara menanggapi nya bagus;;
herik Purwanto;01/11/2020;1;Saya kapan hari service diberes honda dengan pilihan paket 3. Saya kecewa karena disitu penggantian oilnya tidak sama dengan apa yang di sampaikan dikolom promosi. Dikolom promosi untuk penggantian oil tercantum kemasan 5liter, dan ternyata sampai di beres diganti pakek oil drum2man. 😑;;
Senyum Sangmentari;17/02/2021;1;Ga bisa login, Api tidak ditemukan. lokasi perkotaan, tolong diperbaiki servernya. Kalo sudah bisa login bintang ya kutambah;;
JK Halim;12/05/2023;1;Sudah beberapa kali Booking via Honda E Care selalu di bilang nya jadwal nya penuh oleh Cust Service HJC Pangjay . Padahal di jadwal nya masih kosong di Honda Ecare, Jadi buat apa booking di aplikasi tapi setelah itu selalu di rubah jadwal nya oleh CS HJC Pangjay. Tolong dong ini dari Pihak manajement di perhatikan lagi kinerja nya. Ada kasus lagi di Honda ECare saya dapat notifikasi utk upgrade software tape Audio tapi di bengkel nya bilang enggak ada yg perlu di upgrade.;;
Pengguna Google;19/07/2019;3;poin pertama, baiknya segala historical perbaikan di beres tercatat pada app. poin ke dua, baiknya disiapkan katalog sparepart agar cstmr dapat memesan part yg di perlukan jika terjadi kerusaka. di luar beres.;;
Kusuma Ulin;29/12/2025;5;customer service bengkel sangat membantu, ramah dan byk kasih inpit baik ttg kondisi kendaraan kita. trima kasih;;
Indra Jaya FX;24/05/2021;1;Aplikasi tdk bsa d pake,, aplikasi Tolol!! Bagaimana kita mau daftar recall, Login arahnya kemana dan tdk bsa, app sampah!! Ttitik GPS tdk bsa, app anjingg;;
pasfm pati;31/08/2022;5;Sangat membantu dan mempermudah servis dan pemeliharaan mobil.. hanya saja kalau bisa beaya servisnya diturunkan....shg lebih menjamin kendaraan honda.;;
dhipo widian;01/03/2022;3;untuk fungsinya apa yah ini applikasi??... booking disini malah lebih antri dari pada datang langsung. sudah booking dan dateng sampai di perbaikin tapi malah pesannya booking di batalkan... dan juga tidak masuk histori perbaikan.. kalau di bengkelnya pelayan ok. honda permata hijau.;;
dede rusmana;17/06/2021;1;Gak bisa log-in, padahal awal masih bisa, setelah diperbaharui malah gak bisa sama sekali... Tolong di perbaiki lagi.;;
Muhammad Ikbal;05/09/2023;1;Dengan adanya aplikasi ini, saya kira memudahkan konsumen untuk melakukan booking ternyata BOBROK. Terimakasih Honda sudah membuang kuota data saya, fix uninstal;;
Ferdinand Fernando;07/06/2023;1;Sangat slow respon, dari membuka aplikasi sampai dengan menunggu konfirmasi. Tingkatkan kembali pelayanannya.;;
icaroos pandu;23/08/2022;2;Lumayanlah...dari pada tidak ada, huruf kekecilan sulit membaca keterangannya. Bisa tidak untuk sparepart ada info harganya, terima kasih🙏👌;;
Arvin Wijianartha;12/02/2025;5;Honda i-Care adalah layanan purna jual yang ditawarkan oleh Honda untuk memberikan kepuasan pelanggan. Layanan ini mencakup berbagai aspek, mulai dari perawatan berkala hingga perbaikan kerusakan. Pengalaman saya dengan Honda i-Care cukup positif, meskipun ada beberapa poin yang bisa ditingkatkan. Kelebihan: - Kemudahan Akses: Menjadwalkan servis melalui aplikasi atau website Honda i-Care sangat mudah dan praktis. Sistem online ini memberikan informasi yang jelas tentang jadwal, biaya, d;;
Pengguna Google;15/11/2018;1;Payah banget aktivasi berkali kali tetap ga bisa, percuma aplikasi nya belum sempurna. Membingungkan...;;
Abam Sudrajat;07/07/2025;4;area untuk penulisan, penjelasan permasalahan, sangat terbatas. tambahkan jumlah kata yang bisa ditampung! misalnya maksimal 500 atau 700 huruf!;;
Melly Aryani;22/12/2024;4;Ini kenapa ya aplikasinya ngga bisa dibuka, minta di update tapi ngga muncul ngga bisa di-update. Jadinya sekarang di-update ga bisa, dibuka juga ga bisa. Gimana ni?;;
Nova Juliana;16/01/2023;5;Sangat memuaskan & membantu sekali terbantu sekali dengan aplikasi nya saat mau booking service lebih mudah. 👍👍👍👍👍👍👍;;
Indra Shieventri;21/10/2020;1;Sudah berbulan bulan registrasi mobil nya tapi gak bisa-bisa dan gedeknya nya lagi buat booking service juga gak bisa;;
Jeremia Bimo;27/02/2022;1;"Saya sudah memasukan Noka dan Nosin dengan benar tapi muncul notifikasi ""periksa kembali Nosin dan Noka anda"". Lalu bagaimana cara saya membooking kalau kaya gini??";;
Rizqy Octaviano;03/09/2020;1;Ngga bs registrasi....diulang2 smp berkali2...jawabannya tetep mbl blm terdaftar...trus mksdnya bikin aplikasi ini buat apa kl registrasi aj ga bisa;;
yos suryadharma;12/02/2024;1;Kolom email tidak bisa dimasukan saat hendak menambahkan kendaraan pada aplikasi , tidak bisa disimpan karena email belum terisi;;
Tony Paser;10/10/2020;2;tidak bisa registrasi. saat masuk registrasi,minta kode aktivasi tidak pernah muncul. tolong disempurnakan aplikasinya;;
Pengguna Google;03/11/2018;1;Yang bisa akses cuma yang punya mobil yang lagi nyari mobil ga bisa lihat katalog mobil nya Harus log in pake no rangka sama plat nomor;;
Edie Yang;29/05/2025;5;tanggal 27 update tiba2 pilihan dalam aplikasi tidak bisa di klik seperti booking,iklan dan voucher... namun ketika logout iklan bisa di klik...;;
Faiez Alvino;21/05/2021;1;Parah parah. Udah instal 2x tapi ga bisa log in. Gila sih ini bikin apk buat ngabisin kuota customer ajah;;
Raisza Ayunda;12/02/2024;1;Susah banget untuk tambah kendaraan semua salah, harua dibenahi lagi aplikasinya sangat tidak bermanfaat;;
Pengguna Google;01/03/2020;1;Cukup membantu untuk booking..tqoi mohon di tambah lagi fitur nya guna memantau perbaikan mobil untuk mengerahui progress perbaikan karena kebetulan mobil kami 10 hari repair body di sana..( dealer honda );;
Pengguna Google;29/11/2019;1;Kenapa kok pada saat pilih menu....misal booking service lama banget loading nya....dan akhirnya gagal;;
bagus sharp denpasar;23/12/2024;5;Mau tanya itu bagaimana cara membuka dan mau baca kotak pesan ya , kok gak bisa di klik sama sekali min;;
Pengguna Google;01/04/2019;1;Semua field sudah diisi sesuai dokumen. Tapi sistem reply kendaraan belum terdaftar. plus susah diakses.;;
Harnanto Sukmantoro;20/10/2020;1;Aplikasi abal-abal. Tidak ada tombol booking di halaman booking, cepat perbaiki!;;
Hadi Prabowo;16/01/2025;4;pada pengisian : tanpa service berkala hanya satu pilihan yaitu 72 bulan/120.000 km. Sebaiknya bisa diisi sesuai km mobil;;
Kartini Dewi;03/05/2023;5;Kak.., ini aplikasi update, log out sendiri. Saya lupa kata sandi, kok tidak bisa di klik lupa sandi dan kirim email dinotif, data pengguna tidak ditemukan. Gimana yaa kak? Tks;;
tode kanasaki;02/04/2024;5;izin kak, booking tidak bisa di hari H, apakah menjamin dapat antrian jika langsung datang (pagi) ? trus masukan aja kak, untuk ketersediaan sparepart, alangkah baiknya sesama honda bisa nge-link (berkordinasi via telp, wasap), jadi kita konsumen ga random datangi cabang hanya untuk menanyakan ketersedian spare part, terimakasih, maaf bila ada kata yg kurang berkenan;;
Pengguna Google;16/02/2019;1;apps ngga jelas, ngga bisa daftar padahal data sudah sesuai tpi katanya kendaraan belum trdaftar. uninstall lah;;
Pengguna Google;22/12/2019;1;Mau registrasi saja tidak bisa katanya tidak terkoneksi internet padahal wifi lancar jaya. Mohon diperbaiki. Terimakasih.;;
Win Saukani;02/04/2025;5;dengan booking service lebih enak dan ga ribet...stiap service berkala selalu mamakai aflikadi ini..👍👍;;
obral Tas;18/04/2026;1;aplikasi error, tulisannya handshake failed, di android 9;;
Atep syahreja official;02/01/2026;5;pelayanan nya luar biasa bagus banget;;
Ikin Sadikin;11/01/2024;5;Pelayanan yg ramah dan memberikan penjelasan yg tepat, akurat dan pergantian sparepart yg original pada waktu service kendaraan,,,;;
Armi Hindratno;30/12/2025;4;pelayanan bagus,Zachsaid4 welcome..komunikatif..;;
Agus Suroto;01/12/2024;5;Gampang akses dan prosedur nya. Membantu memudahkan pemilik Honda merawat mobil. Banyak Promonya juga.;;
Diandra Raditya;13/12/2024;1;Bug nya banyak banget sinyal full plus wifi gak konek² bener² ni aplikasi;;
Pengguna Google;11/04/2019;5;mantul nih,,, gk perlu antri lama, gk perlu repot cari bengkel buat service. honda is the best.;;
Pengguna Google;28/04/2019;1;"tidak bisa login fail terus, pesannya ""Proses terlalu lama silahkan coba lagi""";;
Pengguna Google;02/01/2020;1;Ternyata hanya untuk sekedar pesan servis. Sy kira ada Info2 tentang berkendara. Aplikasi unfaedah;;
Yanto Sugianto;02/12/2022;3;Fitur Booking Service tidak bisa digunakan, pengisian data terhenti;;
Ibni Maulia priantono;16/07/2020;1;Tidak bisa registrasi ,kendaraan tidak terdaftar alias tidak di ketemukan;;
Benny eck;08/06/2021;1;Aplikasi sampah, udh coba ulang2 masukin data tetap aja kendaraan blm terdaftar.;;
Muh Asri;17/04/2023;1;Jadwalnya booking service tdk singkron dengan dealer,..tdk update. Auto delete;;
Pengguna Google;25/12/2019;1;Aplikasi apa ini, di download tidak bisa, belum di gunakan aja sudah bikin susah apalagi pas di pelayanan nya;;
Agus Sugiyanto;01/08/2020;1;Yth. Pengelola Honda e-Care, kenapa selalu terjadi eror ketika saya mau daftar di aplikasi ini?;;
Pengguna Google;30/03/2019;1;kendaraan tidak terdaftar. jadi tidak bisa masuk. padahal sudah masukan no yg sesuai;;
Jhonny Wijaya;27/05/2023;3;Kenapa ga bs masuk ke aplikasi y loading logo awal sudah setengah jam tetapi g masuk2 ke aplikasi? Makasih;;
Pengguna Google;04/04/2019;5;aplikasi yg menguntungkan bagi customer karena sangat mudah dalam melakukan booking. top 5 bintang ...;;
Abdul Haris;15/01/2021;2;Aplikasi ini nggak baik. katanya promo diskon khusus sampai 50/25 sampai tempat servis nggak ada potongan voucher nya,;;
Dika Alnas;21/11/2021;1;Nggak bisa registrasi kendaraan, keterangannya kendaraan tdk ditemukan;;
Pengguna Google;09/12/2019;1;Aplikasi Trial Error.. mobil tidak terdaftar.. input data salah terus.. Parah.. bikin malu honda saja..;;
Sri Warmayanti;03/03/2025;5;Pelayanan Honda sangat bagus terhadap pembeli, cepat, dan informaainya mudah di mengerti, sehingga pembeli meras puas belanja di honda.;;
Joko Budi S;26/06/2023;1;Udah daftar di aplikasi tapi tapi service nya full antri terus ngapain buat aplikasi untuk service kalau kek gini;;
Ainur Rofiq Habibie;10/06/2023;1;Aplikasi tidak berguna mau booking jam service ga bisa semua sudah merah dan silang semua;;
Joko Iswoyo;09/10/2023;5;Pelayanan bagus dan ramah , dan hasil service bagus , juga tempat menunggunya nyaman sekali;;
Abas Basrurowi;02/12/2024;5;Mudah digunakan, dan berguna banget. Saran : Hp Android Tema Gelap, kursor huruf tidak muncul;;
Dadan Budiana;09/11/2023;2;masih susah registrasi dan approve verifikasinya bertele tele menyulitkan kita semuanya 🤔 segini dulu ratingnya;;
Pengguna Google;27/05/2019;2;booking service gagal terus, padahal tertulisnya tersedia. tapi suruh rescedule terus;;
TRI NUR WIDJAYA;26/05/2023;1;Setelah di update malah gak bisa masuk ini gimana hello honda saya mau booking service gak bisal,ini sudah 2hari loging SUSAH;;
beni oktopiansah;07/02/2025;5;Aplikasi ini sangat membantu saat mau service berkala dan layanan darurat. terus sempurnakan fiturnya;;
Pengguna Google;13/01/2020;1;Udah di install.. registrasi tp ga bisa, keterangan motor tidak ditemukan, padahal dah ngisi sesuai stnk.. Parah;;
Estiyanto Sri Nugroho;25/12/2024;5;aplikasi cukup membantu, kekuranganya adalah tidak ada menu perhitungan estimasi biaya service;;
desfitriady sikumbang;02/08/2020;1;Susaaaaah banget registrasinya ya... Koq Honda yg sudah mempunyai teknologi terkini tapi IT nya sepertinya abal-abal... Benerin atuh biar Honda tetap keren...;;
Andika Gifari Dwitama;25/11/2024;5;Aplikasi yang sangat membantu untuk servis mobil. Prosesnya mudah dan cepat;;
agus kuncoro;01/03/2025;5;Sudah 4 kali service berjalan dengan baik, kecuali service terakhir disarankan spooring... 🤭;;
Doni Kurniawan;15/08/2025;1;habis di uptade , tidak bisa boking servis data2 ilang semua udh dimasukin ulang tetep g bisaa;;
kabar viral borneo;10/02/2025;5;aplikasi ini sangat membantu untuk booking service tanpa harus repot antri lg..bisa tentuin sendiri waktu buat service nya;;
Ferry Widjaja;31/08/2024;5;Sebenarnya bagus, hanya tidak ada feature progress servicenya;;
Mohamad Rahmatullah Siddiq;02/02/2023;5;Aplikasi ini sangat membantu sekali bagi pemilik mobil honda. Kemudahan dalam perawatan kendaraan baik informasi produk, bengkel jg servis bisa diakomodasi melalui Honda e-care. Semoga bisa dipertahankan kualitasnya dan menjadi lebih baik lagi;;
Cucu Latipah;12/12/2023;1;Daftar doang ge susah bener , no rangka atau mesin salah mulu padahal udah bener , heran sama apk ini;;
Pengguna Google;16/10/2019;2;Kenapa registrasi pengguna baru sdh di masukan nomor rangka nomor mesin tdk bisa juga masuk ada yg bisa jelaskan;;
Selfidevira 16;13/08/2024;5;Sangat memuaskan ramah dan baik semua petugas nya .selalu berikan yg terbaik buat belanggan nya;;
Pengguna Google;05/04/2019;5;apknya sangat bagus sekali, tidak ada iklan sama sekali.;;
Pengguna Google;06/01/2020;1;Knpa ga slalu berhasil setiap sy registrasi alasnnya nomor kendaraan blum terdaftar;;
Noris Hidayat;13/05/2020;1;Aplikasi bisa diintal tp registerasi gagal terus padahal sedah menhikuti arahan;;
Abdi Negara;04/04/2025;5;sangat membantu sekali untuk perawatan maupun perbaikan mobil.. good job..;;
Pengguna Google;07/12/2019;1;Tidak bisa mendaftar bilang eror terus padahal mobilku baru. Mau boking service susah. Capedeh...........;;
Wahyu Trihandoko;23/01/2025;5;Aplikasi sangat membantu sekali walaupun ganti atau tambah unit mobil Honda lainnya;;
Dafan Andriansyah;15/08/2025;1;gabisa masukin data kendaraan. ngebug trus force close;;
abenk byon;14/07/2021;2;Serius aplikasi ini dibuat untuk memberi kemudahan customer? Sampai kapan aplikasi ini akan bisa di akses? Mungkin ada solusi pengganti aplikasi ini, agar bisa diakses dan memberi kemudahan customer 🙏;;
Ahmad Surgahadi;16/07/2020;1;Tidak bisa registrasi, kendaraan tidak terdaftar;;
Kode Tan Sun Ie;07/01/2022;1;Ini kenapa not responding ? di update gak bisa log in juga.;;
Murahmat Jansen;02/04/2024;4;Memudahkan bagi konsumen untuk melakukan perbaikan atau penggantian spare part mobil, bisa melihat riwayat perbaikan yang telah diperbaiki;;
Kasmudji Suprijanto;01/06/2025;5;Aplikasi nya mudah dan sederhana serta applicable....;;
Purwanto Sri;11/10/2020;1;Sudah registrasi katanya voucher di SMS, di tunggu gak ada... Dan tanya ke Honda, mereka gak tahu apa2...;;
Muh Taqwa;09/10/2025;1;Nopol tidak sesuai dengan data sebelumnya, berubah sendiri, di update tidak bisa;;
Kenzy Vip;14/05/2024;1;Kok gk bisa tandain lokasi gps aktif semua mau boking service maah susah;;
Pengguna Google;21/09/2019;1;Saya registrasi kok nggak bisa ya...pesanya kendaraan anda blm terdaftar;;
Baskoro Setiyo;17/04/2021;5;Dapat melakukan booking service, tanpa antri ke dealer dan menunggu lama..;;
Handoko Syahputra;17/03/2023;5;Sangat bagus dan membantu konsumen dalam melakukan booking service;;
Elvynza Fernanda30;13/01/2022;1;Masih banyak para teknisi yang mempermainkan konsumen. Sangat mengecewakan!!!;;
Rahman Wahyudi;05/02/2022;5;Fungsinya sudah bagus dan informasinya komplit;;
nani rosianingsih;26/07/2025;4;bermanfaat, tidak perlu ribet, tinggal catat semua keluhan ,pilih jam service beres;;
Fransisca Cas;18/11/2025;5;Pelayanan nya ramah dan bagus mengerjakan nya..;;
Davit Nugroho;20/12/2022;1;Tolong ga usah kirim2 pesan sok mengingat untuk server, gara2 pesan itu saya debat sama orang rumah, jadi jangan menggangguku kenyamanan terimakasih!!!;;
Dharma Yasa;29/07/2024;5;Sangat memuaskan petugasnya sangat ramah dan cepat dalam pelayanan;;
Hery Trijantan;20/12/2024;5;Pelayanannya sangat cepat dan baik,pertahankan dan tingkatkan.;;
GenoL Sudarsono;11/01/2025;5;Booking service yg mudah dan tidak ribet;;
Elvin;30/01/2023;1;Udah booking status 2 hari menunggu konfirmasi terus tidak ada pihak dealler yg menghubungi pas hari H malah dibatalkan sepihak;;
Sukses Bahagia (profitrader);02/08/2023;5;Sangat baik dan cepat dalam response pelanggan..;;
Daeng nyao;15/10/2020;2;Kok lokasi palopo tidak bs booking... Padahal beres sanggar laut selatan ada;;
Mr 13;14/04/2026;1;sering error aplikasinya;;
Jupriansyah;05/05/2024;1;Setelah update malah tidak bisa di buka ,error path;;
SOLEH HARTADI;10/03/2025;4;Mudah mudah cepet dan ga banyak biaya;;
Ami Seba;06/12/2024;5;pelayanan baik dan cepat respon petugasnya, ruang tunggu dan fasilitasnya baik;;
Indra Kuswandi;28/08/2020;1;Tidak bisa register, no rangka no mesin tidak terdaftar;;
sugi harto;12/03/2025;5;Booking service mobil Honda yang mudah dan cepat tanpa kendala jarak dan waktu;;
Inoue Putra;16/01/2023;5;Sangat membantu sekali untuk proses servicenya dan klaim;;
BAYANAKA Susanto;29/11/2024;5;aplikasinya bagus mempermudah customer dan maintenance kendaraan;;
Sam Neutron;16/03/2022;5;Sekarang saya kasih bintang 5, aplikasinya respon, ringan dan info yang ditampilkan lengkap Sangat membantu;;
RMabroy;09/11/2023;1;No rangka dan mesin ga sesuai padahal ngikutin yg d stnk. Aneh wkwk;;
Anas Rafiuddin;05/02/2024;1;Hadeuh gimana sih ini? Mau Daftar Mobil Kok Ga bisa bisa hadeuh bikin ribet aja. Dah dicoba 4x tetep ae ga bisa;;
Gede Data;06/01/2025;5;Pelayanan sangat bagus cepat di mengerti memuaskan;;
Tri Pratiwi;24/06/2025;1;tidak bisa mendaftarkan mobil padahal sudah di coba berulang kali;;
Taufiq Rachman;26/12/2024;5;aplikasi nya bagus dan sangat membantu untuk service dan emergency;;
Trisna Permatasari;10/03/2023;5;Service Jadi lebih Mudah dan Test Driver juga bisa langsung di aplikasi ini, keren banget;;
Pengguna Google;02/10/2018;1;Aplikasi belum sempurna sudah dilaunch...regristasi aja gak dikenal...payah;;
Wardiar Mento;06/05/2024;5;Terima kasih saya sudah bisa register, sudah satu Minggu dicoba baru bisa hari ini, setelah di call me dari Honda pusat terimakasih Honda pusat bantuan nya;;
Valentino Rosi;03/10/2022;1;Aplikasi ini sbenarnya bagusss Tapiiiiiiii..... Knp...knp... Kok saya baru dikasih tahu sama pihak hondaaaaa adanya apk ini lah wong saya sebagai memiliki mobil Honda pembelian th2018 Sudah habisssssss dan lewatttt free servic nya alias expired sunguh2 sangat menyesal sama pihak Honda Alisa tidak pernah saya pakai fre servisnya Sungguh keterlaluan managmen Honda Saya tidak pernah dikasih tahu sama pihak Honda kalo ada free servis sungguh keterlaluan Kalo sudah lewat baru dikasih tahu menyebalkan;;
Wawan Her;26/10/2023;1;B AJA. ga ada yg berguna. Malah bikin pusing para seles minta tolong aplikasi kasi bintang 5. Gua sih ogah. Pelayanan kurang bagus;;
ini iqbal;05/06/2025;5;sangat membantu aplikasi. sukses honda. masukan perbaikannya agar ditindaklanjuti;;
Ary Andriyan;13/10/2023;1;Kalo ada bintang 0, sy kasih 0 aja. Berulang2 masukin nomor mesin dan nomor rangka bilangnya kendaraan tidak tersedia, padahal jelas sudah ditulis sesuai STNK tetap gagal, ilegal apa motor gw beli??? Gak jelas banget;;
Moh Haerul Anwar;26/01/2022;1;𝚂𝚎𝚝𝚎𝚕𝚊𝚑 𝚍𝚒 𝚄𝙿𝙶𝚁𝙰𝙳𝙴 𝚊𝚙𝚕𝚒𝚔𝚊𝚜𝚒 𝚐𝚊𝚔 𝚋𝚒𝚜𝚊 𝚍𝚒𝚋𝚞𝚔𝚊..??;;
Yakub Usuli;02/01/2025;4;sejak sevice berkala yg pertama s.d sekarang sy sllu menggunakn aplikasi Honda e-Care ut booking service, sbb lebih mudah & sllu mendapatkn prioritas dlm pelayanan...;;
Amir Udin;27/05/2023;1;Halo kak. Saya pengguna baru di honda dan di arahin suruh pake APK ini tapi kenapa ga bisa di buka ya APK nya cuma mentok sampe LOGO doank. Trimakasih;;
Eka Prasetya;07/10/2024;3;setelah update kemarin kok malah tidak bisa dibuka.;;
Samir Abdullah;08/11/2023;5;Nilai 10 dah pelayanan terbaik salesnya juga sangat ramah;;
Lili;28/08/2024;2;Error terus saat mau booking service - pemilihan dealer;;
Ade Yoviansyah;10/11/2022;5;Honda ada tidak aplikasi untuk bisa mengecek spareparts dan harga per part seperti merk mobil lain?;;
calvin marcellino;25/03/2022;1;Update malah data kendaraan hilang,apk payah;;
Muhammad Choiri;05/01/2026;5;Sangat baik pelayanannya;;
ali hanafi;27/05/2024;3;Tidak ada estimasi biaya servis, kedepannya mungkin bisa ditambahkan;;
ofiq fauzi ridwan;16/12/2025;5;bagus nih cs honda pelayanannya;;
Tega Wiratama;15/12/2025;5;aplikasi nya sangat membantu;;
Pengguna Google;27/08/2019;1;Booking service untuk area Kab. Semarang (Honda semarang s/d honda salatiga) pinggir tidak ada yang bisa semua, percuma ada menu booking service;;
Hidayat Rahmad;28/07/2020;1;Gimana mau booking pilih jam nya aja gak bisa, aplikasi tidak membantu sama sekali;;
Gayus Sumarno;03/03/2025;5;Tempat nyaman dan pelayanan cepat;;
Tito Sujati;15/10/2022;3;Respon dari booking service lama banget, sepertinya dealer servis tidak semua peduli dengan aplikasi ini.;;
Mierza Junianto;18/11/2020;5;Aplikasii yg muthakirr ,luar biasa saya sangat terbantu sebagai pengguna Honda. Gokksssss!;;
Gemilang Ritel Abadi;24/06/2023;5;Terbaik, sangat membantu, trust worty;;
Maria Ulfah;18/02/2023;5;Sangat membantu untuk pengguna honda,dtingkatkan terus performa aplikasinya;;
Hendri Restianto;16/04/2022;3;Saya ko ga bisa booking service yah? Bisa milih tanggal yang tersedia tapi ga ada button simpan/submit booking;;
Dani Haryadi;06/12/2023;5;Sangat membantu untuk booking service;;
Putu Kresna;02/06/2025;3;layar halaman utama tidak merespon ketika dipencet;;
AGUST TISABILAGA;08/12/2020;5;Makasih aplikasi nya sangat menyenangkan dan membantu banget;;
Feri Sudirman;28/02/2026;5;pelayanan bagus terutama pak Budi selles nya cara marketingnya keren;;
Nasrum P2tl;08/07/2025;5;Sangat membantu untuk layanan service;;
Priliansyah Ma'ruf Nur;22/09/2020;1;Tidak bisa mendaftar booking servis;;
Jeka Putra;23/12/2025;5;pelayanannya ramah,ruang tunggunya dan menu yg tersedia mantap dan pastinya gratis snacknya. pokoknya puas;;
Tn. Triardi Syamsudin;15/04/2024;5;Servis kendaraan jadi mudah;;
Ilham Malik;20/04/2025;5;Aplikasi berfungsi baik dan sangat membantu.;;
Rian kusuma Akbar;29/07/2020;5;Aplikasi yg bagus kita bisa lihat kapasitas di dealer;;
farhan hijazi;15/04/2022;1;nomor rangka dan nomor mesin selalu salah, padahal udah isi dengan benar;;
Emile Parapat;21/05/2025;5;mudah navigasinya. sangat memudahkan;;
Nandar Yanuar;13/03/2025;5;sangat membantu saat booking service, jadi ngak usah kebengkel pagi pagi;;
Ana Bell;07/03/2025;5;Pelayananya baik ,dengan hasil servic yg baik.;;
Nanu Rudiyana Official;11/06/2025;5;Respon cepat, pengerjaan cepat dan sesuai;;
abah latif (canvasmas);01/07/2022;1;Sekelas Honda , HPM , buat aplikasi banyak error , Saya masukan nomer rangka All New Civic RS yang terdeteksi aplikasi Civic HB , Informasi service berkala juga ga akurat, Ga ngerti ini Honda sedunia apa cuma di indo saja , Sama halnya simpang siurnya informasi aftersales, service , product knowladge yang selalu beda antara dealer , dan call cantre HPM , PENTING : HARUSNYA ADA MANUAL BOOK tersendiri Tentang HONDA SENSING karena ini fitur semiotonomus yg bisa berbahaya kalau tidak Paham.;;
Benedictus Sudianto;02/04/2023;4;Ni bingung cara daftarin,mental terus dan di minta cek nmr rangka dan nmr mesin pdhal sdh bener isi nya,bagaimana cara nya agar ngga mental terus isi nya;;
Pengguna Google;14/09/2018;1;Mo regist keterangan kendaraan tdk terdaftar?? Pdhal udh bner nmor2 kendaraan ssuai stnk. Ga like;;
makhrus muhammad;25/08/2022;5;Sangat membantu dalam memanage mobil honda tercinta;;
Yoga Purnomo;07/01/2025;4;lebih berguna dan bermanfaat jika ada asumsi rincian biaya service yang di perlukan;;
Riana Dwi Suryani;27/01/2023;5;Aplikasi yg sangat memudahkan pelanggan, terutama untuk proses booking servis;;
Farhan M;29/11/2023;5;Sangat memuaskan. Pelayanannya ramah. Sangat baik..;;
Pengguna Google;11/11/2019;1;Tidak bisa aktivasi, tolong bantu...;;
Andrian Bella;14/12/2024;2;Sering logout sendiri dan susah untuk login kembali;;
Munib Al Ikroom;30/01/2025;5;Pelayanannya sangat baik dan ramah tempatnya nyaman👍👍👍👍👍👍👍;;
sutarno drs;25/04/2022;4;Cepat, tepat dan memuaskan;;
AngeL JS;10/01/2021;5;Suka bgt sama aplikasi ini.. Disaat mau service berkala mobil tinggal booking dr aplikasi trus 5 menit kemudian dpt telp dr Honda.. Hari H mau service mobil tdk antri lg langsung ke pelanggan prioritas.. Trus dpt info2 yg berguna misalnya mobil sdh habis masa service gratis ehh ga taunya di aplikasi tercantum pembelian mobil dr Agustus 2018 free service mobil selama 4thn. Klu kita tdk tau info ini n tidak sampaikan ke pihak bengkel Honda,kita sampai di bengkel Honda tetep kena cas service nya;;
rendy juna;12/12/2025;1;gagal terus, udh scan barcode udh data d nopol bener tetep aja salah pdhl kan ini motor data y bener d STNK;;
Iman Kafadriansyah;25/03/2025;5;mudah, cepat dan tidak antri;;
Okana Dian;26/04/2023;5;Pelayanan baik dan ramah, Utk makin diperbanyak paket hemat servisnya biar bikin tdk kantong kering☺;;
Moekayat File;20/04/2025;5;Memudahkan apabila mau booking, sementara belum ada kendala;;
SW Chanel;08/03/2023;1;Data service history mobil saya tdk pernah diupdate, kasih bintang 1 aja.;;
Hamruni;04/01/2025;5;bagus dan membantu costumer dalam melakukan booking service dan lain2;;
Erik Gian JRA FAMILY OFFICIAL;26/11/2024;5;Salah satu aplikasi yang sangat bermanfaat untuk perawatan kendaraan Honda. Alur proses yang simple sehingga memudahkan customer untuk berinteraksi👍Sukses untuk Honda💪;;
Ibnu bs;07/12/2023;1;gagal registrasi di otp.. sudah email ke ecare nunggu di follo up utk update bintang lagi;;
Sapto Nugroho;18/01/2025;5;sangat responsip dan membantu dalam booking service;;
Sumarsono PLN;27/05/2025;5;mudah dan menarik tampilannya;;
nanda Najmi;02/02/2025;5;detailnya lengkap mudah diakses trnsparan dlm pengerjaan service kendaraan👍;;
ALPATH story;12/02/2025;5;pelayanan sangat bagus skali,detail bagus;;
Pengguna Google;30/06/2019;1;Gua kecewa sm sales. 1 Dari DP 19 juta lebih tiba2 keluar PO DP 27 juta tanpa ada konfirmasi sm gua.2 perjanjian stnk keluar baru cicilan jalan.malah mobil blm kasih unit ke gua sm stnk malah sdh berjalan cicilan.gua ngomong baik2 sm salesnya.sales lebih galak sm gua .keluar uang gua bukan sales.sales kayak tai.bilang stnk keluar 14 hari kerja.sabtu sm minggu tuh gua tau nggak di hitung.gua mau tau sj stnk pasti keluar 14 hari kerja apa nggak.kalo nggak gua masukin ke sosial biar orang tau;;
Yustinus Feriady;16/10/2023;5;Terima kasih sudah dibantu mendaftarkan unit.;;
Alfi Rahmanto;03/03/2025;5;Sangat Bermantaat & Membantu, Terima Kasih;;
sugeng 1575;05/02/2025;4;aplikasi bagus, membantu dan memudahkan customer;;
Maulana Ibrahim;18/12/2023;5;mohon update'an nya jgn lama. sudah service, tapi di aplikasi belum update.;;
Herlim;18/03/2025;5;sangat membantu untuk booking servis berkala;;
Fran Nordiansyah;18/04/2025;5;Sangat membantu sekali, kedepan semoga lebih ditingkatkan lagi;;
Indra Mahendra;17/08/2020;1;Ternyata bukan gw aja yg susah registrasi di app ini. OMG ini beneran app Honda 🤕🙈;;
Fitri lestari;26/04/2025;5;pelanan baik dalam penyampaian juga detail murah senyum ok pokok nya;;
Hendricus PJ;26/11/2024;5;durasi waktu pengerjaan service rutin kalau bisa lebih cepat;;
Adi Nugroho;14/07/2025;5;teknisinya ramah dan komunikatif dalam melakukan tugasnya,serta ruang tunggunya nyaman jaga terus kualitas pelayanan.;;
Dedi Ramadhana;30/05/2025;3;menu aplikasinya tdk bisa d sentuh...;;
Zenless Project;02/03/2025;1;Ga bisa di daftarkan kendaraan nya;;
Rahayu Sri wastuti;01/02/2025;5;semuanya jadi lebih mudah dan cepat;;
Kantoni Iis;20/02/2023;4;Sangat membantu, utk pemilik mobil honda;;
Laksono Hendri Kuncoro;21/10/2022;5;Aplikasi yang bagus, bermanfaat sekali untuk pengguna mobil honda;;
Heri Pramono;26/10/2021;1;Dear Honda, mendingan gak ush buat aplikasi di android kalo ga fungsi dan gak siap buat di pake jutaan orang di indonesia ini, udah di instal ga bisa di apa2in.;;
Pengguna Google;29/03/2019;5;terus ditingkatkan fiturnya;;
Sayuti Ahmad;08/03/2025;5;bagus dan mempermudah untuk pelayanan service dan informasi lain nya;;
Deivy Pangemanan;09/06/2022;1;Tidak bisa login. Kayaknya jadi malas melayani;;
Dicky Andrianto;25/06/2024;5;Pelayanan ramah dan profesional;;
panca wahyudi;22/11/2023;5;"hari ini ganti oli mobil sekaligus recall front passenger's @honda kencana keranji. good experience u/ tingkat pelayanannya.mulai dari tindakan security sampai ke Service Advisor nya, Mb Talitha Ivana dibantu sekali & diberi penjelasan yg baik recomen u/ yg ada kebutuhan terkait kendaraan ""Mobil"" Honda hold on untuk services baiknya👌🏻☕️";;
Edwin Rusli;07/09/2020;5;Sudah semakin baik & lebih user friendly dr versi sebelumnya;;
Sah adam;27/04/2025;5;pelayanan sangat bagus, dan fasilitas nyaman;;
iank Febriansyah;11/02/2025;5;Menu Inbok tidak bisa di buka.;;
Vony Arissa;05/08/2022;4;Lumayan membantu untuk booking servis;;
kartini amainah;28/02/2025;5;cepat sigap ramah dan teliti dlm service;;
Arief Aditya rifandy;08/09/2020;3;Permintaan pelanggan terbatas hanya sekitar 50 huruf pada kolom format booking service..;;
ali hanafi;16/01/2021;1;Aplikasi cacat, gak bisa login;;
On ranS;13/09/2021;1;Gak bisa mendaftarkan kendaraan.;;
Rizki Jan;15/04/2022;5;Mantap digitalisasi dibidang industri otomotif,...;;
Darussalam Usman;06/09/2023;4;Mohon ditambah fasilitas cancel dan reschedule booking servisnya;;
A M (I'am Dayak);27/05/2023;3;Aplikasi saat ini gak bisa di buka, mohon penjelasan dari pihak honda e care;;
Nova Mulianita;28/03/2023;1;Aplikasi payah, sangat susah dbuka.;;
Agus Untoro1;18/07/2020;1;Jelek..udah daftar isian sdh lengkap tp gak bisa2 jg;;
Eli Suhaeli;16/04/2025;5;setiap servis dari mulai penerimaan sampai pelayanan sangat memuaskan terimakasih Honda auto serang...;;
Pangadilan Sinaga;28/11/2024;1;Gila cuman ngecek2 aja GK ad d lihat mahal x bayaran a mending ke bengkel yg d kenal aja dri pada ke dealer;;
Yusuf Hadikusumah;18/07/2024;5;Pelayanan ramah dan cepat;;
Velissa NK (Velissa);27/04/2023;1;Pingin service bayar aja kok tambah ribet,;;
sulistyo s;28/05/2025;5;mantap sangat membantu praktis booking service;;
Arif Permono adi;16/12/2024;5;Sangat membantu untuk pengecekan;;
Yudi Hendra;13/12/2024;5;mantap, cepat dan gampang;;
sumardi 01;04/07/2023;5;kemarin saya gk booking servis lgsung datang aja .alkhamdulillah pelayanan cepat dan bagus;;
Dandan Wicaksono;22/01/2025;5;Bagus dan ada catatan maintenance;;
Prima Hikmat Septian;27/12/2024;5;Mantapp aplikasinya, memberikan kemudahan dalam pendaftaran service;;
Asep Septiawan;06/02/2024;1;Nomer mesin 3 dijid apaan ini . Di STNK aja bnyak aneh ny aplikasi .;;
Mulki Siswanto;28/07/2020;2;Aplikasi ngga bisa dipakai... ngga niat amat bikin pelayanan konsumen 👎;;
Budi Manfaat;15/12/2024;5;Terimakasih atas layanannya yang selalu memuaskan.;;
Muhamad Farhanreal;18/05/2024;1;Suruh daftar tapi nungguin kode verifikasinya lama amat si;;
Jo Vanka;25/02/2025;3;sering error aplikasi ini ga bisa di gunakan;;
Ruwadi Budiman;01/02/2025;5;Lancarkan semua situs;;
Heru Widodo;07/10/2025;5;penyampaian informasi mudah di mengerti, ramah dan nyaman.;;
syandana channel;20/07/2020;1;Buat booking servis tidak bisa aplikasi apaan ini buat emosi aja;;
Pengguna Google;03/04/2019;5;cakep n mantap jadi gampang nga perlu tanya2 gi;;
Amir Hamzah Amir;06/05/2025;5;pelayanan yg ramah dengan fasilitas yang nyaman;;
syihab mochza;02/11/2024;5;aplikasi yang membantu proses service berkala ajib bre;;
HIDAYATULLAH AMK;02/06/2025;2;hbis update, menu tdk bisa klik apa²;;
Galih Afrianto;07/01/2026;5;sangat sangat memuaskan;;
Haerul Hamka;19/06/2024;5;Pelayanan Sales sangat memuaskan;;
Agus Suherie;23/01/2025;5;dengan adanya booking service memudahkan pelanggan untuk daftar antrean online.;;
Nito Sun;11/08/2022;1;Permintaan akses ke pemilik utama itu melalui apa, sms atau wa?;;
ns 71;20/11/2024;5;Bagus aplikasi nya , mudah digunakan;;
Terang Bersinar;19/05/2025;5;Sangat membantu sekali dengan adanya aplikasi ini.;;
Purwanta;06/04/2025;5;Pelayan bagus dan tepat waktu;;
Sapta Nugroho;25/08/2022;5;Sangat memudahkan informasi mengenai mobil Honda ...mantabbb;;
Aji Monstrologist;12/04/2022;3;Voucher nya kok gk dapet sih, misal gratis apa gitu kek;;
Sanggar laut Selatan 2;04/10/2023;5;Pakai aplikasi ini jadi memudahkan banget Sukses terus yaa hondaaaa;;
Dani HD;12/12/2024;5;aplikasi yg mendukung mempermudah booking service dan informasi informasi yang lainnya;;
Pengguna Google;29/05/2019;2;ko tidak bisa daftar.pdahal saya sudah masukin semua dengan benar???;;
Ilham Selamat;16/05/2023;1;Aplikasi belum matang. Register tdk bisa;;
fajar hidayat;11/03/2025;5;melakukan service harus sesuai sop agar kebersihan. keamanan, perlengkalan kendaraan terjaga dg aman/baik.;;
Sefi Rijal;18/10/2020;1;Mau registrasi tetapi tidak bisa;;
herlandani herlandani;26/01/2022;4;Update terbaru tgl 26/01/2022 malah tidak bisa tampil;;
Anggi Herdianto;18/03/2024;1;Gak bisa masuk, kolom email tidak bisa di isi;;
Cahyono Puspodiharjo;23/12/2024;5;pelayanan nya bagus, baru booking 1 hari langsung di kerjain ama beres 👍;;
widodo ade nugraha;29/09/2022;5;Mobil Honda Brio RS urbanit kwalitas bagus dan memuaskan;;
Hilfi Villar Risya;19/02/2022;1;Ini real apk Honda? Brand mobil besar itu? Sejelek ini? Mau booking service aja Gk bisa hadeh;;
Jo La;20/10/2022;5;trimakasih ats pelayanan nya dan servis nya sekali lagi trimakasih telah mewujudkan impian mobil kami trim honda Sukses terus yah Gbu;;
anna Nuraena;06/11/2025;5;pelayanannya bagus, sangat memuaskan👍;;
elpina Simanjuntak;07/06/2025;5;Honda Prima Harapan Indah pokoknya keren dan bagus bisa dipercaya🙏;;
Mank Oedjank;07/01/2025;3;klu playanannya baik tambah jd bintang 5;;
Pengguna Google;28/01/2020;1;APLIKASI GEJE mau mendaftar ko ga bs 👎;;
Ernawatidrg Purwaningsih;04/04/2025;5;Service baik dan profesional;;
RR Aksesoris Sumbawa;27/02/2024;1;Vitur terbaru (rem/berhenti otomatis) new HRv benar2 membayahakan, hampir 3x saya dibuat celaka;;
Sony Petrus;09/01/2025;5;pelayanan cepat ...pertahankan selalu;;
Leo Firlianda;23/01/2025;5;ringkas dan mudah digunakan;;
ZACRAS channel26;13/02/2021;1;aplikasi jagan di unduh egk bisa di pake percuma;;
Pengguna Google;18/06/2019;1;udah masukin noka nosin masa kendaraan blom terdaftar .. aplikasi aneh;;
Nuir isra Arahap;03/01/2025;5;sangat membantu dan the best untuk honda;;
Nunung Sukaeti;29/12/2025;5;pelayanan baik dan ramah;;
Ratna Saridewi;10/05/2025;5;dengan booking servis kita tidak perlu menunggu terlalu lama;;
wahyu eko;29/01/2025;5;bagus untuk semua keseluruhannya;;
Ade Irfan;23/12/2024;4;jadi lebih cepat dan efisien;;
priyo hardono;26/03/2025;5;mantabs... smooth bener aplikasi ini😃;;
jane stanley;24/12/2024;1;Aplikasi tidak mendukung LOG IN SIDIK JARI;;
Arman Hermawan;13/11/2024;5;pelayanan nya ramah, bagus, keren dah LPPM;;
agus izoer;20/03/2025;5;pelayanan yang sangat di butuhkan penggunaan kendaraan;;
Dimas Kartaraja;05/03/2025;5;SDH hampir 2 bln saya ajukan cleam waranty terkait Shok belakang brv prestige 2022 sya di Honda auto serang TDK ada kelanjutan, minimal ada pemberitahuan KPD knsmn harus gmn? Jadi saya anggap kebohongan waranty Honda nya TDK terbukti apalagi nanti ada masalah di bagian part lainya ( mesin) no saya terdaftar di Honda dan gampang menghubunginya;;
Febrian Handayani;01/05/2025;5;simpel dan praktis;;
Angga eka ardhista;03/02/2025;5;sangat membantu untuk booking servis;;
IBenk Suyudi;18/03/2026;3;aplikasi nya eror yakk;;
Komandan Crowns;25/06/2025;2;habis upgrade sering lelet;;
Tri Wahyuni;17/12/2024;5;Mantap. Sangat membantu sekali;;
Pengguna Google;08/06/2019;5;Boking jadi lebih mudah via online;;
Euis Selvia;09/12/2024;5;Jadi gampang buat boking servicenya;;
Achmad Triyanto;05/02/2022;5;Yang baru ini sudah lebih banyak fiturnya;;
Pengguna Google;17/12/2019;1;Ga bisa registrasi, payah;;
Hendra Bayu (Bayu);06/05/2025;5;mudah daftarnya dan pelayanannya ramah;;
Supriyadi Djami;16/07/2020;1;Dicoba dulu, kalo dpt membantu baru ditambah bintangnya;;
Manik Raja (AfterMidNite);28/10/2020;1;Aplikaainya gak jelas arah dan tujuannya;;
Bilal Hamizan;10/10/2022;5;Pelayanan lumayan memuaskan.;;
Joko Bintang;17/04/2025;5;membantu sekali untuk booking service;;
Rudi Salam;31/12/2025;4;aplikasinya sangat membantu konsumen seperti saya;;
Misbahul Mustofa;01/02/2023;1;SAYA UDAH DOWNLOAD UDAH MASUKAN NO RANGKA UDH MASUKAN NO MESIN NO POL MASA GA BISA TAMBAHKAN KENDARAAN DENGAN ALASAN PERIKSA KEMBALI NO MESIN DAN NO RANGKA ANDA UDAH JELAS JELAS SAYA SESUAIKAN DENGAN YANG DI BPKB;;
jang fjr;13/09/2025;5;ramah2x smuanya ruang tunggunya nyaman skali;;
Pengguna Google;11/04/2019;5;sangat membantu pengguna mobil honda untuk mencari dealer sejabodetabek;;
masrul nazaruddin;01/01/2025;5;Aplikasi bagus, sangat membantu;;
Debby Stevany;09/06/2022;1;masa gabisa booking sih, hahahaa trus gunanya aplikasi apaaa dongggg;;
Yoqi Muttaqien;14/12/2024;5;sangat mudah dan membantu;;
Pengguna Google;06/05/2019;1;untuk aktivasi nya tidak pernah kode terkirim ke email saya;;
M.R. Ibnu Romadhan;26/12/2024;5;Memudahkan dalam booking service dan update informasi layanan honda lainnya;;
Issirep Sumardi;10/04/2022;5;Sangat memuaskan.petugas ramah2;;
Marcho Vicenso;31/01/2025;4;sejauh ini aplikasinya berjalan dengan baik;;
alex jhon;24/05/2025;5;bagus, informasi lengkap;;
• KawaiiCookieCupcake •;02/11/2024;1;berulang2/sering minta verifikasi berulang2.& ganti2 password;;
Soegiyanto Soelaiman;14/06/2025;5;Booking Service lewat Honda e-care nya sangat membantu sekali.;;
widarto darto;04/12/2024;5;mudah dalam melakukan pendaftaran;;
Widiono pinot;12/02/2025;5;Service Honda selalu di sini. Tempatnya nyaman. Pelayanan baik.;;
diskop_ukm jeneponto;13/11/2024;2;kalau bisa waktu pengerjaannya lebih pendek lagi;;
Riyadi Santoso;26/12/2024;1;aplikasi tidak bisa di pakai;;
udine aladiners;07/05/2025;3;selama ini masih cukup puas pelayanannya;;
far dholi;26/02/2025;5;alhmdllh pelayanan sagat baik dan tempat tunggu sangat yaman;;
Pengguna Google;10/02/2019;1;ga bisa daftar mohon d perbaiki;;
Sartika Napitupulu;14/12/2023;5;Pelayanannya sangat bagus;;
Dufia galon Dufia;04/11/2025;5;pelayanan nya sangat bagus,sales nya jg baik;;
Wa ode Kurnesi;10/06/2023;5;Sangat membantu buat pemula;;
Aries7an;17/08/2025;5;Aplikasi cukup membantu proses service;;
M khoirul Hamzah;08/12/2024;5;sudah memadai dan pertahankan;;
Pudjianto Pudjianto;07/09/2024;5;Sy selaku pelanggan Honda HI selama ini tdk ada kendala yg berarti yg saya temukan...tks;;
David Debora;14/03/2022;1;Tidak bisa login;;
Rendi Fernando;26/01/2022;1;Closing mulu,,, ini real punya Honda, brand besar itukah??;;
Laode Maulidin;06/05/2023;5;Sangat membantu customer.;;
Ruslantapin Rantau;05/05/2021;5;Terima kasih telah memberikan pelayanan dengan baik;;
Dizi Budianto;06/01/2025;5;tidak perlu menunggu antrian service;;
prasetyo 8787;04/08/2024;5;aplikasi ini sangat bagus;;
Tiorly Sitorus;02/12/2020;5;Sukses utk honda... tingkatkan terus pelayanannya;;
Mohammad Subhan;27/07/2022;5;Aplikasi nya sangat mempermudah pengguna Honda;;
Muhamad Dede Sa'dullah Almubarak;31/07/2020;1;Gak bisa search lokasi dealer...;;
Pengguna Google;26/07/2019;2;entar kalau bagus jadi bintang 5;;
amiruddin abbas;11/05/2024;5;Responnya Cepat dan tepat waktu;;
Pengguna Google;28/03/2019;5;sangat bagus dan bermanfaat;;
Pengguna Google;24/04/2019;5;sangat membantu waktu service;;
دني جونيار;17/06/2020;1;Coba instal aplikasi ini. Kalo jelek uninstal lagi.;;
Victor Immanuel;09/06/2025;5;Pelayanan yang selalu memuaskan;;
Fari Suriady;05/05/2024;1;Aplikasinya jelek, ndak beres, akhirnya di hapus.;;
JUANDA SAPUTRA;09/08/2023;5;Sangat Membantu bagi pengguna Mobil Honda;;
Zadila Collection;29/09/2023;5;Makasih pelayanan bagus;;
Recky Lala;07/08/2020;1;Tidak bisa diinstal;;
euisaat sukandar;09/11/2024;5;terimakasih atas pelayanan yang luar biasa;;
Kang Sandra Yudistira;29/06/2020;1;Kendaraan Anda Belum Ditemukan Padahal Sudah 5 Tahun Saya Pakai;;
Ali Sabana;31/08/2023;1;Untuk booking service respon konfirmasi lama;;
Eka Sulistyo;22/08/2020;1;Saya owner Mobilio dan mhn ditingkatkan service care nya. Klo pelayanan purnajual Honda seperti ini, jgn salahkan konsumen yg pindah ke merk sebelah;;
Eni Hartini;25/03/2025;5;mudah untuk booking nya, 👍;;
sou trisno;12/04/2025;5;sangat membantu dengan aplikasi ini;;
Pengguna Google;26/07/2019;1;ngga bisa registrasi...hueheuuhueehheee;;
Arief Rian Abidin;14/01/2025;5;bagus aplikasi sangat membantu;;
roissudin muhammad;01/04/2025;5;Tempat yang menyenangkan untuk kebutuhan Honda Anda;;
Ernie Taning;02/04/2025;5;Layanan Service Gratis Pertama sangat memuaskan;;
Wawan Gernawan;07/07/2025;5;mantap trus ya honda makassar indah;;
Syamsul Bahri;10/04/2025;5;cukup memuaskan kami berharap ke depan lebih baik lagi;;
widodo jiwanggo;04/03/2025;5;pelayanan yang sangat baik ke Customer;;
Dhani Darmawan;29/01/2025;5;sampai saat ini aplikasi ini sangat membantu 👍🏼;;
Budi Hartana;21/04/2025;5;pelayanan selama ini sangat bagus;;
Nendi Permana;10/03/2025;5;keren gak perlu antri;;
Heru Santosa;30/12/2020;3;Mau registrasi aja susah;;
Prarit Subratha;18/02/2025;5;ok, tingkat kwalitas perbaikan;;
Jeje Mulyana;16/02/2025;5;mempermudah untuk jadwal servis dll;;
Firman Abdullah hartono;04/06/2021;5;Daftar dulu masbro baru login kok payah. Voucher ada di kolom voucher;;
MR Bahua;16/03/2025;5;overall fasilitas honda e-care sangat membantu, thanks Honda kedepan lebih maju lagi;;
Suddradjat Edy;19/05/2025;5;baguss dan cepat.;;
Bungaa Gwoon;10/11/2024;5;mempermudah proses dlm antrian boking service;;
Har Min;18/06/2024;5;Tanks atas petunjuknya;;
Floriberta Binarti;13/01/2025;4;agak ribet di awal karena harus nunggu verifikasi data;;
Bhien90 Sip;30/10/2024;5;membantu dan cepat;;
DEDDY OCTORA WIJAYA;14/03/2025;5;simple dan mudah;;
Andy Jayanto;12/03/2025;5;memudahkan pecinta honda untuk service;;
sarniti apt;06/12/2024;5;sangat mudah di mengerti;;
Henri SE; M;Si;10/12/2020;5;Pelayanan maksimal
Seiko Herlambang;25/08/2022;5;semakin mudah untuk pelanggan;;
Husain Abdul Alim;07/04/2025;5;cara booking servisnya mudah;;
Bendul Merisi;28/12/2024;5;menu mudah dipahami;;
Emha Hussein;04/02/2025;5;Pelayanan cukup bagus;;
erwin susanto;01/02/2025;3;sering diminta update app;;
ERIANSJAH LESMANA;08/02/2025;3;Butuh penjelasan respon Honda utk kebocoran ban bagi CRV Hybrid krn tidak punya banyak serep;;
Sukoyo;13/05/2025;5;aplikasinya mudah digunakan;;
teguh wahyudi - Kalila;28/04/2025;5;mudah digunakan dan informatif;;
Latifah Sonia;13/09/2022;5;Bagus bgttt sgt membantu;;
maryadi lagi;15/02/2025;5;menpermudah ambil no antrian;;
Nadine Azkiya;05/03/2025;5;pengerjaan sangat teliti;;
M Kemal Tarikh;27/04/2025;5;aplikasi yang bagus untuk pengguna mobil Honda;;
Muhammad Paksi Handoyo;29/04/2025;5;sangat membantu aplikasinya;;
akmal mulia;21/05/2025;5;aplikasinya sangat membantu;;
Zainul Irfan;29/12/2024;5;Bisa booking Service Online disini;;
deni djanuar;07/05/2025;5;Mantap banget pelayanannya;;
Rizky Syahdan;13/02/2025;5;sangat membantu aplikasinya;;
ning seputro;03/07/2025;5;pelayanannya sangat memuaskan;;
Rumah Baru;12/02/2025;5;Pelayanan profesional;;
coco_ time;23/07/2022;1;Gak bisa dipake :(;;
Hendra Alfaridzi;18/02/2025;5;Pelayanannya memuaskan;;
Kamaludin Al Yafiie;05/08/2022;5;Untuk booking servis terkendala..;;
Cam Copyright;24/02/2025;5;mudah dan praktis;;
Rifka Argandini;29/10/2025;5;Baik, pelayanan bagus;;
Tirta Sudirmam;02/01/2025;5;pelayanan ramah,,dan sangat baik;;
Rinto Sdb;13/03/2025;5;mantap dan membantu;;
Alloy Doank;17/09/2023;3;Mau cek histori service aja susah.;;
Nafthalena Lena;17/12/2024;5;sangat baik dan mudah;;
Rudy D;28/10/2022;3;Agak ribet yah untuk masuk Honda e-Care;;
Widi Fafa;22/09/2025;5;Honda magelang, Pelayanan service berkala ok, selalu mengingatkan customer dan melayani customer dengan baik, mantap honda tunas jaya magelang;;
turyanto 81;07/06/2025;5;mudah dan cepat;;
Ani lim;01/10/2025;5;sangat bagus pelayanannya;;
Pengguna Google;21/11/2019;1;Tdk bisa registrasi;;
Jones Aritonang;23/08/2023;5;Kemudahan layanan aplikasi;;
Asep Syaripudin;22/04/2025;4;pelayanan baik tingkatkan lagi....;;
Samuel Umbu Moto;09/12/2020;4;Tidak perna buat masalah;;
Pia Kinaa;14/11/2024;5;Aplikasi sangat membantu;;
Yuli Yuli;11/03/2025;5;mudah dan memuaskan;;
Kartidie. E;25/03/2026;4;bagus dan bagus;;
Nasyiah 73;14/01/2025;4;masih agak bingung;;
Muhamad Rifani;10/03/2025;5;bagus sangat membantu;;
Reni Anjani;05/03/2025;5;mantab sangat membantu;;
Budi Santosa;27/02/2021;5;Memberi kemudahan pelayanan service;;
Andik Blueagel;13/12/2024;5;booking lebih efisien;;
Lexy Lusiono;08/05/2024;4;Mhn pencerahannya utk memindah mobil dari akun orang ke satu karena saya membeli mobil yg sdh terdaftar di honda ecare. Tks;;
Fadli Rahman;09/03/2026;5;aplikasihnya bgus;;
Ahmad Mukhlisin;25/08/2022;5;Sangat bermanfaat;;
mashudi;29/12/2024;5;pelayanannya sangat memuaskan;;
andrie prajuniartho;03/03/2025;5;ini sangat membantu sekali;;
agus zulkipli;04/05/2025;5;Sangat Membantu;;
Acenk Hasan;20/02/2021;5;Sangat memuaskan.;;
Ali Yusuf Tumanggor;19/04/2024;4;Apk cepat respon;;
Min Sia;03/03/2023;5;Sangat Membantu👍;;
Aris bastian steel;16/08/2022;5;Sangat memudahkan;;
MUHAJIRIN;28/05/2020;5;Sangat membantu;;
9D17 Imanuel Putra F.;15/02/2022;1;Kurang membantu bos;;
Jeane Ratunuman;06/12/2024;5;Sangat membantu;;
Arjat Waiswa;12/08/2025;5;Cukup membantu;;
Dwi Agus Ardianto;12/03/2025;5;mantab dan terus dikembangkan;;
alfan dikhwan;22/05/2025;5;Pelayanannya bagus;;
noor ichsan;22/06/2025;5;adanya app ini memudahkan saya booking;;
sulastri;13/03/2025;5;fast respon Terima kasih;;
Mamun Nawawi;03/02/2025;5;pelayanan nya baik dan ramah;;
yudhi suryanata;11/11/2024;5;bagus dan terpercaya;;
heru santoso;19/06/2025;5;layanan prima dan memuaskan;;
Yadi Suharyadi;09/02/2025;4;Sangat membantu;;
honda Perdana;19/01/2023;5;Sangat membantu;;
latifah tif;08/01/2022;1;Ada gak mobil honda freed ke;;
Ester Bkl;31/08/2022;5;Aplikasi sangat membantu;;
Heri Sanjaya;06/12/2022;5;Mempermudah custemer;;
sukma pt;27/05/2025;5;Tempatnya nyaman;;
zakia ridwan;22/03/2024;1;Aplikasi susah dipahami;;
WhydblacK;16/12/2024;3;sparepart cab palu maaih kurang ready;;
Elite Sniper;17/01/2024;5;Service di union Honda Tangerang, Alhamdulillah aman lancar, pelayanan prima. Mantap terimakasih;;
Galih Surahamdani;23/05/2025;5;bagus pelayanan nya;;
Luky Ariesta;07/02/2024;1;sdh ke tujuh kali.... tetap tidak masuk;;
Januar Chandra;18/09/2024;5;Sangat membantu;;
Nopriati upit;12/05/2025;5;bagus sekali baru pertamakali;;
Bang Zhai;18/05/2023;5;thanks, mempermudah saya sebagai konsumen honda.;;
Pranata Kesuma;24/02/2025;5;Sangat membantu;;
Andri Yanto;27/02/2025;5;Alhamdulillah bermanfaat;;
muhammad mahdhar;09/03/2025;3;voucher tidak bisa kami tulis;;
Sigit Wahyudi;17/02/2025;5;Sangat membantu👍;;
Ade Sandra;08/05/2021;4;Sekalian bikin katalog harga spare part HONDA;;
Chalik gerra athallarefa;08/12/2022;5;Aplikasinya lengkap;;
Kota Marabahan;14/05/2025;5;sangat baik pelayanan nya👍👍👍;;
Muhammad Ali;27/12/2024;5;sangat membantu terutama untuk pemesanan boking services kami yg berlokasi jauh dari dealer/bengkel honda;;
Muhammad Desri Murdianto;14/02/2021;1;Ulasan apk saya dm di ig HPM aja..disini ga di tanggapi..;;
Husain Muchsen;15/05/2025;5;pelayanan selama ini baik;;
ronnurus shiddiq;22/03/2025;5;membantu sekali app ini;;
Pepen Ependi;10/06/2025;5;service berkala di Honda paling mantap;;
Samsu Alam;03/05/2022;5;Sangat membantu;;
Kunto Aji;13/07/2025;5;aplikasi jelas membantu;;
Rasianur Nur;25/07/2023;5;Biar lebih mudah;;
Panca Adi;06/05/2025;5;bagus aplikasi nya;;
ZAENUDDIN EFFENDI;29/12/2024;5;Dijelang akhir tahun 2024 dan memasuki awal tahun 2025, semoga Honda IKM Ciledug semakin ber JAYA dan semakin SUKSES di tahun 2025 ini. Aamiin.;;
liberti siahaan;01/07/2025;3;Pelayanan memuaskan;;
Irwan Efendi;25/11/2023;5;Jempol 4 Buat Mas Muhkti Sales Honda Gajah Mada.;;
DEDY WIDODO;17/01/2025;5;lebih mempermudah;;
Open World;03/02/2025;5;Pelayanan Honda yang sangat ramah;;
Lia Dahlia;29/05/2025;5;aplikasi ini sngat membantu;;
Fearman Syah;07/12/2024;5;sangat membantu. trimakasih;;
ibrahim triadi wibowo;17/11/2024;5;aplikasi sangat ok;;
wahyudiyono yudi;18/12/2024;4;susahnya menganti nopol lama dgn nopol baru;;
eko kustiyanto;16/06/2025;5;sangat membantu customer;;
Ririn Rahayu lestari;28/05/2025;5;semoga selalu terdepan dan amanah deker Honda Ahmad yani;;
Rafael Darmawan;19/09/2020;5;😊😊GOOD NILAI 800;;
Garin Hendro;04/06/2025;5;pelayanan yg ramah , & serfis yg memuaskan;;
Aif Ariefin;19/07/2020;1;Pelayanan Honda payah banget masa kendaraan anda belum terdaptar.;;
Nanda Noviandi;11/12/2020;5;Thanks promonya Honda;;
Yulian Yulian;04/03/2025;4;pelayanan cukup baik;;
Pandu Agung Pambudi;12/05/2023;5;Riwayat servis sudah muncul tahun 2023;;
Arta Deco;20/12/2023;5;Selalu puas dengan honda;;
rahyu rahayu;26/02/2025;5;sangat mudah sekali;;
TEGUH PUJIATMOKO;10/02/2025;5;aplikasinya enak di pakai;;
Ki Suwandi;18/03/2026;5;sangat membantu;;
Delila Sandra;11/01/2025;5;pelayanan maksimal;;
Maman Sadapotto;25/11/2024;5;mudah Di Akses;;
Andi_Awan Chanel;26/02/2025;5;informatif dan Solutif;;
Loeysito Sie;27/12/2024;5;aplikasi nya oke sih;;
Pengguna Google;28/03/2019;1;ga bisa register;;
King Alekdjuma;28/11/2024;5;harus byk yg free dan promo;;
Nas Rullah;24/02/2025;5;sangat memuaskan;;
Abdul Hamid;30/04/2025;5;pelayanan dan service mantap;;
Neils Hunt;04/12/2024;5;Keren layanannya;;
Wahid Surahman;07/02/2025;5;ok sangat bermanfaat;;
Cahyadi Harjanto;13/03/2025;4;sejauh ini lumayan;;
Aal Abdullah;07/02/2024;5;Pelayanan di Honda Komala Karawang, puas..bagus.. ramah2 pokok nya keren!!;;
BOS BESAR;03/03/2025;1;krg dengan org bengkel tepatnya honda kumala karawang;;
Heri kLunting;18/02/2025;5;sipp, memudahkan pelayanan;;
Fajrin Hutabarat;16/12/2024;5;keren utk layanan konsumen;;
abdullah fatin;02/09/2021;1;Responnya lambat;;
Sarah;12/11/2024;5;sangat bermanfaat;;
Faisal Faisal;30/11/2021;5;Layanan baik;;
Arifinara Wibowo;17/07/2020;5;Semoga lebih mudah;;
muhammad jamil;01/07/2025;5;biasanya di Honda Union kini beralih ke Honda Bin tang Cimone;;
rakha rajendra;04/01/2025;5;pelayanan bagus;;
Dwinta Rusdyawati;19/01/2024;5;bagus pelayananya memuaskan;;
Dara Darel;14/04/2025;5;Kemudahan dalam penggunaan;;
agung Aminudin;08/04/2025;5;pelayanannya bagus;;
Trisno Noer;24/03/2025;4;sangat bermanfaat;;
Maryanti Tirtowijoyo;14/12/2024;3;masih membingungkan;;
Nurkhanah Harmaji;02/03/2025;5;mudah bokingnya;;
supriyadi;08/12/2024;5;pelayanan bagus;;
BASARI BACHRI;19/11/2024;5;layanan profesional;;
ROMMY SULING;10/12/2024;5;oke oke Mantap;;
Togu Manurung;13/11/2024;5;sangat membantu..;;
Rizal Fadli;08/01/2025;5;pelayanan sangat baik;;
Imam Ahmad;29/12/2025;5;pelayanan bagus;;
syahril sasak;02/04/2021;5;Dapat info dari honda;;
Didin Suhayadi;05/03/2026;5;puas bgt lah;;
Romli Romli (asep);03/02/2025;5;bermanfaat sekali;;
Enal UMTL;25/01/2025;5;penanganan cepat;;
Agus Rosidi;04/02/2022;5;Semoga bermanfaat;;
Hendra Hadi;19/03/2025;4;proses booking cepat;;
Yadi andini;13/05/2025;5;pelayanannya sangan baik;;
agung pratama;11/03/2025;5;sangat membantu;;
herrico pebriansah;19/04/2025;5;sangat membantu;;
ahmad lanang;11/04/2025;5;sangat membantu;;
Budi Setriana;13/12/2023;1;atm danamon nomor rekening:500000plat nomor civic hondaD1234DA;;
Yundy Tamulu;08/01/2025;5;sangat membantu;;
M Tri Wardoyo;09/12/2024;5;ok sangat membantu;;
Andri Christian;17/12/2024;5;sangat membantu;;
afdal wirakusuma;24/05/2025;5;sangat membantu;;
Pengguna Google;02/04/2019;5;sangat membantu;;
Danny Setyanto;04/12/2024;5;App yang memudahkan;;
Priyo Utomo;10/10/2024;5;Pelayanan baik;;
emir muslim;01/02/2025;5;pelayanan cepat;;
Jannes Jans;19/05/2025;5;service di Honda IBRM cimahi luar biasa pelayanannya..;;
Maria Ulfa;27/02/2025;5;pelayanan bagus;;
Sulardi D5ku;31/10/2023;4;Mantap pakai Mobil Honda.;;
Rinaldi Afriyanto;24/01/2025;5;mudah digunakan.;;
Wisty Wisty;18/03/2025;4;pelayanannya cepat;;
Mamur Deden;22/12/2025;5;pelayanan mwmuaskan;;
Nur Jaini;17/05/2025;5;sangat membantu;;
Herman A;24/07/2023;5;Aplikasi membantu;;
Jaka;07/05/2025;5;pelayanan bagus;;
pancer lumbantoruan;08/06/2025;5;pelayanannya mantap;;
dwi mazanova;09/02/2025;5;mudah, mantap Honda;;
Agung Praka;02/06/2025;5;ok pelayanan ny;;
Karisma Jaya;18/05/2021;5;Sangat membatu;;
Aida Novianti;18/04/2025;5;pelayanan baik;;
Jimmy Willis;06/05/2025;5;pelayanan service yg prima;;
jackson jackson;10/12/2024;5;mantap sekali;;
Mohammad Idris;13/01/2025;5;ok sangat berguna;;
Mecca channel;30/01/2025;5;pelayanan prima;;
Mas Bro;12/07/2025;5;layanan baik;;
Heni Susanto;14/02/2023;5;sangat membatu;;
Nofvy Atmojo;08/04/2025;5;sangat membantu;;
Anton Lirpa;09/07/2025;5;sangat puas,dgn pelayananya.👍👍👍;;
Vicko Devino;08/01/2025;5;sangat membantu;;
Ariyonas Kristianto;27/03/2025;5;sangat membantu;;
Brian Mokolomban;13/03/2025;5;sangat membantu;;
Angga Nugraha;07/04/2025;5;sangat membantu;;
Pengguna Google;22/10/2018;5;sangat membantu;;
Fredy eka;01/03/2025;5;merasa puas...;;
Taj Erwin;21/03/2025;5;mantab pelayanannya;;
Amir Samsung;24/06/2025;5;pelayanan baik;;
rikki saing saing;21/05/2025;5;pelayanan baik;;
Yayan Prasetiyo;19/05/2025;5;pelayanan Bagus;;
Soeparna Soeparni;15/04/2025;5;pelayanan memuaskan;;
Ahmad Latif;27/01/2025;5;sangat membantu;;
Fahma Kurniasih;14/11/2024;5;pelayanan baik;;
Kurnia Endah Lestari;31/12/2024;5;ok punya swipp;;
Yulianti Agustina (C.2310227);11/07/2022;5;Muhammad Gunawan Pulungan;;
Sekarningsih aksa;24/06/2025;5;pelayanan baik;;
Pengguna Google;16/04/2020;5;Cepat bgt..bgus;;
IRWAN SAFARI (Irwan);02/02/2023;5;Memudahkan;;
Arui Ramadhani;26/02/2025;5;pelayanan ok;;
Muhammad diah;22/10/2024;5;Amal didunia;;
Lukman Hakim;28/03/2026;5;good;;
Yoesuf;17/01/2026;5;ok;;
Limeria Sangga;08/12/2025;5;oke;;
Ahmed Setiawan;19/01/2026;5;ok;;
Edi Nadia;30/10/2025;5;terima kasih;;
zainal jo;07/10/2025;5;sangat baik ,...;;
Lindu Purnomo;01/12/2025;5;memuaskan;;
Dedi Supandi;10/08/2025;5;membantu;;
ALBERKO;07/10/2025;5;memuaskan;;
Muhammad Zaini;19/12/2025;5;terbaik;;
elfridagusti gultom;05/10/2025;5;good service;;
Dema Wikatama;15/07/2025;5;good app, easy to our car maintenance booked.;;
Azalea Umaiza;23/06/2025;4;bagus;;
R Han;27/06/2025;4;ok;;
Tody F;08/07/2025;4;praktis;;
Muhammad Farikhin;07/07/2025;4;lumayan ok;;
Fatha Rachmana;08/07/2025;5;Bagus;;
Trimana Trimana;06/07/2025;5;responsif;;
Nasril Afriandy;07/07/2025;5;keren;;
Khairuddin;08/07/2025;5;Mantap;;
Arif Hidayat;29/06/2025;5;ok;;
Kusmulyadi Yadi;08/07/2025;5;mantap;;
soe onedy;02/07/2025;5;ok;;
Echa Okdinata;03/07/2025;5;bagus;;
Sandi Kurniawan;28/07/2025;5;good;;
Eka Cerya panca karsa;02/07/2025;5;mantap;;
EMY CORINA;04/07/2025;5;puas;;
wahid efendi;27/06/2025;5;good;;
iwan jtk;23/06/2025;5;mantap praktis;;
kartika dewi;03/07/2025;5;sangat efisien;;
zaenal arifin;27/06/2025;5;good aplikasi;;
Achmad Bustomi;22/06/2025;4;praktis;;
Setyawan ahmad;16/06/2025;5;good;;
Yoga Asprila;20/06/2025;5;good;;
Harmoko Studio;23/06/2025;5;membantu;;
Milfa Yetti;17/06/2025;5;sangat baik;;
Gunawan Varta Adrian;11/06/2025;5;ok;;
Arrayan Arrahahman;12/06/2025;5;Perfect;;
Albar El Fajry;09/06/2025;5;memudahkan dalam booking service 😁👍;;
Bob Yanto;09/06/2025;5;Bagus;;
Indra Iriandi;05/06/2025;5;bagus;;
Tri M;05/06/2025;5;ok;;
Santo Zen;03/06/2025;5;memudahkan booking service;;
florentina merry;30/05/2025;5;ok;;
MJ PRASETIO;03/06/2025;5;oke banget;;
Soekarno Hatta;30/05/2025;5;Aplikasi Mantap;;
Yeyentimalla Edison;21/05/2025;5;Honda e-Care amat memudahkan booking servis. Keren!;;
Djati asromo;21/05/2025;5;APROVE;;
david aritonang;07/05/2025;5;mantap;;
Kiki Hadi Wiratno;19/05/2025;5;oke;;
Agung Gumelar;08/05/2025;5;good;;
Ade Sulaeman;08/05/2025;5;ok;;
sulis handoko;03/11/2025;5;bagus;;
Fiko Perina;17/05/2025;5;terbaik;;
yosep kusnandar;12/05/2025;5;good;;
heskiano goeltom;12/05/2025;5;good;;
roza edison;27/05/2025;5;Terimakasih;;
RMF Chanel;05/05/2025;5;mantap;;
rijek sinambela;04/05/2025;5;bagus;;
Heru Prasetya;08/05/2025;5;bermanfa at;;
Bambang Sunardi;09/05/2025;5;service excellence;;
Hery Rasya;05/05/2025;5;sangat sempurna;;
Muhammad Rozali;26/05/2025;5;Good Services;;
Koes Rhiada;21/05/2025;5;👍👍👍👍👍;;
Kusumastuti Lailiyah;19/03/2025;4;sangat membantu booking service;;
Dede Kusnandar;28/02/2025;5;Ok memudahkan booking servis, dll;;
Aufar Quinsa;06/03/2025;5;great app,, memudahkan service mobil;;
Haicel Chrisiyanto;12/03/2025;5;cool guys, no ribet;;
kholili cnc;08/04/2025;5;booking service lebih mudah 👍👍👍;;
Hani Sofiyur;06/05/2025;4;the best;;
Rita Trisno;15/04/2025;5;good job cepat aplikasi;;
Agus Winarso2024;15/03/2025;5;semakin mudah booking servive;;
Agus Widarto;25/03/2025;5;App Usher Friendly;;
ENJANG MUNIP;17/04/2025;5;Aplikasi user friendly;;
Adrien Presto;15/03/2025;5;ok;;
RikaSaswanti;16/04/2025;5;baguss;;
Ramdani oke oke;08/04/2025;5;bagus;;
b fahd;09/04/2025;5;bagus;;
Dewa sugiarta;11/05/2025;5;baik;;
Tico Wijaya;13/04/2025;5;bermanfaat;;
RUSDIANTOLaw advokat;15/04/2025;5;ok;;
Lukman Cahyadi;19/04/2025;5;good;;
Sondi Musa Sonjaya;27/03/2025;5;keren;;
Ghufran Ardiansyah;21/03/2025;5;mantap;;
Muhamad Nuroddin (PauL);25/03/2025;5;good;;
Artha labu91;25/03/2025;5;mantap;;
Cepi BKK SMK Tri Mitra;28/05/2025;5;good;;
Iyan Rubiyana;10/04/2025;5;terbaik;;
eko hardiyanto;17/03/2025;5;mantab;;
Senandung cantik;25/03/2025;5;mempermudah;;
Eduard Ambarita Edo;22/03/2025;5;good;;
lukmanul hakim;08/03/2025;5;ok;;
Nono Sudiono;19/04/2025;5;ok;;
Perkumpulan Sanggar Silibet;28/02/2025;5;mantap;;
Fakih Fauzan;08/04/2025;5;lancar;;
Resa Ahyadi; ST;09/04/2025;5;good;
Agoes Joko;17/03/2025;5;mantab;;
Bradewa Garudatullah;03/03/2025;5;mantap;;
Capt Moralis;28/02/2025;5;oke;;
Naiva Zahra;21/03/2025;5;bagus;;
Andreas Tulus;02/04/2025;5;bagus;;
Ambo Enre;18/04/2025;5;Good;;
Master AssassiN;25/03/2025;5;nice;;
Soeswantoro Soeswantoro;13/03/2025;5;ok;;
Avica Cyi;18/04/2025;5;bagus;;
Asep Slamet;28/02/2025;5;oke;;
IRWAN TEZA;27/02/2025;5;terbaiiiiiiikkkk......;;
Mulkan Matondang;22/04/2025;5;service excellent;;
Herman Syah;03/03/2025;5;lebih praktis;;
Grestya Ratu;14/04/2025;5;lokasi strategis;;
Joko Sulistiono;15/03/2025;5;bagus mantap;;
Budiyanto Musafir;19/03/2025;5;very helpfull;;
Adit Revan;22/04/2025;5;sangat mmbantu;;
Bambang Hermawanto;04/03/2025;5;cukup bagus;;
ricky po;28/03/2025;5;good app;;
Zara Shaqueena Maharani;26/03/2025;5;👍🏼;;
NUR SODIK;26/02/2025;5;good;;
robi vernandes;23/02/2025;5;baik;;
mukhammad toha;20/02/2025;5;good;;
Syahripul Mahya;23/02/2025;5;mantap;;
MR Kurnia;22/02/2025;5;kereen;;
Urip p;23/02/2025;5;ok;;
Pahmi Ami;21/02/2025;5;memuaskan;;
Putu Anindita Saraswati Wiguna;24/02/2025;5;bagus;;
Arik Purnomo;17/02/2025;5;lebih mudah;;
Eko Agustian;25/12/2024;5;Fast dealer response, good problem handling & solving, comfortable communication;;
Abdul Dolah;23/12/2024;5;GooD Aplikasi from Honda e care...;;
nyimas dewi;27/01/2025;5;sangat membantu dengan adanga honda e-care;;
Rafael Benjamin93;13/01/2025;5;mempermudah proses booking service 👍;;
Didin Ruhudin;13/01/2025;5;honda e care memudahkan customer;;
Muhammad Roffi;28/12/2024;3;Biasa saja;;
Andreas Mulyatno;06/01/2025;3;agak ribet;;
Machnun Kediri;03/01/2025;5;ok mantap.;;
ibnu mukhlis;03/01/2025;4;ok.mantap;;
Yuli Nurul;24/01/2025;5;memudahkan untuk booking service;;
Sayogi88 Yogi;06/01/2025;5;oh yes banget;;
Imam Nurwahyudi;13/01/2025;5;mantap;;
Wahyu Perdana;23/01/2025;5;mantap;;
Abdullah Shahab;06/01/2025;5;praktis;;
Budi yanto;22/01/2025;5;good;;
Vera Wati;05/02/2025;5;mempermudah;;
yahya setiawan;27/01/2025;5;good;;
Yobi Efrizal;25/01/2025;5;siip;;
Aroy Sandria;07/01/2025;5;mantapp;;
dian anggraeni;30/01/2025;5;Simple;;
Heru Subroto;26/12/2024;5;good;;
Sudirman Iman;05/01/2025;5;mntappp;;
Uum Pajriah;05/02/2025;5;ok;;
Franky Gerungan;06/01/2025;5;good;;
Stepanus Catur Prasetyo;04/02/2025;5;mantap;;
Mahmud Yunus;16/01/2025;5;mantap;;
Gusti Herry;24/01/2025;5;keren;;
Dennis Sitompul;29/01/2025;5;nice;;
jj a;28/12/2024;5;okay;;
Rohmat Hidayat;14/01/2025;5;ok;;
Rifqi Ahmad;07/02/2025;5;bgus;;
Ayam penyet ABP;15/01/2025;5;Mantep;;
Happy Trisna;12/02/2025;5;Ok;;
Ninis Anggraini;02/02/2025;5;bagus;;
Fahrurazi Tarok;02/01/2025;5;mantap;;
Riyan Indriyanto;27/12/2024;5;ok;;
Ridwan Habri;21/01/2025;5;Terpercaya;;
Valcres;17/02/2025;5;jossss;;
Tri Krisdianto;06/01/2025;5;Mantabs;;
miki mahardi;15/02/2025;5;ok;;
erwin ardiansyah;26/01/2025;5;oke;;
rifki ade;12/02/2025;5;mantap;;
supri iday;08/01/2025;5;baik;;
Deni Tujuh Sembilan;14/02/2025;5;mantap;;
bramantya kurniawan;30/01/2025;5;mantap;;
Rizal Falani;06/02/2025;5;siiip;;
edwin gustiawan;06/02/2025;5;top;;
Juan Apriyana;10/02/2025;5;mempermudah;;
Yosep Arif Budiawan;06/01/2025;5;Ok;;
Rudi yanto;16/02/2025;5;mantap;;
Hanif Aufa Diony Nandana;18/01/2025;5;keren..;;
Rudiyanto java;20/01/2025;5;sangat mudah;;
Erna Londa;30/01/2025;5;Respon cepat;;
Ifan;01/01/2025;5;boking lancar;;
DVT;11/02/2025;5;sangat baik;;
Muslihin Muslihin;12/02/2025;5;sangat baik;;
Putu Shyera;18/02/2025;5;sangat bagus;;
Shandy Sorby;20/01/2025;5;Sangat bagus;;
Edy Hate;21/01/2025;5;mantap lancar;;
marsen renold;14/01/2025;5;sangat puas;;
Liston Sirait;30/12/2024;5;Sangat puas;;
YOGA SETYAWAN;17/01/2025;5;good Job;;
Ridwan Rosyadi;15/12/2024;5;bagus service appsnya;;
Ardi Nugroho;20/12/2024;5;Good !!!;;
Lexi Tular;29/05/2025;5;keren;;
Jumrah Suherman;15/12/2024;5;good;;
Christian Bernhard;22/12/2024;5;ok;;
Slamet Munaji;07/12/2024;5;good;;
Frandika Septa;17/12/2024;5;mantap;;
Alex;10/12/2024;5;Baik;;
Mokhamad Sirojudin;12/12/2024;5;mantap;;
zay zay;08/12/2024;5;good;;
raeli rofsasantani;13/01/2025;5;bagus;;
Fachry Amirudha;21/12/2024;5;mantapp;;
Sigit Aryanto;12/12/2024;5;jhoss gandhos;;
Agus Setiono;15/12/2024;5;bagus banget;;
ZKZ;14/12/2024;5;mantul banget;;
Firman Sitohang;12/12/2024;5;Coba dlu;;
Mkdarhdm;09/12/2024;5;👍🌹;;
Rian Rizaldi;25/11/2024;3;system masih slow respond;;
HMBE68;25/11/2024;5;honda e-care is excellence services.....👍;;
Lufthy Safwan;04/12/2024;5;good;;
mang kadick;20/11/2024;5;mantap;;
Istahal Ammar;16/11/2024;5;bagus;;
nilam sari;14/04/2025;5;baik;;
Opik Gaming;02/12/2024;5;mantul;;
Nasution Iqbalkadir;01/12/2024;5;mantap;;
Fasih Fasih;21/11/2024;5;ok;;
Didi Saputra;25/11/2024;5;oke juga;;
Ardan Syarifuddin Kadir;14/12/2024;5;good;;
Handi Speed;19/11/2024;5;terbaikkkkkkk;;
al hafi;07/12/2024;5;ok;;
Ahmad Syafii;25/11/2024;5;Baik;;
rismawati wati;02/12/2024;5;Menarik;;
Ferdinand Simamora MSc;28/11/2024;5;memuaskan;;
Esa Adetama;20/11/2024;5;baru coba;;
Arya Hakiem;19/11/2024;5;pokoke is the best;;
ben sasongko;02/12/2024;5;fungsional banget;;
Gianluigi Gibran;29/11/2024;5;good aplikasi;;
Ferry Nurdiansyah;02/12/2024;5;nice APP;;
Miftaqul Ulum;19/11/2024;5;👍;;
Gufron Alkiandra;09/12/2024;4;sepp dah..;;
Muhammad Nur;14/11/2024;5;ringkas;;
jhonveris alvredo;14/11/2024;5;respon cepat;;
Sarti Ningsih;11/11/2024;5;bagus;;
Bobby Orboy;30/10/2024;5;Bagus;;
BUDI SANTOSO;07/10/2024;1;Jelek banget;;
didiet dinarta;22/10/2024;4;Memuaskan;;
bambang heryanto;03/10/2024;5;Memuaskan;;
suyadi cakra;06/02/2025;4;idem;;
alec jeep;28/08/2024;5;Mantap;;
Muhammad Irham;03/09/2024;5;ok;;
Yanti;20/01/2025;5;Sangat bagus;;
Danny Depramez;11/06/2024;5;Mempermudah proses booking service;;
Samsung J7;16/06/2024;5;Pas;;
Malaikat Shubuh;23/06/2024;5;Nice Nice;;
Tonni Budiardjo;30/05/2024;5;Good;;
Sunaryo;05/05/2024;5;Oke;;
Nola Ponsel;25/04/2024;5;Baik;;
Kanda Cong;22/03/2024;5;Sangat baik;;
Imam Kamalik;19/12/2023;4;STNK lambat;;
Slamet Hidayat;17/12/2023;5;Best;;
Eko Rachmat Priyadi;15/12/2023;5;Memuaskan;;
Elyta Nova;29/09/2023;5;Honda e-care paling oke;;
Dany JPC;09/10/2023;5;Mantabb;;
Hadadi Hadadi;26/09/2023;5;Ok;;
Basri Lantehceh;12/09/2023;5;Bagus;;
Budi Santoso;29/10/2023;5;Good aplication;;
Zia Rachmat;25/09/2023;5;Top markotop;;
Ketut Sedanarata;10/10/2023;5;Bagus.....;;
Taopik Robina;15/07/2023;4;Mantap;;
Wiyono Yono;19/07/2023;5;Bearing compresor honda freed;;
Gamar Pratama;27/05/2023;2;Update sebelumnya force close, sekarang stuck di loading;;
Arif monggo cassablnca99;27/05/2023;5;Ok;;
Anthoni Susanto;01/05/2023;1;Ribet;;
Nazrin Auto;27/04/2023;1;Ribet;;
Saepudin 3009;11/04/2023;5;Sangat memudahkan saat booking service.;;
robby pratama;24/08/2023;5;Good;;
Rojalul Webb;28/02/2023;5;Mantap;;
Edi Wicaksono;29/11/2024;5;Baik;;
mulyani ulhy;05/03/2022;2;Tidak bisa di tambahkan padahal sudah isi nomor rangka dan lain2nya Perbaikan dong min, biar lebih mudah;;
suharno spd;13/09/2022;5;It's ok;;
Zilong Savage;11/05/2022;1;Rak cetho;;
Muhammad Zahran;13/03/2022;2;Gabisa login;;
DENNY MEDIA;02/06/2022;5;Mantap;;
Satiya Satuhu;06/09/2022;5;Good;;
Panji Syahputra;25/07/2022;5;Mantappp;;
Andy Honda Semarang;25/08/2022;5;Mantap;;
Aris Wicaksono;25/08/2022;5;Mantap;;
Sunarto Adi;12/10/2022;5;Bagus;;
R. Eko Prasetyo Adi Pranoto Spn;03/09/2022;5;Siiip;;
Azwar Azwar;07/10/2022;5;Bagus;;
syahruddin S.;26/12/2022;5;Bagus;;
Reza Mirza;03/09/2022;5;Mantap;;
Azis SFN;05/02/2022;5;Nice app;;
Wiranto Anto;16/11/2022;5;Ok pokoknya;;
Ahmad Fikri Zulfikar;07/04/2022;5;Sudah bagus;;
metharis hervi;25/08/2022;5;Nice aplikasi;;
Ar Syah29;09/03/2022;5;Forr busnesss;;
Suwardi;19/01/2022;5;Ok;;
Koswara -;08/01/2022;5;Ok;;
Raden Rozali;20/10/2021;5;App mantap 👍;;
Akbar Rizki;22/11/2021;1;Apk sampah;;
fery fernando;30/10/2021;1;Jelek;;
Agus Priyono;05/07/2021;5;Simple;;
Donny Alexandra;25/10/2021;1;Parah.......;;
Nurkholis;16/02/2021;3;Error : Http 500 internal server error;;
muhammad hasyim;08/03/2021;5;Ok;;
Sembuang 88;09/02/2021;5;Oke;;
ccoanugerah kasihputera;23/11/2023;5;Ok;;
Sukrons Kron;10/12/2020;5;Okeh;;
Fikri Nugraha;26/11/2020;5;Great apps;;
Herman Yosef;19/02/2021;5;👍;;
Ahmad Ismail;06/08/2022;5;👍;;
Key Kurniawan;17/09/2020;5;Nice Apps;;
Pengguna Google;13/04/2019;5;good job thanks😁😇😎;;
achmad joni afriyanto;04/05/2020;5;Mantap tap 👍🤝;;
Pengguna Google;26/04/2019;4;ok;;
Pengguna Google;28/07/2020;4;Bagus;;
Pengguna Google;10/06/2019;5;ok;;
Pengguna Google;17/07/2019;5;mannnnnntaaaaaap;;
Pengguna Google;24/04/2019;5;mantthuull;;
Anton alhakim;11/07/2020;5;Ok;;
Pengguna Google;01/04/2019;5;ok;;
Pengguna Google;15/05/2019;5;ook;;
Pengguna Google;04/04/2019;5;ameziiinnggg;;
Pengguna Google;19/07/2019;5;good;;
Pengguna Google;29/03/2019;5;siip;;
Pengguna Google;29/03/2019;5;bagus;;
Pengguna Google;29/03/2019;5;ok;;
Pengguna Google;21/04/2020;5;top;;
Pengguna Google;05/04/2019;5;bagus;;
Pengguna Google;03/02/2020;5;First to try;;
Pengguna Google;03/04/2019;5;baguss...;;
Erlin Taty;01/12/2022;5;👍👍👍👍👍👍👍👍👍;;
Pengguna Google;19/12/2018;5;bagus;;
Pengguna Google;03/01/2019;5;muantap;;
Pengguna Google;03/07/2018;3;Bintang 3 dulu, aplikasi nya sudah lebih baik dari yg sebelum nya, hanya ;;
saja belum bisa pilih dealer saat melakukan booking untuk wilayah Padang ;;;;;
"Sumatra barat.""";;;;;
Pengguna Google;28/07/2018;3;Aplikasi nya ga bisa lgs dibuka, selalu lewat play store, knp ya..;;
Pengguna Google;09/04/2019;5;Good;;
Pengguna Google;28/11/2018;5;Mantap honda;;
Pengguna Google;17/08/2018;5;Josht Gandos;;
Deddy Winoto;15/01/2025;5;adanya booking service dari honda e-care sangat membantu sekali, good job👍👍👍;;
asraf kiw;24/09/2021;5;K up my j ng g ng b my the! K mhee my m my ng mhee kit;;
Wilryansaputra Ryan;06/03/2024;1;Update app ngebug;;
Hada Husaeni;16/08/2022;5;Top markotop....👍👍👍;;
Pengguna Google;08/07/2019;3;bagusss;;
Pengguna Google;28/03/2019;1;ok;;
Andreas Budiono;15/06/2020;5;👍🏻 good;;
Almar R Khansa;07/10/2021;5;Almar Rajendra Khansa;;
Ardiles Gosal;03/08/2021;1;Erdfaae;;
MADE HENDRA;20/07/2022;1;Ribet;;
Pengguna Google;15/02/2019;5;ok;;
Pengguna Google;07/07/2019;2;mantap;;
Czz Ikmal;08/08/2023;5;Mempermudah;;
Agoes Choirul Alim;25/02/2023;5;Mantap;;
Logam Mulia;13/04/2023;5;Bagus;;
Rochman Wijayanti;14/04/2026;5;okey;;
Niti Syachrenggo;05/09/2020;5;Ok;;
Sugi Anto;07/08/2021;5;Bagus;;
Reza Aprianto;23/10/2025;5;bagus;;
mr kubond;26/03/2025;5;good;;
A; Roy;03/03/2026;5;awesome;
TOTOK WIJATMOKO;30/06/2021;5;Ok;;
any santy;09/12/2020;5;Mantab;;
Andi Sinawan;24/05/2022;5;Ok;;
Pengguna Google;23/11/2019;5;Ok;;
Eddy Wiyose;29/09/2023;4;👍👍👍👍;;
Pengguna Google;19/07/2018;5;Mantap;;
Shelvy elvaira Putri;08/02/2021;5;Top 👍👍;;
Korneles Wellikin;23/11/2022;5;Sangad membantu;;
Sun Sun;14/10/2022;5;Mantap honda;;
Hms Team;23/06/2025;5;aplikasi bagus;;
mura muri;12/03/2024;5;Ok sip;;
SANDI ADAM;30/10/2022;5;Apk mantap;;
UGENG GENA A PUTRI;23/06/2024;5;Sangat memuaskan;;
Jhon Lee;15/02/2023;5;👍;;
